client_id,client_type,first_name,last_name,date_of_birth,gender,country,region,acquisition_purpose,satisfaction_score,loan_applied,referral_channel,age,loan_applied_flag,num_purchases,total_spend,avg_purchase_price,max_purchase_price,total_floor_area,first_purchase_date,last_purchase_date,n_apartment,n_office,n_towers,is_multi_unit_buyer,tenure_days,pct_office_units,has_purchase,cluster,cluster_hierarchical,segment_name,pca_1,pca_2
C0001,Individual,Kareem,Liu,1968-05-11,F,Usa,California,Home,4,Yes,Website,57.6,1,4,1246764.72,311691.18,496266.41,3935.54,2024-10-01,2025-12-01,4,0,4,1,426,0.0,1,2,0,First-Time Buyers,-0.08565897659952454,-0.9383068512363288
C0002,Individual,Trystan,Oconnor,1962-11-26,M,Usa,California,Home,1,No,Website,63.1,0,5,1841095.9300000002,368219.18600000005,505127.63,5939.71,2024-01-01,2025-12-01,5,0,5,1,700,0.0,1,0,1,Global Investors,2.6754241110936334,-0.6387654221568327
C0003,Individual,Kale,Gay,1959-04-07,M,Usa,California,Home,4,Yes,Agency,66.7,1,5,1661457.5899999999,332291.518,584611.99,5290.55,2024-07-01,2025-10-01,5,0,5,1,457,0.0,1,0,0,Global Investors,1.941077366825394,-1.4420028179519793
C0004,Individual,Russell,Gross,1959-11-25,M,Usa,California,Home,5,No,Website,66.1,0,6,1608263.51,268043.91833333333,606634.75,5622.62,2024-02-01,2025-08-01,6,0,5,1,547,0.0,1,0,1,Global Investors,2.306416155682975,-3.0371831766831967
C0005,Company,Marleez,Co,1976-02-28,M,Usa,California,Investment,5,No,Website,49.8,0,13,3653385.38,281029.64461538463,628812.33,12054.85,2024-02-01,2025-05-01,13,0,5,1,455,0.0,1,3,3,Luxury Investors,12.763753416281014,-6.811064317500659
C0006,Individual,Yurem,Wright,1957-03-06,M,Usa,California,Home,3,Yes,Website,68.8,1,5,1514131.06,302826.212,435031.4,4947.95,2024-01-01,2025-11-01,5,0,5,1,670,0.0,1,2,0,First-Time Buyers,1.373604880147236,-1.648692260894874
C0007,Individual,Xavier,Faulkner,1947-05-24,M,Canada,Quebec,Investment,5,No,Website,78.6,0,11,3251147.83,295558.8936363636,484458.03,10952.63,2024-01-01,2025-12-01,11,0,6,1,700,0.0,1,3,3,Luxury Investors,10.608606140042342,-5.919821449833155
C0008,Individual,Kayden,Olsen,1969-10-17,F,Usa,California,Home,5,No,Website,56.2,0,5,1476730.4100000001,295346.08200000005,537291.01,5155.53,2024-03-01,2025-03-01,4,1,5,1,365,0.2,1,0,1,Global Investors,1.428762621128027,-1.670137613899595
C0009,Individual,Joaquin,Mullins,1975-10-05,M,Usa,California,Investment,5,No,Agency,50.2,0,5,1820832.35,364166.47000000003,580903.05,6528.22,2024-12-01,2025-05-01,4,1,4,1,151,0.2,1,0,1,Global Investors,2.9947491659851053,-0.8033798117002994
C0010,Individual,Nicolas,Navarro,1966-06-17,M,Usa,Oregon,Investment,3,No,Agency,59.5,0,5,1732434.0,346486.8,480540.62,5701.03,2024-03-01,2025-09-01,4,1,4,1,549,0.2,1,0,1,Global Investors,2.2923081326450254,-0.8159631200660084
C0011,Individual,Laci,Guerra,1956-06-17,F,Usa,California,Home,2,Yes,Website,69.5,1,5,1325211.52,265042.304,473195.39,4679.57,2024-11-01,2025-09-01,4,1,5,1,304,0.2,1,2,0,First-Time Buyers,0.7123521021452034,-1.5901916137495633
C0012,Company,Kylax,Co,1975-04-25,M,Usa,California,Investment,5,No,Website,50.7,0,4,1599526.4,399881.6,529317.28,5269.78,2024-10-01,2025-03-01,4,0,4,1,151,0.0,1,0,1,Global Investors,1.6346559853635048,-0.17236983842726836
C0013,Individual,Harley,Lucero,1962-08-10,M,Usa,California,Home,1,Yes,Website,63.4,1,5,2142750.89,428550.178,562818.96,7036.88,2024-09-01,2025-10-01,5,0,4,1,395,0.0,1,0,1,Global Investors,4.037551981647844,0.12751176253284205
C0014,Company,Esther,Co,1980-07-10,M,Usa,California,Home,3,Yes,Website,45.5,1,4,1548140.0699999998,387035.01749999996,531267.61,5122.17,2024-10-01,2025-08-01,4,0,4,1,304,0.0,1,0,0,Global Investors,1.3281709038083283,0.23966554338816135
C0015,Individual,Jaylynn,Hickman,1941-08-19,F,Usa,California,Home,5,No,Client,84.4,0,5,1585907.37,317181.47400000005,426442.43,5153.82,2024-07-01,2025-06-01,5,0,4,1,335,0.0,1,0,1,Global Investors,1.776262813439751,-2.2121277990719213
C0016,Individual,Olivia,Oconnell,1939-09-03,F,Usa,California,Investment,5,No,Website,86.3,0,4,1010217.73,252554.4325,287917.8,3368.58,2024-03-01,2025-10-01,4,0,4,1,579,0.0,1,1,2,Personal-Use Buyers,-0.9415891432345754,-2.3384365891549126
C0017,Individual,Antonio,Porter,1977-01-08,M,Usa,Arizona,Home,3,No,Client,49.0,0,5,1778693.75,355738.75,568732.24,5979.07,2024-02-01,2025-02-01,4,1,4,1,366,0.2,1,0,1,Global Investors,2.5455111374789854,-0.5565205829205321
C0018,Individual,Luke,Lynn,1967-02-07,M,Usa,California,Home,2,Yes,Agency,58.9,1,4,1061478.67,265369.6675,461655.95,3655.33,2024-03-01,2025-04-01,4,0,4,1,396,0.0,1,2,0,First-Time Buyers,-0.8588321084362943,-1.0860242814999808
C0019,Individual,Anahi,Curry,1957-09-09,M,Usa,California,Home,5,Yes,Client,68.3,1,4,1773474.26,443368.565,599245.34,5608.17,2024-02-01,2025-11-01,2,2,4,1,639,0.5,1,0,1,Global Investors,2.3786615007366443,0.8726389811257314
C0020,Individual,Camille,Sharp,1967-10-17,F,Usa,California,Home,5,No,Website,58.2,0,4,1508032.25,377008.0625,505470.6,5228.32,2024-05-01,2025-08-01,4,0,4,1,457,0.0,1,0,1,Global Investors,1.3832415852666298,-0.5493227244342591
C0021,Individual,Jesus,Obrien,1938-06-09,M,Usa,Oregon,Investment,3,No,Website,87.6,0,6,1928172.72,321362.12,555614.35,6173.16,2024-04-01,2025-06-01,6,0,5,1,426,0.0,1,3,1,Luxury Investors,3.377515074114969,-2.4848476321863
C0022,Individual,Araceli,Nelson,1966-09-14,M,Germany,Berlin,Investment,5,No,Agency,59.3,0,4,1372403.2,343100.8,453294.55,4989.9400000000005,2025-04-01,2025-10-01,4,0,4,1,183,0.0,1,0,1,Global Investors,0.8151890213450831,-0.8811303360900431
C0023,Individual,Cole,Taylor,1958-12-06,M,Usa,California,Home,3,Yes,Website,67.1,1,5,1457871.69,291574.338,408265.89,4741.9400000000005,2024-01-01,2025-09-01,5,0,5,1,609,0.0,1,2,0,First-Time Buyers,1.1122773507411434,-1.7406258276102882
C0024,Individual,Alonso,Terrell,1963-11-05,M,Usa,California,Investment,4,No,Website,62.2,0,6,1884156.9000000001,314026.15,560195.06,6322.41,2024-02-01,2025-09-01,6,0,5,1,578,0.0,1,3,1,Luxury Investors,3.2992696922145806,-2.30172006406514
C0025,Individual,Rodolfo,Gibson,1937-01-20,M,Usa,Nevada,Home,2,Yes,Website,88.9,1,5,1694448.83,338889.766,518174.75,5602.88,2024-01-01,2025-04-01,5,0,5,1,456,0.0,1,0,0,Global Investors,2.220496472093293,-1.4335379181375485
C0026,Individual,Joseph,Reeves,1962-09-23,M,Usa,California,Investment,5,No,Website,63.3,0,10,2932241.75,293224.175,436987.95,10023.83,2024-03-01,2025-09-01,9,1,7,1,549,0.1,1,3,3,Luxury Investors,9.027755742844212,-4.953227523917482
C0027,Individual,Grant,Weber,1968-09-08,M,Usa,California,Home,5,Yes,Website,57.3,1,5,1517969.44,303593.888,427086.44,5351.17,2024-01-01,2025-03-01,3,2,4,1,425,0.4,1,0,0,Global Investors,1.6462393790992738,-1.170901558716705
C0028,Individual,Ava,Phelps,1958-04-15,F,Usa,California,Home,3,No,Client,67.7,0,5,1791082.79,358216.558,512682.59,6331.83,2024-09-01,2024-12-01,4,1,5,1,91,0.2,1,0,1,Global Investors,2.8204586826458993,-0.8449280681327502
C0029,Individual,Kyla,Walker,1976-02-26,F,Usa,Colorado,Home,4,Yes,Agency,49.8,1,4,1247795.31,311948.8275,410549.3,3972.2,2024-07-01,2025-09-01,3,1,3,1,427,0.25,1,2,0,First-Time Buyers,-0.10331877631617112,-0.3975512387644282
C0030,Individual,Alanna,Hess,1952-06-19,F,Usa,Nevada,Home,3,No,Website,73.5,0,4,1547311.29,386827.8225,545645.2,5117.49,2024-04-01,2025-10-01,4,0,4,1,548,0.0,1,0,2,Global Investors,1.419119325115127,-0.3687811303556557
C0031,Individual,Skylar,Buchanan,1977-12-25,M,Usa,Nevada,Home,4,Yes,Website,48.0,1,5,1077148.21,215429.642,258061.02,3386.7,2024-02-01,2025-12-01,4,1,5,1,669,0.2,1,2,0,First-Time Buyers,-0.6152249598678947,-2.0975419020298602
C0032,Individual,Rodrigo,Robinson,1966-08-11,M,Usa,California,Home,4,No,Website,59.4,0,5,1888995.1600000001,377799.032,490429.65,6412.64,2024-01-01,2025-05-01,4,1,5,1,486,0.2,1,0,1,Global Investors,3.149263198470766,-0.6724843844826055
C0033,Individual,Lydia,Tate,1968-08-14,F,Usa,California,Home,3,Yes,Website,57.4,1,4,1404998.67,351249.6675,376964.62,5001.73,2024-04-01,2025-07-01,3,1,4,1,456,0.25,1,2,0,First-Time Buyers,0.9029574626532305,0.03531906944016226
C0034,Individual,Lauryn,Patrick,1969-10-30,F,Belgium,Brussels,Home,2,No,Agency,56.2,0,5,1632608.66,326521.73199999996,508462.97,5802.780000000001,2024-06-01,2025-07-01,5,0,4,1,395,0.0,1,0,1,Global Investors,2.0225481596226964,-1.0981618136607854
C0035,Individual,Diego,Mendez,1965-05-12,M,Mexico,Mexico City,Home,3,No,Agency,60.6,0,5,1987876.4,397575.27999999997,539968.61,7228.76,2024-09-01,2025-09-01,5,0,5,1,365,0.0,1,0,1,Global Investors,3.7502703760378653,-0.5767694949340957
C0036,Individual,Victor,Jensen,1973-09-01,M,Usa,California,Home,4,No,Website,52.3,0,4,1173683.53,293420.8825,437900.49,3853.3,2024-01-01,2025-06-01,4,0,4,1,517,0.0,1,1,2,Personal-Use Buyers,-0.3488231797954429,-1.1648331313277043
C0037,Individual,Scarlet,Hendricks,1962-01-20,F,Usa,California,Home,5,Yes,Website,63.9,1,5,1607228.75,321445.75,482067.87,5091.84,2024-07-01,2025-10-01,5,0,4,1,457,0.0,1,0,0,Global Investors,1.747898491150534,-1.7040901078840032
C0038,Individual,Janelle,Espinoza,1974-12-25,F,Usa,California,Investment,4,No,Client,51.0,0,4,1175129.27,293782.3175,407214.29,4420.49,2024-01-01,2024-06-01,3,1,4,1,152,0.25,1,1,2,Personal-Use Buyers,-0.07147497633373681,-0.7450046659152246
C0039,Individual,Aleksandra,Karenina,1967-06-13,F,Russia,Krasnodar Krai,Home,1,No,Agency,58.6,0,4,1858527.54,464631.885,626247.03,5462.72,2024-02-01,2024-12-01,3,1,4,1,304,0.25,1,0,1,Global Investors,2.3523135070035517,1.4606136496912117
C0040,Individual,Conner,Huff,1975-03-22,M,Usa,Nevada,Home,5,No,Website,50.8,0,6,1854608.29,309101.38166666665,507842.87,6286.8,2024-01-01,2024-12-01,6,0,5,1,335,0.0,1,3,1,Luxury Investors,3.216165814858775,-2.3322578595075525
C0041,Individual,Zain,Horne,1967-04-13,M,Usa,Arizona,Home,1,Yes,Website,58.7,1,5,1374460.79,274892.158,405898.92,4364.19,2024-04-01,2025-10-01,3,2,4,1,548,0.4,1,2,0,First-Time Buyers,0.621457633289577,-0.8306890464224045
C0042,Individual,Maia,Chandler,1975-08-12,F,Usa,Utah,Home,1,Yes,Website,50.4,1,4,1101390.25,275347.5625,364280.42,3655.37,2024-11-01,2025-08-01,3,1,4,1,273,0.25,1,2,0,First-Time Buyers,-0.7631377940842771,-0.3122533092274851
C0043,Individual,Jordyn,Park,1965-04-04,M,Usa,Nevada,Investment,3,Yes,Website,60.7,1,4,1126492.46,281623.115,467216.3,3934.02,2024-03-01,2025-10-01,4,0,4,1,579,0.0,1,2,0,First-Time Buyers,-0.46906629351623175,-1.1359761256767749
C0044,Individual,Diana,Hunt,1931-02-13,F,Usa,Arizona,Home,3,No,Website,94.9,0,4,1330493.26,332623.315,519866.77,4427.47,2024-02-01,2025-11-01,4,0,4,1,639,0.0,1,0,2,Global Investors,0.5024518892939952,-1.3032305004025118
C0045,Individual,Kevin,Mata,1968-10-12,M,Usa,Colorado,Investment,2,No,Agency,57.2,0,5,1463432.3599999999,292686.47199999995,592737.69,4568.87,2024-03-01,2025-09-01,5,0,4,1,549,0.0,1,0,2,Global Investors,0.9400622270440997,-1.4914027728221977
C0046,Individual,Brisa,Mckee,1964-09-24,F,Usa,California,Home,5,No,Client,61.3,0,8,2026517.4,253314.675,388515.14,6862.4400000000005,2024-01-01,2025-10-01,8,0,7,1,639,0.0,1,3,3,Luxury Investors,4.597702635666356,-4.317403640988984
C0047,Individual,Mason,Gilbert,1970-07-31,M,Usa,Colorado,Home,2,No,Agency,55.4,0,5,1438239.28,287647.856,459403.88,4767.84,2024-07-01,2025-10-01,5,0,5,1,457,0.0,1,0,1,Global Investors,0.9816174060532944,-1.5152108559360526
C0048,Individual,Derick,Li,1957-03-20,M,Usa,California,Home,3,Yes,Agency,68.8,1,4,1338718.0,334679.5,493044.25,4105.280000000001,2024-07-01,2025-05-01,4,0,4,1,304,0.0,1,2,0,First-Time Buyers,0.24096614201470473,-0.6927370408623369
C0049,Individual,Jace,Riggs,1971-08-20,F,Usa,California,Home,1,No,Website,54.4,0,4,1390091.2,347522.8,533120.65,4817.47,2024-01-01,2025-08-01,4,0,4,1,578,0.0,1,0,1,Global Investors,0.6805021300464571,-0.12223579842749045
C0050,Individual,Jair,Johns,1940-03-05,M,Usa,California,Home,5,No,Website,85.8,0,9,2744452.35,304939.15,486685.38,8941.58,2024-03-01,2025-04-01,8,1,7,1,396,0.111,1,3,3,Luxury Investors,7.764336138963625,-4.5903829099812485
C0051,Individual,Matilda,Madden,1941-03-03,F,Usa,Colorado,Home,3,No,Agency,84.8,0,4,1270440.42,317610.105,564388.0,4158.24,2024-05-01,2025-03-01,4,0,4,1,304,0.0,1,1,2,Personal-Use Buyers,0.1291416665711414,-1.2665481137828063
C0052,Individual,Myla,Ewing,1967-02-03,F,Usa,Oregon,Investment,2,No,Client,58.9,0,4,1474211.53,368552.8825,555271.92,4751.7,2024-02-01,2025-11-01,4,0,3,1,639,0.0,1,0,1,Global Investors,0.9075992260660367,-0.13677886843341736
C0053,Individual,Miguel,Walter,1954-01-07,M,Usa,Arizona,Home,4,No,Agency,72.0,0,4,1120539.44,280134.86,368589.72,3716.98,2024-04-01,2025-08-01,4,0,4,1,487,0.0,1,1,2,Personal-Use Buyers,-0.5390359406078263,-1.6138171347690486
C0054,Company,Bridger CAL,Co,1967-02-15,M,Usa,Nevada,Investment,5,No,Website,58.9,0,6,2109277.6,351546.26666666666,435374.92,6693.8,2024-01-01,2025-10-01,2,4,4,1,639,0.667,1,3,1,Luxury Investors,4.11179424473348,-0.982855601315934
C0055,Individual,Mara,Franco,1973-06-07,F,Usa,California,Home,5,Yes,Agency,52.6,1,4,1178979.21,294744.8025,416304.72,3959.3199999999997,2024-02-01,2025-12-01,4,0,4,1,669,0.0,1,2,0,First-Time Buyers,-0.2789483948061736,-1.1752893803384554
C0056,Individual,Erik,Mora,1964-12-07,M,Usa,Oregon,Investment,5,No,Agency,61.1,0,4,1579301.3599999999,394825.33999999997,559835.83,5422.39,2024-01-01,2025-10-01,3,1,4,1,639,0.25,1,0,1,Global Investors,1.67318968968286,-0.002967039573260683
C0057,Individual,Henry,Kennedy,1933-06-08,M,Usa,California,Home,4,Yes,Agency,92.6,1,5,2020519.52,404103.904,589905.02,6720.719999999999,2024-05-01,2025-10-01,4,1,4,1,518,0.2,1,0,1,Global Investors,3.72694128937757,-0.8044522421300188
C0058,Company,Kenyon,Co,1969-05-03,F,Usa,California,Investment,1,Yes,Website,56.7,1,5,1441406.17,288281.234,494246.62,4599.2,2024-08-01,2025-12-01,3,2,4,1,487,0.4,1,2,0,First-Time Buyers,0.9037661487708931,-0.6434308022064342
C0059,Individual,Oswaldo,Palmer,1960-06-16,M,Usa,California,Home,2,No,Website,65.5,0,4,1278854.25,319713.5625,488077.62,4409.76,2024-05-01,2025-10-01,3,1,4,1,518,0.25,1,1,2,Personal-Use Buyers,0.23018743309261436,-0.39127607855394125
C0060,Individual,Kassidy,Vega,1972-05-07,F,Usa,California,Home,5,No,Website,53.7,0,4,1355662.25,338915.5625,485561.11,4477.87,2024-03-01,2025-03-01,4,0,3,1,365,0.0,1,0,1,Global Investors,0.5395312385695878,-0.8766059705621322
C0061,Individual,Morgan,Glass,1967-05-12,M,Usa,Utah,Home,5,No,Agency,58.6,0,4,1306907.58,326726.895,402081.8,4406.48,2024-11-01,2025-10-01,4,0,4,1,334,0.0,1,1,2,Personal-Use Buyers,0.34890822657329407,-1.0632060724445431
C0062,Individual,Tyler,Carr,1974-03-27,M,Usa,California,Home,5,Yes,Client,51.8,1,5,1489333.49,297866.698,443358.25,5299.16,2024-01-01,2025-07-01,5,0,4,1,547,0.0,1,2,0,First-Time Buyers,1.4853757295592818,-1.740771514555121
C0063,Individual,Yesenia,Marquez,1942-07-23,F,Usa,Arizona,Home,4,No,Website,83.4,0,5,1625480.88,325096.176,538375.93,5562.6900000000005,2024-09-01,2025-06-01,5,0,5,1,273,0.0,1,0,1,Global Investors,2.0753160245529685,-1.9485736006885217
C0064,Individual,Gordon,Brown,1974-02-10,M,Uk,Northern Ireland,Investment,4,No,Agency,51.9,0,4,1448881.28,362220.32,574929.03,4383.4,2024-02-01,2024-11-01,4,0,4,1,274,0.0,1,0,1,Global Investors,0.6687264851479784,-0.3882831455915914
C0065,Individual,Rodrigo,Ramirez,1972-03-26,M,Usa,California,Home,1,No,Agency,53.8,0,4,1557125.73,389281.4325,539032.17,5046.11,2025-03-01,2025-06-01,3,1,4,1,92,0.25,1,0,1,Global Investors,1.26472747864215,0.7330010848410706
C0066,Individual,Melanie,Holland,1974-12-25,F,Usa,California,Investment,3,No,Client,51.0,0,4,1107164.17,276791.0425,366314.0,3731.0200000000004,2024-04-01,2025-12-01,3,1,4,1,609,0.25,1,1,2,Personal-Use Buyers,-0.6597303867701645,-0.7582355024218199
C0067,Individual,Enrique,Cardenas,1977-06-10,M,Usa,California,Home,2,No,Website,48.6,0,5,1431941.84,286388.368,468196.39,4259.09,2024-04-01,2025-10-01,4,1,4,1,548,0.2,1,1,1,Personal-Use Buyers,0.7183143461601987,-1.1356841944321354
C0068,Individual,Helen,Williamson,1966-02-26,F,Usa,Colorado,Home,5,Yes,Agency,59.8,1,4,1572779.33,393194.8325,459558.39,5801.17,2024-05-01,2025-10-01,3,1,4,1,518,0.25,1,0,1,Global Investors,1.8501688675093853,0.1263112701244087
C0069,Individual,Isis,Rios,1970-04-01,M,Usa,California,Investment,4,No,Website,55.8,0,5,1439142.47,287828.494,479080.93,4787.94,2024-02-01,2025-12-01,5,0,5,1,669,0.0,1,0,2,Global Investors,1.0816104216988756,-1.8799239958816998
C0070,Individual,Kayley,Nielsen,1947-04-27,F,Usa,Arizona,Home,4,Yes,Website,78.7,1,5,1521570.62,304314.124,448702.07,5196.37,2024-05-01,2025-09-01,4,1,4,1,488,0.2,1,0,0,Global Investors,1.5982983272446218,-1.6627452932740852
C0071,Individual,Donavan,Flowers,1985-12-27,M,Usa,California,Home,1,Yes,Client,40.0,1,5,1150384.09,230076.81800000003,415775.9,4166.9,2024-01-01,2025-07-01,5,0,5,1,547,0.0,1,2,0,First-Time Buyers,-0.17436906309592154,-1.5935336020317215
C0072,Individual,Augustus,Hinton,1953-02-03,M,Usa,Nevada,Investment,2,No,Website,72.9,0,6,2246488.58,374414.76333333337,674634.08,6776.95,2024-03-01,2025-11-01,5,1,5,1,610,0.167,1,3,1,Luxury Investors,4.411691552757562,-1.2378860561332137
C0073,Individual,Alejandra,Greer,1965-01-11,F,Denmark,Capital Region,Investment,1,No,Agency,61.0,0,4,1413902.33,353475.5825,527107.1,4776.13,2024-03-01,2025-10-01,4,0,4,1,579,0.0,1,0,1,Global Investors,0.6969027076146331,-0.12638764617753365
C0074,Individual,Violet,Nixon,1959-01-01,F,Usa,Oregon,Investment,5,No,Client,67.0,0,5,1709458.65,341891.73,573381.83,5690.22,2024-06-01,2025-08-01,3,2,4,1,426,0.4,1,0,1,Global Investors,2.3373424129844675,-1.0403540047329272
C0075,Individual,Jaelyn,Berger,1970-05-05,F,Usa,California,Home,3,No,Website,55.7,0,4,1269395.74,317348.935,590971.72,4193.37,2024-06-01,2025-03-01,3,1,4,1,273,0.25,1,1,2,Personal-Use Buyers,0.09384630530301069,-0.41983762246770157
C0076,Individual,Tristian,Fuller,1956-03-13,M,Usa,California,Home,5,No,Agency,69.8,0,6,1905852.0899999999,317642.01499999996,534630.42,6403.68,2024-02-01,2025-05-01,6,0,5,1,455,0.0,1,3,1,Luxury Investors,3.4362414581405964,-2.5366622301291435
C0077,Individual,Christian,Costa,1980-09-14,M,Usa,California,Home,5,No,Website,45.3,0,5,1880012.18,376002.436,590130.14,5959.13,2024-05-01,2025-08-01,3,2,4,1,457,0.4,1,0,1,Global Investors,2.890415819943931,-0.31877266637173923
C0078,Individual,Nora,Lynch,1948-04-23,F,Usa,California,Home,5,No,Website,77.7,0,4,1685882.3900000001,421470.59750000003,485944.71,5662.52,2024-01-01,2025-02-01,4,0,4,1,397,0.0,1,0,2,Global Investors,2.1838884743511375,-0.41075324358781723
C0079,Individual,Dangelo,Shea,1954-02-27,M,Belgium,Brussels,Investment,4,No,Website,71.8,0,4,1456436.3,364109.075,579893.68,4876.27,2024-02-01,2025-11-01,2,2,4,1,639,0.5,1,0,2,Global Investors,1.0624355742670646,0.027963877464519598
C0080,Individual,Aiyana,Christensen,1949-01-16,F,Usa,California,Investment,3,No,Website,77.0,0,5,1427531.56,285506.31200000003,502978.74,4825.12,2024-05-01,2025-09-01,5,0,4,1,488,0.0,1,0,2,Global Investors,1.1029168528365554,-2.094764195870274
C0081,Individual,Sidney,Cline,1943-07-24,F,Usa,California,Home,4,Yes,Website,82.4,1,4,1522144.26,380536.065,655054.84,5010.98,2024-03-01,2025-09-01,3,1,4,1,549,0.25,1,0,0,Global Investors,1.3593841080848228,-0.24914754205175446
C0082,Individual,Kaitlin,Owen,1981-12-26,F,Usa,Virginia,Investment,5,No,Client,44.0,0,5,1282267.95,256453.59,336673.91,4421.12,2024-01-01,2025-12-01,5,0,4,1,700,0.0,1,1,2,Personal-Use Buyers,0.45309913053911893,-2.1760700164691125
C0083,Individual,Issac,Edwards,1938-10-29,M,Usa,California,Home,5,No,Website,87.2,0,6,1513641.46,252273.57666666666,360807.72,5108.37,2024-04-01,2025-10-01,6,0,5,1,548,0.0,1,0,1,Global Investors,1.87064810219995,-3.566976050228799
C0084,Individual,Zaiden,Merritt,1948-02-23,M,Usa,Wyoming,Home,3,No,Agency,77.9,0,5,1762231.92,352446.38399999996,517695.89,5418.0599999999995,2024-01-01,2025-04-01,3,2,5,1,456,0.4,1,0,2,Global Investors,2.3039678257863825,-0.7622335803784773
C0085,Individual,Iris,Larsen,1966-09-14,M,Usa,California,Home,4,Yes,Agency,59.3,1,4,1185505.46,296376.365,480842.09,3945.58,2024-08-01,2025-11-01,4,0,4,1,457,0.0,1,2,0,First-Time Buyers,-0.28027009307889755,-1.1031163366541208
C0086,Individual,Grace,Stein,1968-12-20,F,Usa,California,Home,3,Yes,Website,57.0,1,5,1928188.6099999999,385637.72199999995,525721.08,6773.17,2024-05-01,2025-10-01,5,0,5,1,518,0.0,1,0,0,Global Investors,3.380412231494992,-0.5589441892214752
C0087,Individual,Alessandra,Perry,1979-05-15,F,Usa,California,Home,4,No,Agency,46.6,0,4,1681153.28,420288.32,508371.29,5150.65,2024-10-01,2025-11-01,3,1,4,1,396,0.25,1,0,1,Global Investors,1.7571433499288078,0.675071013588921
C0088,Individual,Jamal,Mueller,1936-08-13,M,Usa,Oregon,Investment,2,No,Website,89.4,0,6,1450519.57,241753.2616666667,308622.38,4721.84,2024-03-01,2025-02-01,5,1,5,1,337,0.167,1,1,1,Personal-Use Buyers,1.415264291954121,-2.9575637215220754
C0089,Individual,Irvin,Ellis,1949-11-14,M,Usa,California,Home,3,No,Agency,76.1,0,4,1041853.81,260463.4525,302297.34,3419.16,2024-02-01,2025-09-01,4,0,4,1,578,0.0,1,1,2,Personal-Use Buyers,-0.9421071380791909,-1.7225701879309547
C0090,Individual,Terry,Forbes,1982-05-27,M,Usa,California,Home,5,No,Client,43.6,0,5,980850.4199999999,196170.08399999997,252200.58,3518.99,2024-04-01,2025-08-01,5,0,5,1,487,0.0,1,1,2,Personal-Use Buyers,-0.8041148929261321,-2.8167112288881104
C0091,Individual,Jacqueline,Grant,1959-11-13,F,Usa,California,Home,4,No,Website,66.1,0,4,1356644.74,339161.185,432448.91,4646.71,2024-03-01,2024-12-01,4,0,4,1,275,0.0,1,0,2,Global Investors,0.6349359602932049,-0.9145315132247097
C0092,Individual,Brock,Fischer,1971-05-29,M,Usa,Kansas,Home,3,No,Website,54.6,0,8,2817926.96,352240.87,536812.04,9744.34,2024-01-01,2025-10-01,7,1,7,1,639,0.125,1,3,3,Luxury Investors,7.842768041469423,-2.5750515145313764
C0093,Individual,Curtis,Howard,1962-09-11,M,Usa,California,Home,2,No,Agency,63.3,0,5,1732558.38,346511.676,438704.41,5982.33,2024-03-01,2025-12-01,5,0,5,1,640,0.0,1,0,1,Global Investors,2.416554655711468,-1.0167462939064067
C0094,Individual,Avah,Huang,1948-04-23,F,Usa,California,Home,5,No,Website,77.7,0,5,1062675.82,212535.16400000002,292598.12,3463.3199999999997,2024-12-01,2025-12-01,4,1,4,1,365,0.2,1,1,2,Personal-Use Buyers,-0.47837186850573626,-2.9234049131018214
C0095,Individual,Frank,Meyer,1964-03-16,M,Usa,California,Home,3,Yes,Agency,61.8,1,6,1668973.02,278162.17,384992.37,5538.63,2024-03-01,2025-10-01,4,2,4,1,579,0.333,1,0,0,Global Investors,2.3140340931856356,-1.8621206012607747
C0096,Individual,Darien,Dorsey,1985-12-27,M,Usa,California,Investment,3,Yes,Website,40.0,1,4,1363013.17,340753.2925,452667.01,4454.46,2024-07-01,2025-11-01,4,0,4,1,488,0.0,1,2,0,First-Time Buyers,0.4187470779681374,-0.16256818150553506
C0097,Individual,Franklin,Mack,1943-06-18,M,Usa,Virginia,Home,5,Yes,Website,82.5,1,7,2189906.04,312843.72000000003,491025.48,7432.0599999999995,2024-01-01,2025-04-01,5,2,5,1,456,0.286,1,3,3,Luxury Investors,5.026468858749693,-2.862473904820666
C0098,Individual,Elena,Petrova,1949-06-22,F,Russia,Saint Petersburg,Home,3,Yes,Agency,76.5,1,4,1131592.65,282898.1625,427106.32,3927.82,2024-06-01,2024-11-01,4,0,4,1,153,0.0,1,2,0,First-Time Buyers,-0.43945064151411806,-1.3509848927924313
C0099,Individual,Jack,Hanson,1941-12-01,M,Usa,California,Investment,4,No,Website,84.1,0,6,2000308.58,333384.76333333337,417894.67,7209.530000000001,2024-05-01,2025-05-01,5,1,5,1,365,0.167,1,3,1,Luxury Investors,4.126851093955034,-2.2045983090550356
C0100,Individual,Emmett,Estes,1969-06-05,M,Usa,California,Home,3,No,Website,56.6,0,4,1449544.65,362386.1625,526802.73,4697.76,2024-05-01,2024-08-01,4,0,4,1,92,0.0,1,0,1,Global Investors,0.8655302441325289,-0.34125252803254075
C0101,Individual,Aniya,Miller,1951-03-02,F,Usa,Nevada,Home,3,No,Website,74.8,0,4,1125013.8,281253.45,392645.79,3497.38,2024-11-01,2025-09-01,3,1,4,1,304,0.25,1,1,2,Personal-Use Buyers,-0.6239453456699278,-1.1254014908632413
C0102,Individual,Jack,Anderson,1947-02-13,M,Usa,California,Investment,5,Yes,Website,78.9,1,9,3403263.85,378140.4277777778,621956.37,11006.18,2024-01-01,2025-11-01,8,1,8,1,670,0.111,1,3,3,Luxury Investors,10.261434539386698,-3.5166338073079264
C0103,Individual,Kael,Hurley,1973-12-15,M,Usa,Colorado,Home,3,No,Website,52.0,0,5,1483838.77,296767.754,408331.77,4824.9,2024-01-01,2025-09-01,5,0,4,1,609,0.0,1,0,1,Global Investors,1.1837600618972175,-1.5535074114771306
C0104,Individual,Kamden,Stewart,1978-09-14,M,Usa,California,Home,5,No,Website,47.3,0,5,1677155.01,335431.002,510060.4,5451.5,2024-04-01,2025-11-01,4,1,4,1,579,0.2,1,0,1,Global Investors,2.0852633175610507,-1.0916758668799134
C0105,Individual,Aniyah,Ali,1959-11-03,F,Usa,California,Investment,2,Yes,Website,66.2,1,5,1328084.36,265616.87200000003,338774.34,4254.74,2024-06-01,2025-09-01,3,2,5,1,457,0.4,1,2,0,First-Time Buyers,0.48894128306228585,-1.2236844932223134
C0106,Individual,Simon,Bennett,1953-06-09,M,Usa,Colorado,Home,4,No,Website,72.6,0,4,957679.27,239419.8175,452919.18,3283.9300000000003,2024-08-01,2025-10-01,4,0,4,1,426,0.0,1,1,2,Personal-Use Buyers,-1.2040215614113765,-2.0779105081767097
C0107,Individual,Laurel,Benitez,1959-08-06,M,Usa,California,Home,4,Yes,Agency,66.4,1,5,1715058.23,343011.646,537998.71,5513.3,2024-01-01,2025-06-01,4,1,5,1,517,0.2,1,0,0,Global Investors,2.208309624824782,-1.0167900942964976
C0108,Individual,Trey,Strong,1958-12-20,M,Usa,California,Home,4,No,Agency,67.0,0,6,1998798.72,333133.12,583919.98,6625.0199999999995,2024-06-01,2025-08-01,5,1,4,1,426,0.167,1,3,1,Luxury Investors,3.7483274579230272,-1.897950019191339
C0109,Individual,Myah,Roman,1933-05-05,F,Usa,California,Investment,5,Yes,Agency,92.7,1,5,1995551.0899999999,399110.218,579807.82,6429.27,2024-01-01,2025-09-01,3,2,4,1,609,0.4,1,0,1,Global Investors,3.5439243481168807,-0.7225828553385015
C0110,Individual,Nyla,Blake,1959-06-05,F,Usa,California,Investment,5,Yes,Agency,66.6,1,5,1205555.46,241111.092,487772.33,4057.0099999999998,2024-04-01,2025-08-01,5,0,5,1,487,0.0,1,2,0,First-Time Buyers,0.11620345984154529,-2.5831145672116547
C0111,Individual,Kole,Shannon,1979-06-27,M,Usa,Arizona,Home,2,Yes,Website,46.5,1,4,1198421.22,299605.305,476038.28,3586.87,2024-04-01,2025-07-01,4,0,4,1,456,0.0,1,2,0,First-Time Buyers,-0.5097257662924386,-0.541882462429111
C0112,Individual,Melany,Glover,1960-10-01,F,Usa,California,Investment,1,Yes,Agency,65.2,1,5,1775142.2,355028.44,619787.84,5579.93,2024-05-01,2025-12-01,5,0,5,1,579,0.0,1,0,0,Global Investors,2.274273283041265,-0.6659814144676653
C0113,Individual,Arthur,Bray,1949-07-14,M,Usa,Utah,Investment,4,No,Agency,76.5,0,4,1414433.46,353608.365,535865.96,4746.86,2024-01-01,2025-12-01,4,0,4,1,700,0.0,1,0,2,Global Investors,0.8476887718223663,-0.9122137322939619
C0114,Individual,Kamila,Collier,1962-01-21,F,Usa,California,Home,1,Yes,Website,63.9,1,4,1124004.05,281001.0125,382143.98,3731.7799999999997,2024-01-01,2025-06-01,4,0,3,1,517,0.0,1,2,0,First-Time Buyers,-0.6287365703252926,-0.8623255412861233
C0115,Individual,Amanda,Simon,1978-12-03,F,Usa,California,Home,5,No,Agency,47.1,0,5,1757354.59,351470.918,460001.26,5718.46,2024-03-01,2025-11-01,3,2,5,1,610,0.4,1,0,1,Global Investors,2.41799260996211,-0.5867719583493393
C0116,Individual,Erika,Steward,1955-08-07,F,Usa,California,Investment,4,No,Website,70.4,0,8,2484590.08,310573.76,629574.18,8319.14,2024-01-01,2025-10-01,7,1,7,1,639,0.125,1,3,3,Luxury Investors,6.412926907383134,-3.477706124033199
C0117,Individual,Jakobe,Bailey,1964-10-06,M,Uk,Scotland,Investment,4,No,Agency,61.2,0,8,2884556.25,360569.53125,602366.78,9086.29,2024-03-01,2025-11-01,5,3,7,1,610,0.375,1,3,3,Luxury Investors,7.671191295006142,-2.3399880227086123
C0118,Individual,Sonia,Choi,1948-11-09,F,Usa,Oregon,Investment,5,No,Agency,77.1,0,4,1218377.19,304594.2975,461101.0,4036.49,2024-07-01,2025-02-01,3,1,4,1,215,0.25,1,1,2,Personal-Use Buyers,-0.03784950200893456,-1.2275113634466013
C0119,Individual,Erika,Gallagher,1942-07-19,F,Usa,California,Home,1,Yes,Website,83.5,1,4,1603043.92,400760.98,527627.25,5597.26,2024-03-01,2025-12-01,4,0,4,1,640,0.0,1,0,0,Global Investors,1.7848266212553168,0.07180574282894257
C0120,Individual,Madeline,Michael,1953-07-30,F,Usa,California,Home,4,Yes,Website,72.4,1,5,1753587.39,350717.478,577922.22,6219.8,2024-05-01,2025-10-01,5,0,5,1,518,0.0,1,0,0,Global Investors,2.7135589978610843,-1.3623779938286709
C0121,Individual,Bennett,Chen,1950-07-18,M,Usa,Nevada,Home,2,No,Website,75.5,0,5,1169150.31,233830.062,418772.73,4033.44,2024-08-01,2025-12-01,5,0,4,1,487,0.0,1,1,2,Personal-Use Buyers,-0.020656123249257648,-2.4561384614395294
C0122,Individual,Belinda,Hogan,1973-08-18,F,Usa,California,Home,1,Yes,Agency,52.4,1,4,1412560.68,353140.17,550180.2,4343.9,2024-03-01,2025-07-01,4,0,4,1,487,0.0,1,2,0,First-Time Buyers,0.4577959147167849,0.11687069677819438
C0123,Individual,Johanna,Fisher,1962-08-25,F,Usa,California,Home,4,Yes,Website,63.4,1,5,1821348.69,364269.738,502456.39,6153.299999999999,2024-01-01,2025-08-01,5,0,5,1,578,0.0,1,0,0,Global Investors,2.8301636084379065,-1.066239661715214
C0124,Individual,Jaylen,Turner,1963-07-15,F,Usa,California,Home,4,No,Agency,62.5,0,5,1613985.08,322797.016,367468.14,5923.15,2024-04-01,2024-11-01,4,1,4,1,214,0.2,1,0,1,Global Investors,2.148160435228145,-1.2878034079058922
C0125,Individual,Michael,Juarez,1976-12-25,M,Usa,Colorado,Home,4,Yes,Agency,49.0,1,4,1341108.25,335277.0625,503351.9,4594.19,2024-02-01,2024-06-01,3,1,4,1,121,0.25,1,2,0,First-Time Buyers,0.4863985548823008,-0.1360951310153876
C0126,Individual,Adriana,Shaffer,1972-07-11,F,Usa,California,Investment,2,No,Agency,53.5,0,5,1319929.46,263985.892,498779.18,4250.26,2024-03-01,2025-08-01,4,1,4,1,518,0.2,1,1,2,Personal-Use Buyers,0.39340691137352485,-1.4306231186378366
C0127,Individual,Julio,Leonard,1974-07-18,M,Usa,Nevada,Home,2,Yes,Website,51.5,1,4,967474.23,241868.5575,355073.4,3060.34,2024-02-01,2025-10-01,4,0,4,1,608,0.0,1,2,0,First-Time Buyers,-1.4342190843729885,-1.234927758453657
C0128,Company,Abdiel,Co,1963-05-22,M,Usa,Nevada,Investment,5,Yes,Website,62.6,1,5,1639392.9500000002,327878.59,535798.14,5270.17,2024-05-01,2025-12-01,4,1,5,1,579,0.2,1,0,0,Global Investors,1.9214372583750035,-1.297956313190067
C0129,Individual,Warren,Pugh,1973-07-17,M,Usa,Arizona,Investment,5,No,Website,52.5,0,4,1748372.75,437093.1875,584468.16,5187.9400000000005,2024-03-01,2025-11-01,3,1,4,1,610,0.25,1,0,1,Global Investors,2.0409970756906457,0.5602642991215104
C0130,Individual,Luis,Crane,1959-04-20,M,Usa,Nevada,Home,3,Yes,Website,66.7,1,4,1488042.88,372010.72,509032.38,4860.14,2024-09-01,2025-12-01,4,0,3,1,456,0.0,1,0,0,Global Investors,1.0855449465211797,-0.28627490443792625
C0131,Individual,Mohammad,Irwin,1971-12-02,M,Usa,California,Home,1,No,Website,54.1,0,5,1428058.5499999998,285611.70999999996,538931.69,4643.97,2024-01-01,2025-06-01,5,0,5,1,517,0.0,1,0,1,Global Investors,0.8802821433686376,-1.3715281498387213
C0132,Individual,Davion,Stout,1965-07-20,M,Usa,Nevada,Home,1,Yes,Agency,60.4,1,4,1203775.04,300943.76,403463.16,4100.71,2024-10-01,2025-11-01,4,0,4,1,396,0.0,1,2,0,First-Time Buyers,-0.24619842541591833,-0.5673885432638311
C0133,Individual,Logan,Simmons,1946-09-14,M,Usa,California,Investment,4,No,Agency,79.3,0,4,1449799.93,362449.9825,457718.07,4709.610000000001,2024-08-01,2025-10-01,4,0,4,1,426,0.0,1,0,2,Global Investors,0.9393738163454542,-0.8670465731987357
C0134,Individual,Kaylin,Villarreal,1932-06-13,F,Russia,Novosibirsk,Investment,3,No,Website,93.5,0,5,1761669.8699999999,352333.974,595167.57,5478.01,2024-02-01,2025-12-01,5,0,4,1,669,0.0,1,0,1,Global Investors,2.3648079087668377,-1.6438184364948742
C0135,Individual,Ruben,Melton,1939-03-05,M,Usa,Utah,Investment,2,No,Agency,86.8,0,4,1221442.92,305360.73,446236.57,4174.4400000000005,2024-06-01,2025-10-01,3,1,3,1,487,0.25,1,1,2,Personal-Use Buyers,-0.029428782562646867,-0.8773310035191794
C0136,Individual,Gianni,Fritz,1973-09-15,M,Usa,California,Home,3,No,Website,52.3,0,5,1892554.72,378510.944,550949.39,6221.37,2025-01-01,2025-05-01,2,3,5,1,120,0.6,1,0,1,Global Investors,3.0239722330710634,0.23283084961736847
C0137,Individual,Emilie,Morrison,1957-10-29,F,Usa,California,Home,3,Yes,Website,68.2,1,4,989750.45,247437.6125,328405.23,3420.2799999999997,2024-02-01,2024-12-01,3,1,4,1,304,0.25,1,2,0,First-Time Buyers,-1.0828939565656415,-1.2446746020610664
C0138,Individual,Crystal,Wyatt,1939-06-30,F,Usa,Oregon,Investment,3,Yes,Website,86.5,1,5,1367824.55,273564.91000000003,362755.75,4572.06,2024-02-01,2025-11-01,3,2,5,1,639,0.4,1,2,0,First-Time Buyers,0.8572538230468014,-1.6497314437601498
C0139,Individual,Annabel,Robles,1969-10-14,F,Usa,California,Home,5,Yes,Website,56.2,1,5,1807366.3,361473.26,448450.76,5683.47,2024-03-01,2025-07-01,5,0,5,1,487,0.0,1,0,0,Global Investors,2.5608239779918502,-1.1450422009907333
C0140,Individual,Rachel,Cross,1952-06-18,F,Usa,California,Home,3,No,Website,73.5,0,5,1559561.53,311912.306,523923.26,5208.610000000001,2024-01-01,2025-06-01,4,1,5,1,517,0.2,1,0,1,Global Investors,1.6620192613949163,-1.4494586757147647
C0141,Individual,Madalyn,Mercer,1986-06-21,F,Usa,California,Home,5,No,Website,39.5,0,5,1765019.09,353003.818,520595.39,5444.03,2024-01-01,2025-10-01,4,1,5,1,639,0.2,1,0,1,Global Investors,2.289553683721235,-0.7727929584927228
C0142,Individual,Michelle,Cameron,1978-06-04,F,Usa,Nevada,Home,3,Yes,Website,47.6,1,5,1673770.19,334754.038,479876.57,5746.98,2024-08-01,2025-12-01,4,1,5,1,487,0.2,1,0,0,Global Investors,2.1547398542405896,-0.6411967257667563
C0143,Individual,Ezra,Lozano,1958-02-24,M,Usa,California,Home,1,No,Website,67.8,0,8,2389960.3,298745.0375,512659.6,8069.06,2024-02-01,2025-10-01,7,1,8,1,608,0.125,1,3,3,Luxury Investors,5.966236213108934,-3.0619336725262105
C0144,Individual,Ramiro,Oneill,1954-09-29,M,Usa,California,Home,4,No,Agency,71.3,0,5,1897739.74,379547.948,564424.34,6031.77,2024-04-01,2025-04-01,5,0,5,1,365,0.0,1,0,1,Global Investors,2.9736216253107077,-1.1376865389570863
C0145,Individual,Emely,Watts,1964-11-30,F,Usa,California,Home,4,No,Website,61.1,0,5,1746571.55,349314.31,499388.61,6486.6,2024-01-01,2025-05-01,4,1,5,1,486,0.2,1,0,1,Global Investors,2.8156199509964654,-1.003808227941398
C0146,Individual,Hazel,Ayers,1963-02-01,M,Usa,Colorado,Home,2,No,Website,62.9,0,4,1481536.3900000001,370384.09750000003,540074.5,4970.57,2024-01-01,2024-05-01,4,0,4,1,121,0.0,1,0,1,Global Investors,1.0851714940725983,-0.19405468914092908
C0147,Individual,Cedric,Goodwin,1948-02-20,M,Usa,Utah,Home,4,No,Client,77.9,0,5,1398309.27,279661.854,509124.24,5002.35,2024-02-01,2025-07-01,3,2,5,1,516,0.4,1,0,2,Global Investors,1.1669959568229125,-1.723343145466761
C0148,Individual,Dayton,Hatfield,1969-04-19,M,Usa,Colorado,Investment,4,Yes,Agency,56.7,1,4,1700383.7,425095.925,597216.83,5654.37,2024-07-01,2025-07-01,4,0,4,1,365,0.0,1,0,0,Global Investors,2.0745887758098105,0.30173083067956075
C0149,Individual,Piotr,Aleksandrov,1955-12-02,M,Russia,Krasnodar Krai,Investment,3,No,Agency,70.1,0,4,1049009.0,262252.25,343513.68,3625.9400000000005,2024-01-01,2024-11-01,3,1,4,1,305,0.25,1,1,2,Personal-Use Buyers,-0.8450319708700995,-1.2019828000778918
C0150,Individual,Memphis,Mcconnell,1968-08-25,M,Usa,California,Home,2,Yes,Website,57.3,1,4,1846066.58,461516.645,543777.59,6003.8,2024-03-01,2025-04-01,4,0,4,1,396,0.0,1,0,1,Global Investors,2.649166766533164,0.9862439335475129
C0151,Individual,Arabella,Ferrell,1976-08-17,F,Usa,Oregon,Home,1,No,Agency,49.4,0,5,1589086.32,317817.264,537546.81,5617.21,2024-02-01,2025-04-01,5,0,5,1,425,0.0,1,0,1,Global Investors,1.7688063115330457,-0.919914459906296
C0152,Individual,Sincere,Hansen,1967-01-19,F,Usa,California,Investment,2,Yes,Agency,58.9,1,7,2539205.93,362743.7042857143,603518.77,8489.31,2024-02-01,2025-07-01,7,0,6,1,516,0.0,1,3,3,Luxury Investors,6.173780872069244,-1.8167612956320498
C0153,Individual,Lara,Carrillo,1983-02-24,F,Usa,California,Home,5,No,Website,42.9,0,5,1560375.26,312075.052,570549.18,4720.16,2024-04-01,2025-12-01,5,0,5,1,609,0.0,1,0,1,Global Investors,1.371903293083521,-1.5743008759707062
C0154,Individual,Valentina,Simpson,1965-01-24,F,Usa,California,Home,4,Yes,Agency,60.9,1,5,2142457.31,428491.462,669332.95,6952.45,2024-02-01,2025-07-01,3,2,5,1,516,0.4,1,0,1,Global Investors,4.080667469930496,0.2977047103166565
C0155,Company,Kamd,Co,1975-08-18,M,Usa,California,Investment,5,No,Agency,50.4,0,5,1622885.53,324577.106,512459.69,5486.97,2024-02-01,2025-05-01,4,1,5,1,455,0.2,1,0,1,Global Investors,1.9307402164735121,-1.2250017949470289
C0156,Individual,Case,Sanchez,1966-05-26,F,Usa,California,Home,5,No,Website,59.6,0,4,1344903.47,336225.8675,409183.72,4408.42,2024-03-01,2025-07-01,3,1,4,1,487,0.25,1,0,1,Global Investors,0.504300929105957,-0.6238159119026293
C0157,Individual,Van,Charles,1952-05-15,M,Usa,Colorado,Home,2,Yes,Client,73.6,1,4,1060400.03,265100.0075,431549.73,3323.07,2024-02-01,2025-02-01,4,0,4,1,366,0.0,1,2,0,First-Time Buyers,-0.9790793870922591,-1.3558026255418179
C0158,Individual,Emmy,Singh,1979-12-03,F,Usa,Virginia,Investment,3,Yes,Agency,46.1,1,4,1439477.66,359869.415,551363.7,4525.99,2024-06-01,2025-12-01,3,1,4,1,548,0.25,1,2,0,First-Time Buyers,0.6810122379441658,0.3409045254619529
C0159,Individual,Colin,Campos,1942-04-14,M,Usa,California,Home,3,No,Website,83.7,0,4,1596507.45,399126.8625,477228.5,5346.93,2024-01-01,2025-09-01,4,0,4,1,609,0.0,1,0,2,Global Investors,1.712504336433686,-0.41124955537014884
C0160,Individual,Anya,Stephenson,1959-06-11,F,Usa,California,Home,4,No,Website,66.6,0,5,1679716.96,335943.392,514747.26,5720.3,2024-05-01,2025-09-01,3,2,5,1,488,0.4,1,0,1,Global Investors,2.268873011783998,-0.9380323405409606
C0161,Individual,Parker,Poole,1951-11-10,M,Usa,California,Home,5,No,Website,74.1,0,9,2534264.26,281584.91777777777,411233.36,8454.73,2024-01-01,2025-04-01,8,1,7,1,456,0.111,1,3,3,Luxury Investors,7.007092249133258,-4.656591002059785
C0162,Individual,Ivan,Bright,1953-09-15,M,Usa,California,Home,4,No,Website,72.3,0,4,1135363.52,283840.88,434121.6,3932.96,2024-09-01,2025-12-01,3,1,4,1,456,0.25,1,1,2,Personal-Use Buyers,-0.34174377426272057,-1.2222569843511442
C0163,Individual,Larry,Turner,1986-03-24,M,Usa,Utah,Investment,5,Yes,Agency,39.8,1,4,1506594.21,376648.5525,472632.31,5229.28,2025-01-01,2025-11-01,3,1,4,1,304,0.25,1,0,0,Global Investors,1.28829595828724,0.2900824898875443
C0164,Individual,Matthew,Nelson,1986-09-20,M,Usa,Arizona,Home,5,No,Website,39.3,0,4,1436152.54,359038.135,513021.02,4787.19,2024-07-01,2025-09-01,4,0,4,1,427,0.0,1,0,1,Global Investors,0.8870069841080815,-0.42015214420352814
C0165,Individual,Mary,Hall,1956-07-11,F,Usa,California,Home,3,Yes,Website,69.5,1,3,1276849.33,425616.44333333336,539711.96,4071.58,2024-05-01,2025-02-01,3,0,3,1,276,0.0,1,2,0,First-Time Buyers,0.061376811075214636,0.8085376411001595
C0166,Individual,Carolyn,Weaver,1984-01-24,F,Usa,Arizona,Home,4,Yes,Agency,41.9,1,4,1273643.37,318410.8425,602056.71,4101.29,2024-06-01,2025-12-01,4,0,4,1,548,0.0,1,2,0,First-Time Buyers,0.0001201314058382405,-0.576604618111808
C0167,Individual,Grace,Green,1955-02-02,F,Uk,Scotland,Home,3,Yes,Website,70.9,1,7,2749577.33,392796.7614285714,535236.81,9242.67,2024-05-01,2025-11-01,6,1,7,1,549,0.143,1,3,3,Luxury Investors,7.171204767530734,-1.6455874513038886
C0168,Individual,Pamela,Sanders,1960-06-06,F,Usa,Nevada,Home,3,No,Agency,65.6,0,4,1491785.87,372946.4675,475258.58,5318.41,2024-05-01,2025-11-01,4,0,4,1,549,0.0,1,0,1,Global Investors,1.3097611553691657,-0.3550645993720957
C0169,Individual,Terry,Turner,1990-08-13,M,Usa,Ohio,Investment,5,Yes,Agency,35.4,1,3,688864.2,229621.4,311647.12,2537.59,2024-04-01,2025-10-01,1,2,3,1,548,0.667,1,2,0,First-Time Buyers,-2.7101083482496313,0.056289258221560154
C0170,Individual,Jacob,Jones,1949-06-13,M,Usa,California,Home,5,No,Website,76.6,0,3,1161316.17,387105.38999999996,525251.32,4019.2400000000002,2024-11-01,2025-08-01,3,0,3,1,273,0.0,1,1,2,Personal-Use Buyers,-0.24727073513160452,-0.17165345886718886
C0171,Individual,Julie,Sanders,1991-05-05,F,Usa,Washington,Investment,5,Yes,Client,34.7,1,4,1278753.71,319688.4275,373786.79,4282.88,2024-02-01,2025-07-01,4,0,4,1,516,0.0,1,2,0,First-Time Buyers,0.11857699070642783,-0.6236285439265643
C0172,Individual,Catherine,Carter,1992-09-16,F,Usa,Washington,Home,1,Yes,Agency,33.3,1,4,1681471.9100000001,420367.97750000004,484259.13,6291.16,2024-01-01,2025-04-01,3,1,4,1,456,0.25,1,0,0,Global Investors,2.1977184248959962,1.5366754003859375
C0173,Individual,Amber,Wilson,1976-07-20,F,Usa,Arizona,Home,5,Yes,Agency,49.4,1,8,2619968.43,327496.05375,521184.68,8596.74,2024-01-01,2025-05-01,8,0,7,1,486,0.0,1,3,3,Luxury Investors,6.803565549318432,-3.1456781228478268
C0174,Individual,Rachel,Harris,1982-07-06,F,Usa,California,Investment,3,No,Client,43.5,0,3,865359.73,288453.24333333335,386354.65,2609.36,2024-02-01,2024-03-01,3,0,3,1,29,0.0,1,1,2,Personal-Use Buyers,-2.1547626965117095,-0.2923260278299465
C0175,Individual,Brandon,Alexander,1962-04-05,M,Usa,Washington,Home,5,No,Agency,63.7,0,4,1606138.1199999999,401534.52999999997,634424.32,5253.52,2024-02-01,2025-08-01,2,2,4,1,547,0.5,1,0,1,Global Investors,1.6953204277176654,0.40206964084694824
C0176,Individual,Hannah,Williams,1993-06-27,F,Usa,California,Home,2,No,Website,32.5,0,6,2681927.91,446987.98500000004,526217.19,9088.8,2024-04-01,2025-10-01,6,0,3,1,548,0.0,1,3,3,Luxury Investors,6.569816917437722,-0.016335267819525507
C0177,Individual,Sarah,Hansen,1951-03-05,F,Uk,England,Home,5,Yes,Website,74.8,1,7,2269897.21,324271.02999999997,524447.11,8126.66,2024-04-01,2025-11-01,6,1,7,1,579,0.143,1,3,3,Luxury Investors,5.53289834142433,-2.802835102043168
C0178,Individual,Laura,Chavez,1952-12-23,F,Usa,Virginia,Home,4,No,Agency,73.0,0,7,2665917.96,380845.42285714287,548503.64,8994.99,2024-06-01,2025-08-01,5,2,7,1,426,0.286,1,3,3,Luxury Investors,6.8835709004477605,-1.881983233980664
C0179,Individual,Ashley,Turner,1986-02-11,F,Usa,Oregon,Investment,2,No,Website,39.9,0,8,2131372.11,266421.51375,358234.23,7580.360000000001,2024-01-01,2025-12-01,5,3,8,1,700,0.375,1,3,3,Luxury Investors,5.068660905475322,-2.735401721205835
C0180,Individual,Jacob,Wilson,1943-01-28,M,Usa,California,Home,2,Yes,Agency,82.9,1,7,2660292.37,380041.76714285713,542668.47,8746.57,2024-01-01,2025-08-01,6,1,7,1,578,0.143,1,3,3,Luxury Investors,6.689235110363779,-1.8164429223174208
C0181,Individual,Lawrence,Peterson,1970-04-26,M,Usa,Texas,Home,2,Yes,Website,55.7,1,7,2047189.62,292455.66000000003,350173.43,6819.24,2024-01-01,2025-06-01,6,1,7,1,517,0.143,1,3,3,Luxury Investors,4.174394692176766,-2.3470304245144202
C0182,Individual,Virginia,Bennett,1971-12-02,F,Germany,North Rhine-Westphalia,Investment,1,Yes,Website,54.1,1,8,3082362.35,385295.29375,642233.35,9975.57,2024-01-01,2025-12-01,8,0,8,1,700,0.0,1,3,3,Luxury Investors,8.45683347068248,-1.9098466246424175
C0183,Individual,Nicholas,Green,1988-09-15,M,Usa,Nevada,Home,3,No,Website,37.3,0,7,1883106.92,269015.27428571426,330298.49,6349.73,2024-08-01,2025-10-01,7,0,7,1,426,0.0,1,3,1,Luxury Investors,3.51668268399684,-2.8047305932766466
C0184,Individual,Peter,Pierce,1994-01-21,M,Usa,Florida,Home,1,No,Website,31.9,0,6,2618938.16,436489.69333333336,575737.82,8890.29,2024-07-01,2025-11-01,6,0,5,1,488,0.0,1,3,3,Luxury Investors,6.273834118470802,0.048200911664104826
C0185,Individual,Andrea,Nelson,1945-07-02,F,Usa,Nevada,Home,4,Yes,Agency,80.5,1,7,2491911.81,355987.40142857144,559547.45,7961.0599999999995,2024-04-01,2025-08-01,7,0,7,1,487,0.0,1,3,3,Luxury Investors,5.934792905321207,-2.59771042486383
C0186,Individual,Carol,Green,1982-04-02,F,Usa,Virginia,Home,1,No,Website,43.7,0,8,2674286.63,334285.82875,535134.61,8802.17,2024-06-01,2025-09-01,8,0,5,1,457,0.0,1,3,3,Luxury Investors,6.915308392000877,-2.447555457031201
C0187,Individual,Cheryl,Kim,1990-01-17,F,Usa,Florida,Home,1,No,Website,36.0,0,6,2066651.1400000001,344441.8566666667,535002.72,6812.219999999999,2024-03-01,2025-12-01,4,2,5,1,640,0.333,1,3,3,Luxury Investors,3.850817739070546,-0.5161268174072585
C0188,Individual,Jose,Martin,1940-10-08,M,Usa,Oregon,Home,5,Yes,Website,85.2,1,7,2891447.6,413063.9428571429,615305.89,8847.74,2024-08-01,2025-12-01,5,2,7,1,487,0.286,1,3,3,Luxury Investors,7.43685601665812,-1.8063515507119885
C0189,Individual,Anna,Adams,1958-12-11,F,Usa,California,Home,2,No,Agency,67.1,0,7,2209659.42,315665.6314285714,631227.87,7172.8,2024-07-01,2025-03-01,6,1,7,1,243,0.143,1,3,3,Luxury Investors,4.759128329448777,-2.3842796376774835
C0190,Individual,Karen,Johnson,1971-10-19,F,Usa,California,Home,2,No,Website,54.2,0,7,2276701.17,325243.02428571426,518963.51,7344.08,2024-02-01,2025-08-01,6,1,7,1,547,0.143,1,3,3,Luxury Investors,4.9947965504254475,-2.0850095038957424
C0191,Individual,Sarah,Turner,1977-05-06,F,Usa,Florida,Home,3,No,Agency,48.7,0,8,2172926.7600000002,271615.84500000003,374700.13,7310.8099999999995,2024-01-01,2025-08-01,5,3,6,1,578,0.375,1,3,3,Luxury Investors,5.068602066075975,-2.9739450625867945
C0192,Individual,Margaret,Moore,1984-02-04,F,Belgium,Brussels,Investment,2,Yes,Website,41.9,1,7,2900509.0999999996,414358.4428571428,609045.19,9133.050000000001,2024-02-01,2025-12-01,5,2,7,1,669,0.286,1,3,3,Luxury Investors,7.3425580685650065,-0.5385092716181904
C0193,Individual,Sharon,Campbell,1968-08-09,F,Usa,California,Investment,4,Yes,Website,57.4,1,7,1933778.2399999998,276254.03428571427,525419.08,6739.05,2024-04-01,2025-10-01,4,3,7,1,548,0.429,1,3,3,Luxury Investors,3.941423849140863,-2.452413860016721
C0194,Individual,Jonathan,Hall,1953-08-18,M,France,Ile-De-France,Home,5,Yes,Website,72.4,1,7,2759372.27,394196.03857142857,610038.08,8661.05,2024-07-01,2025-10-01,5,2,7,1,457,0.286,1,3,3,Luxury Investors,6.970249089528243,-1.7791304564650858
C0195,Individual,Sean,Jones,1947-06-19,M,Usa,California,Home,2,Yes,Website,78.5,1,7,2102233.85,300319.12142857147,486957.94,7204.9,2024-01-01,2025-12-01,5,2,7,1,700,0.286,1,3,3,Luxury Investors,4.584936073954819,-2.4270735268906396
C0196,Individual,Alexander,Adams,1957-04-22,M,Usa,Nevada,Investment,5,No,Agency,68.7,0,6,2611736.44,435289.4066666667,605691.78,8471.68,2024-02-01,2025-09-01,6,0,6,1,578,0.0,1,3,3,Luxury Investors,6.252902547846798,-1.2377291941216204
C0197,Individual,Kevin,Wright,1944-07-01,M,Usa,Virginia,Home,4,No,Client,81.5,0,8,2775768.6,346971.075,590525.42,8662.96,2024-04-01,2025-11-01,8,0,5,1,579,0.0,1,3,3,Luxury Investors,7.27830709596464,-3.445250144503349
C0198,Individual,Michelle,White,1976-01-28,F,Usa,California,Home,4,No,Website,49.9,0,8,2399689.67,299961.20875,510536.52,7980.38,2024-02-01,2025-10-01,8,0,7,1,608,0.0,1,3,3,Luxury Investors,5.9819945167343755,-3.442171326583942
C0199,Individual,Ryan,Brown,1958-04-13,M,Usa,California,Home,3,No,Agency,67.7,0,7,2582959.87,368994.26714285713,596863.29,8139.17,2024-02-01,2025-12-01,6,1,7,1,669,0.143,1,3,3,Luxury Investors,6.183848690484248,-1.9755954547526224
C0200,Individual,Linda,Harris,1944-05-06,F,Usa,California,Home,1,No,Agency,81.7,0,4,1071359.3900000001,267839.84750000003,410486.46,3682.83,2024-01-01,2024-11-01,4,0,4,1,305,0.0,1,1,2,Personal-Use Buyers,-0.7708229121654867,-1.4015430565356184
C0201,Individual,Lauren,Weaver,1968-02-13,F,Usa,California,Home,1,No,Agency,57.9,0,4,1298787.54,324696.885,402705.53,4589.74,2024-01-01,2025-02-01,3,1,4,1,397,0.25,1,1,2,Personal-Use Buyers,0.2946661320348544,-0.016290078256936114
C0202,Individual,Jack,Reyes,1996-11-11,M,Canada,British Columbia,Home,1,No,Website,29.1,0,3,1019272.5900000001,339757.53,446358.88,3148.14,2024-05-01,2025-06-01,2,1,3,1,396,0.333,1,1,2,Personal-Use Buyers,-1.4532150463861548,1.3362727165641313
C0203,Individual,Christine,Brooks,1956-05-18,F,Usa,California,Home,4,No,Client,69.6,0,4,1242478.83,310619.7075,596471.37,3664.15,2024-01-01,2025-02-01,4,0,4,1,397,0.0,1,1,2,Personal-Use Buyers,-0.2130006735363067,-1.2700487425035243
C0204,Individual,Joyce,Pierce,1947-01-10,F,Usa,California,Home,5,No,Agency,79.0,0,3,934432.98,311477.66,354252.16,3128.18,2024-12-01,2025-06-01,2,1,3,1,182,0.333,1,1,2,Personal-Use Buyers,-1.4583118471828986,-0.4669812553117422
C0205,Individual,Kelly,Nelson,1968-08-26,F,Mexico,Puebla,Home,1,Yes,Agency,57.3,1,3,949224.48,316408.16,390197.22,3218.1800000000003,2024-08-01,2025-12-01,2,1,3,1,487,0.333,1,2,0,First-Time Buyers,-1.5909982836039283,0.7635891286152549
C0206,Individual,Nancy,Roberts,1957-05-08,F,Usa,California,Home,1,Yes,Agency,68.6,1,3,853060.9299999999,284353.6433333333,378709.68,2554.28,2024-01-01,2025-06-01,3,0,3,1,517,0.0,1,2,0,First-Time Buyers,-2.218252963575407,-0.2839897441923886
C0207,Individual,Kyle,Gray,1944-11-19,M,Usa,Virginia,Investment,4,No,Website,81.1,0,3,889948.76,296649.58666666667,533390.74,3313.5299999999997,2024-01-01,2024-10-01,3,0,3,1,274,0.0,1,1,2,Personal-Use Buyers,-1.5361044584993113,-1.017150972331824
C0208,Individual,Mark,James,1986-03-26,M,France,Provence,Home,4,Yes,Agency,39.8,1,4,1199654.38,299913.595,528026.75,3989.6400000000003,2024-02-01,2025-02-01,3,1,4,1,366,0.25,1,2,0,First-Time Buyers,-0.2803247029106752,-0.33687413117726533
C0209,Individual,Kyle,Moore,1949-08-22,M,Usa,Arizona,Investment,3,No,Agency,76.4,0,4,979868.13,244967.0325,277921.61,3176.51,2024-04-01,2025-11-01,3,1,4,1,579,0.25,1,1,2,Personal-Use Buyers,-1.2436429755229785,-1.5085087490050617
C0210,Individual,Janice,Price,1943-03-24,F,Usa,Colorado,Home,2,No,Website,82.8,0,4,1346156.55,336539.1375,567823.18,4542.12,2024-03-01,2025-10-01,4,0,4,1,579,0.0,1,0,2,Global Investors,0.534715856505373,-0.8881840688740336
C0211,Individual,Amy,Evans,1972-02-23,F,Usa,California,Home,3,No,Agency,53.9,0,4,1254240.07,313560.0175,514096.93,4213.08,2024-06-01,2025-10-01,3,1,4,1,487,0.25,1,1,2,Personal-Use Buyers,0.026367215836746637,-0.4044308528516815
C0212,Individual,Jacob,Wood,1956-03-23,M,Usa,California,Home,4,No,Agency,69.8,0,3,1068278.76,356092.92,408993.51,3674.04,2024-01-01,2025-02-01,3,0,3,1,397,0.0,1,1,2,Personal-Use Buyers,-0.8161106190257975,-0.18606855581296888
C0213,Individual,Jason,Gray,1976-10-23,M,Usa,Florida,Investment,5,No,Agency,49.2,0,3,809691.13,269897.04333333333,361389.54,2691.9300000000003,2024-05-01,2025-08-01,2,1,3,1,457,0.333,1,1,2,Personal-Use Buyers,-2.1996027265445295,-0.3932796851388998
C0214,Individual,Helen,Wood,1946-07-18,F,Belgium,Brussels,Investment,5,No,Website,79.5,0,3,1070534.6400000001,356844.88000000006,481085.34,3538.5699999999997,2024-03-01,2025-10-01,3,0,3,1,579,0.0,1,1,2,Personal-Use Buyers,-0.8102069472615656,-0.5227084986720155
C0215,Individual,Lauren,Foster,1999-07-11,F,Germany,Hamburg,Investment,4,No,Website,26.5,0,3,1032856.46,344285.48666666663,501616.65,3330.81,2024-04-01,2024-06-01,3,0,3,1,61,0.0,1,1,2,Personal-Use Buyers,-1.2470585012308717,0.41758320300539953
C0216,Individual,Albert,Hansen,1999-07-19,M,Usa,Utah,Home,1,No,Website,26.5,0,4,1352642.3399999999,338160.58499999996,392569.11,4252.16,2024-03-01,2025-10-01,3,1,4,1,579,0.25,1,1,1,Personal-Use Buyers,0.20408702623556435,0.6301983435730969
C0217,Individual,Deborah,Miller,1984-07-11,F,Usa,Colorado,Home,3,No,Website,41.5,0,4,1238434.91,309608.7275,512052.93,4076.49,2024-02-01,2025-10-01,4,0,4,1,608,0.0,1,1,1,Personal-Use Buyers,-0.11434009849546062,-0.6424938562220427
C0218,Individual,Shirley,Anderson,1970-01-24,F,Usa,California,Home,2,No,Website,55.9,0,3,836639.27,278879.75666666665,371174.41,2741.01,2024-05-01,2025-10-01,2,1,3,1,518,0.333,1,1,2,Personal-Use Buyers,-2.1280456646999064,0.06584135516288163
C0219,Individual,William,Turner,1988-01-20,M,Usa,California,Home,4,No,Website,37.9,0,4,1267653.57,316913.3925,639093.49,4140.77,2024-02-01,2025-12-01,3,1,4,1,669,0.25,1,1,2,Personal-Use Buyers,0.03948708804795837,-0.2918973848616687
C0220,Individual,Walter,Phillips,1951-06-06,M,Canada,Ontario,Investment,1,No,Website,74.6,0,3,1060812.68,353604.2266666666,521703.52,3304.65,2024-01-01,2025-02-01,3,0,3,1,397,0.0,1,1,2,Personal-Use Buyers,-1.1200721622620362,0.20400839325453543
C0221,Company,Atlas,Co,1987-05-14,F,Usa,California,Home,5,No,Website,38.6,0,4,1377133.5999999999,344283.39999999997,538973.07,4746.09,2024-11-01,2025-10-01,4,0,4,1,334,0.0,1,0,1,Global Investors,0.6930716316257598,-0.5552023270309001
C0222,Individual,Christopher,Stone,1956-11-08,M,Usa,Utah,Investment,3,No,Agency,69.1,0,3,1223560.82,407853.6066666667,421263.63,4552.41,2024-06-01,2025-01-01,3,0,3,1,214,0.0,1,0,2,Global Investors,0.10277765344920098,0.5361113748919056
C0223,Individual,Patrick,Hansen,1973-11-12,M,Usa,Colorado,Investment,3,Yes,Website,52.1,1,4,969341.87,242335.4675,304478.01,3350.09,2024-03-01,2025-07-01,4,0,4,1,487,0.0,1,2,0,First-Time Buyers,-1.2531513982075104,-1.4055404254998538
C0224,Individual,Nathan,Richardson,1960-08-23,M,Usa,Colorado,Home,5,No,Website,65.4,0,3,1189255.63,396418.5433333333,539103.37,3990.65,2024-01-01,2025-09-01,3,0,3,1,609,0.0,1,1,2,Personal-Use Buyers,-0.20567045805194017,0.11416410112976501
C0225,Individual,Evelyn,Reyes,1948-12-19,F,Usa,California,Home,1,Yes,Agency,77.0,1,4,1120626.94,280156.735,405353.74,3623.01,2024-01-01,2025-12-01,3,1,4,1,700,0.25,1,2,0,First-Time Buyers,-0.6685240465911498,-0.6876761458644939
C0226,Individual,Julia,Jordan,1958-07-11,F,Usa,Colorado,Home,2,No,Website,67.5,0,3,1571251.03,523750.3433333333,675765.41,4798.03,2024-05-01,2025-05-01,3,0,3,1,365,0.0,1,0,1,Global Investors,1.3727281433118557,1.905919545147599
C0227,Individual,Rachel,Evans,1944-10-23,F,Usa,Arizona,Home,5,Yes,Website,81.2,1,3,942245.37,314081.79,499753.6,3313.53,2024-01-01,2025-10-01,3,0,3,1,639,0.0,1,2,0,First-Time Buyers,-1.3262675106681896,-0.8845728187297236
C0228,Individual,Hannah,Owens,1952-04-23,F,Usa,Oregon,Investment,4,No,Website,73.7,0,3,606605.72,202201.90666666665,306527.75,1831.8600000000001,2024-02-01,2025-05-01,2,1,3,1,455,0.333,1,1,2,Personal-Use Buyers,-3.241872154470654,-1.3689184744750134
C0229,Individual,Jose,Turner,1981-11-19,M,Usa,Colorado,Investment,5,No,Website,44.1,0,3,892220.13,297406.71,355384.51,2701.38,2024-03-01,2025-09-01,3,0,3,1,549,0.0,1,1,2,Personal-Use Buyers,-1.928951183498564,-0.5546417812856628
C0230,Company,Forsyte,Co,1977-07-22,M,Usa,Nevada,Investment,4,Yes,Website,48.4,1,4,1457429.02,364357.255,567272.16,4417.17,2024-02-01,2025-08-01,4,0,4,1,547,0.0,1,2,0,First-Time Buyers,0.732989768732513,-0.21777472903240433
C0231,Individual,Ronald,Rogers,1993-12-18,M,Denmark,Central Denmark,Investment,2,Yes,Website,32.0,1,3,729893.08,243297.69333333333,367286.05,2548.91,2024-04-01,2025-02-01,3,0,3,1,306,0.0,1,2,0,First-Time Buyers,-2.7026435952941172,-0.2616359268336835
C0232,Individual,Megan,Kim,1962-05-04,F,Usa,California,Home,3,Yes,Website,63.7,1,4,1276710.4900000002,319177.62250000006,556388.88,4146.61,2024-01-01,2025-05-01,4,0,4,1,486,0.0,1,2,0,First-Time Buyers,0.09540845860229355,-0.7934048512994302
C0233,Individual,Larry,Garcia,1997-09-10,M,France,Provence,Home,4,Yes,Website,28.3,1,4,1105806.54,276451.635,427127.89,3657.25,2024-03-01,2025-03-01,4,0,4,1,365,0.0,1,2,0,First-Time Buyers,-0.7452092838060466,-0.7958585123668439
C0234,Individual,Andrea,Hughes,1979-03-02,F,Usa,New York,Home,1,Yes,Website,46.8,1,3,839967.04,279989.01333333337,439529.6,2919.27,2025-04-01,2025-07-01,3,0,3,1,91,0.0,1,2,0,First-Time Buyers,-2.112591705878334,0.017167224426572408
C0235,Individual,Kenneth,Allen,1949-10-10,M,Usa,California,Home,5,No,Website,76.2,0,4,1268586.58,317146.645,427566.1,4368.34,2024-02-01,2025-12-01,4,0,4,1,669,0.0,1,1,2,Personal-Use Buyers,0.3022871961743551,-1.486430421764336
C0236,Individual,Gerald,Howard,1972-08-10,M,Canada,Manitoba,Home,3,No,Agency,53.4,0,3,1321475.69,440491.89666666667,627817.81,4348.5,2024-07-01,2024-12-01,1,2,3,1,153,0.667,1,0,1,Global Investors,0.29751727151707996,2.1702021742547064
C0237,Individual,Jason,Nelson,1984-11-03,M,Usa,California,Home,5,Yes,Website,41.2,1,3,1392353.31,464117.77,501441.18,4890.41,2024-08-01,2025-09-01,3,0,3,1,396,0.0,1,0,0,Global Investors,0.844834716881354,1.3530855800836277
C0238,Individual,Amber,Patterson,1982-01-08,F,Usa,Virginia,Home,4,Yes,Agency,44.0,1,3,1125732.72,375244.24,472802.29,3375.51,2024-05-01,2024-11-01,3,0,3,1,184,0.0,1,2,0,First-Time Buyers,-0.8710550292760941,0.5714759724416806
C0239,Individual,Megan,Baker,1973-02-18,F,Usa,Oregon,Home,3,Yes,Website,52.9,1,4,1352763.67,338190.9175,561242.82,4046.3199999999997,2024-09-01,2025-08-01,2,2,4,1,334,0.5,1,2,0,First-Time Buyers,0.2553980634765404,0.3508559751472388
C0240,Individual,Amber,Morales,1942-05-15,F,Usa,Colorado,Investment,3,No,Website,83.6,0,3,935028.28,311676.0933333333,414273.14,3068.0099999999998,2024-09-01,2025-12-01,1,2,3,1,456,0.667,1,1,2,Personal-Use Buyers,-1.5063319470929115,0.2804515511538253
C0241,Individual,Kelly,Anderson,1962-01-14,F,Mexico,Nuevo Leon,Home,5,Yes,Website,64.0,1,3,1025934.71,341978.23666666663,486971.08,3330.81,2024-03-01,2024-12-01,3,0,3,1,275,0.0,1,2,0,First-Time Buyers,-1.1117618490679164,-0.2912567115225166
C0242,Individual,Stephen,Peterson,1998-03-16,M,Usa,Utah,Home,3,Yes,Agency,27.8,1,4,1358315.73,339578.9325,478633.51,4764.41,2024-02-01,2025-07-01,3,1,4,1,516,0.25,1,2,0,First-Time Buyers,0.5231925220991682,0.43733339304901575
C0243,Individual,Nancy,Patterson,1978-07-11,F,Usa,Utah,Home,2,No,Website,47.5,0,4,1382777.8900000001,345694.47250000003,497893.52,5145.09,2024-02-01,2025-07-01,4,0,4,1,516,0.0,1,0,1,Global Investors,0.8417637010039708,-0.19148358779027336
C0244,Individual,Joyce,Pierce,1998-08-03,F,Usa,California,Home,1,No,Website,27.4,0,3,1046652.28,348884.0933333333,540440.51,3285.1000000000004,2025-05-01,2025-08-01,1,2,3,1,92,0.667,1,1,2,Personal-Use Buyers,-1.2621109789191285,1.9533183499590019
C0245,Individual,Sean,Long,1974-01-07,M,Usa,Nevada,Investment,4,No,Agency,52.0,0,3,1354584.5,451528.1666666667,648020.11,4317.77,2024-03-01,2025-12-01,3,0,3,1,640,0.0,1,0,1,Global Investors,0.39186747325268845,1.1077543300860142
C0246,Individual,Stephen,Pierce,1992-05-15,M,France,Normandy,Home,1,Yes,Agency,33.6,1,3,1024485.26,341495.08666666667,369524.95,3353.8199999999997,2025-03-01,2025-07-01,2,1,3,1,122,0.333,1,2,0,First-Time Buyers,-1.348382262687938,1.4292244232762987
C0247,Individual,Kevin,Morris,1965-01-18,M,Usa,California,Home,1,No,Website,61.0,0,4,1696540.52,424135.13,553756.62,5835.72,2024-12-01,2025-07-01,4,0,4,1,212,0.0,1,0,1,Global Investors,2.1148692250591252,0.5749756760259843
C0248,Individual,Carl,Collins,1968-12-09,M,Usa,Florida,Home,4,Yes,Agency,57.1,1,3,1035934.63,345311.54333333333,371257.45,3674.04,2024-02-01,2024-09-01,2,1,3,1,213,0.333,1,2,0,First-Time Buyers,-0.9522930969465149,0.5493286893090759
C0249,Individual,Stephanie,Montgomery,1968-12-05,F,Usa,California,Investment,4,No,Agency,57.1,0,4,1142995.52,285748.88,489564.98,4109.299999999999,2024-06-01,2025-02-01,4,0,4,1,245,0.0,1,1,2,Personal-Use Buyers,-0.3284904638936051,-1.2989712765845203
C0250,Individual,Justin,Stewart,1947-10-19,M,Uk,England,Home,2,No,Agency,78.2,0,3,982306.66,327435.55333333334,459717.65,3230.07,2024-01-01,2025-01-01,3,0,3,1,366,0.0,1,1,2,Personal-Use Buyers,-1.383067109371033,-0.27096584748886376
C0251,Individual,Janice,Chavez,1976-08-11,F,Usa,Utah,Home,5,No,Website,49.4,0,3,463611.95,154537.31666666668,211507.17,1692.03,2024-07-01,2025-06-01,3,0,3,1,335,0.0,1,1,2,Personal-Use Buyers,-3.8338455467739374,-2.1295433200582017
C0252,Individual,Elizabeth,Rogers,1953-08-23,F,Usa,Nevada,Investment,2,No,Website,72.4,0,3,1082221.48,360740.49333333335,527700.01,3628.92,2024-01-01,2025-09-01,2,1,3,1,609,0.333,1,1,2,Personal-Use Buyers,-0.8188262692601808,0.6398094849609199
C0253,Individual,Betty,Hughes,1994-09-15,F,Usa,Virginia,Home,4,No,Website,31.3,0,4,1239226.11,309806.5275,486893.64,4211.33,2024-02-01,2024-05-01,4,0,4,1,90,0.0,1,1,2,Personal-Use Buyers,-0.04011439145028101,-0.635607088020786
C0254,Individual,Rachel,Freeman,1956-07-21,F,Usa,Florida,Home,5,No,Website,69.4,0,4,1332152.57,333038.1425,499070.64,4385.49,2024-04-01,2025-09-01,4,0,4,1,518,0.0,1,0,2,Global Investors,0.4733128262011023,-1.2045130636303145
C0255,Individual,Sara,Jones,1961-02-08,F,Uk,England,Investment,3,Yes,Client,64.9,1,4,1689083.06,422270.765,598112.26,5013.23,2024-01-01,2025-05-01,4,0,4,1,486,0.0,1,0,1,Global Investors,1.697645920766927,0.30114803254902084
C0256,Individual,Anthony,Hughes,1990-12-10,M,Usa,California,Home,1,Yes,Website,35.1,1,3,1150229.15,383409.7166666666,574185.82,3843.95,2024-10-01,2025-12-01,3,0,3,1,426,0.0,1,2,0,First-Time Buyers,-0.650062153852445,1.290078330865117
C0257,Individual,Nicholas,Kim,1974-10-22,M,Usa,California,Home,1,No,Website,51.2,0,3,1145456.23,381818.74333333335,534131.64,3833.52,2024-02-01,2025-05-01,2,1,3,1,455,0.333,1,1,2,Personal-Use Buyers,-0.5952904422957243,1.384673666310045
C0258,Individual,Carl,Murray,1991-04-15,M,Uk,Northern Ireland,Home,4,Yes,Agency,34.7,1,3,1001712.37,333904.12333333335,525651.46,3519.55,2024-08-01,2025-05-01,3,0,3,1,273,0.0,1,2,0,First-Time Buyers,-1.245500458460708,0.3208898401931118
C0259,Individual,Emma,Chavez,1990-02-15,F,Usa,Oregon,Home,4,No,Website,35.9,0,3,779396.4099999999,259798.80333333332,327070.05,2528.04,2024-02-01,2024-11-01,3,0,3,1,274,0.0,1,1,2,Personal-Use Buyers,-2.439078442391301,-0.6390204236556835
C0260,Individual,Rebecca,Wood,1946-08-04,F,Usa,Nevada,Investment,3,No,Website,79.4,0,4,1057192.79,264298.1975,387130.78,3283.69,2024-09-01,2025-10-01,2,2,4,1,395,0.5,1,1,2,Personal-Use Buyers,-0.9137220969531553,-0.9992885867463802
C0261,Company,Celera,Co,1985-05-13,F,Usa,Florida,Investment,4,Yes,Website,40.6,1,4,2094623.1,523655.775,553392.84,6705.53,2024-08-01,2025-10-01,3,1,4,1,426,0.25,1,0,1,Global Investors,3.749434068793071,1.9783911335668143
C0262,Individual,Billy,Bryant,1947-05-25,M,Usa,Oregon,Home,2,No,Website,78.6,0,3,1233260.4,411086.8,507625.15,4077.7200000000003,2024-11-01,2025-06-01,3,0,3,1,212,0.0,1,0,1,Global Investors,-0.07680581483304105,0.548571349505521
C0263,Individual,Anthony,Garcia,1981-08-02,M,Usa,Nevada,Investment,2,Yes,Website,44.4,1,3,969140.41,323046.80333333334,377230.63,3050.29,2025-01-01,2025-11-01,3,0,3,1,304,0.0,1,2,0,First-Time Buyers,-1.6041845866923663,0.3371618615780541
C0264,Individual,Melissa,Baker,1992-09-12,F,Usa,Colorado,Home,2,Yes,Agency,33.3,1,4,1127766.02,281941.505,343865.15,3888.98,2024-01-01,2025-03-01,3,1,4,1,425,0.25,1,2,0,First-Time Buyers,-0.6138083434488184,-0.09637021928062374
C0265,Company,Celera,Co,1967-04-13,M,Belgium,Flanders,Home,1,No,Website,58.7,0,4,1708031.99,427007.9975,629727.03,5172.29,2024-05-01,2025-11-01,3,1,4,1,549,0.25,1,0,1,Global Investors,1.796344234109785,1.0418964227800185
C0266,Individual,Aaron,Owens,1977-02-26,M,Usa,California,Home,5,Yes,Agency,48.8,1,3,931646.38,310548.79333333333,423535.41,3236.3599999999997,2024-02-01,2025-04-01,2,1,3,1,425,0.333,1,2,0,First-Time Buyers,-1.514154565938624,0.15935066910679022
C0267,Individual,Judy,Howard,1948-11-12,F,Usa,Utah,Home,4,Yes,Agency,77.1,1,4,1314495.01,328623.7525,426946.49,4384.48,2024-04-01,2025-11-01,4,0,4,1,579,0.0,1,2,0,First-Time Buyers,0.3763011880577714,-1.0638930578370596
C0268,Individual,Danielle,Carter,1959-02-21,F,Usa,Georgia,Investment,3,No,Website,66.9,0,4,1108939.8599999999,277234.96499999997,425894.16,3601.56,2024-02-01,2024-11-01,3,1,4,1,274,0.25,1,1,2,Personal-Use Buyers,-0.6520668338510109,-1.0315805941449774
C0269,Individual,David,Stewart,1969-02-04,M,Usa,New York,Home,2,No,Agency,56.9,0,3,1049110.08,349703.36000000004,536079.52,3230.07,2024-09-01,2025-12-01,2,1,3,1,456,0.333,1,1,2,Personal-Use Buyers,-1.201040261903996,0.8088288694360586
C0270,Individual,Megan,Allen,1944-07-21,F,Usa,Florida,Home,5,No,Website,81.4,0,3,924009.9,308003.3,389694.82,2950.28,2024-11-01,2025-08-01,2,1,3,1,273,0.333,1,1,2,Personal-Use Buyers,-1.549045723341129,-0.5690528966412304
C0271,Individual,Laura,Hughes,1972-04-28,F,Usa,California,Investment,3,No,Agency,53.7,0,4,1295689.37,323922.3425,479460.4,4097.35,2024-04-01,2025-12-01,2,2,4,1,609,0.5,1,1,2,Personal-Use Buyers,0.08788635355896404,0.0900259675329134
C0272,Individual,Pamela,Green,1993-08-03,F,Uk,Scotland,Home,5,Yes,Website,32.4,1,4,1439584.37,359896.0925,535120.87,4994.32,2024-01-01,2025-07-01,4,0,4,1,547,0.0,1,2,0,First-Time Buyers,0.9630628531315041,-0.15013116395664172
C0273,Individual,Paul,Morales,1987-02-27,M,Denmark,Zealand,Investment,2,No,Website,38.8,0,3,682452.64,227484.21333333335,341971.22,2404.38,2024-02-01,2025-07-01,3,0,3,1,516,0.0,1,1,2,Personal-Use Buyers,-2.9047034558906644,-0.6652677661805836
C0274,Individual,Raymond,Young,1950-10-01,M,Usa,Florida,Home,2,No,Website,75.2,0,3,1343449.34,447816.4466666667,623754.36,4403.67,2024-01-01,2024-07-01,3,0,3,1,182,0.0,1,0,1,Global Investors,0.4437253090096257,0.9878457392619414
C0275,Individual,William,Thompson,2000-06-26,M,Usa,Oregon,Home,1,Yes,Website,25.5,1,4,1237500.3,309375.075,394827.74,4709.35,2024-06-01,2025-12-01,3,1,4,1,548,0.25,1,2,0,First-Time Buyers,0.0981584289185784,0.4716293245651639
C0276,Individual,Gloria,Harris,1953-02-16,F,Usa,Washington,Home,5,No,Website,72.9,0,3,1011195.98,337065.32666666666,419401.36,3494.9300000000003,2024-01-01,2025-02-01,3,0,3,1,397,0.0,1,1,2,Personal-Use Buyers,-1.0244001254780375,-0.6294767874808415
C0277,Individual,Jordan,Garcia,1954-11-17,M,Usa,Colorado,Investment,1,Yes,Agency,71.1,1,3,1123449.53,374483.1766666667,510899.59,3859.28,2024-09-01,2025-12-01,3,0,3,1,456,0.0,1,2,0,First-Time Buyers,-0.6553553724946807,0.6146663991227456
C0278,Individual,Margaret,Foster,1955-08-03,F,Usa,California,Investment,2,Yes,Website,70.4,1,3,1442538.67,480846.2233333333,598158.07,5055.83,2024-05-01,2024-11-01,3,0,3,1,184,0.0,1,0,0,Global Investors,1.0744607662034662,1.540068925592421
C0279,Individual,Heather,Montgomery,1967-05-15,F,Usa,Oregon,Home,1,No,Website,58.6,0,3,1012986.25,337662.0833333333,462143.05,3511.06,2024-02-01,2024-04-01,3,0,3,1,60,0.0,1,1,2,Personal-Use Buyers,-1.1922275513329978,0.2930428223554468
C0280,Individual,Nathan,Price,1944-04-14,M,Usa,Florida,Home,4,No,Client,81.7,0,4,1282020.93,320505.2325,473146.44,4617.01,2024-01-01,2025-04-01,3,1,4,1,456,0.25,1,1,2,Personal-Use Buyers,0.44705544202393527,-0.985064924579581
C0281,Individual,Katherine,Phillips,1977-03-22,F,Usa,California,Home,1,Yes,Agency,48.8,1,3,1256275.37,418758.4566666667,522943.88,4165.37,2024-08-01,2025-12-01,2,1,3,1,487,0.333,1,2,0,First-Time Buyers,-0.10206288950655373,1.957961496361891
C0282,Individual,Emily,Owens,1997-10-18,F,Usa,California,Investment,1,No,Website,28.2,0,4,973863.8,243465.95,315993.38,3435.93,2024-01-01,2025-07-01,3,1,4,1,547,0.25,1,1,1,Personal-Use Buyers,-1.318941305182571,-0.39447461764294706
C0283,Individual,Susan,Edwards,1962-05-12,F,Usa,Arizona,Home,2,Yes,Agency,63.6,1,4,1118599.47,279649.8675,503401.23,3690.16,2024-01-01,2025-07-01,3,1,4,1,547,0.25,1,2,0,First-Time Buyers,-0.6476728575092311,-0.6343571053750093
C0284,Individual,Patrick,Owens,1977-02-25,M,Usa,Arizona,Home,4,No,Client,48.8,0,4,1251975.85,312993.9625,452041.67,3976.29,2024-08-01,2025-04-01,4,0,4,1,243,0.0,1,1,2,Personal-Use Buyers,-0.08936410192068117,-0.891435580406841
C0285,Individual,Billy,Parker,1999-03-09,M,France,Ile-De-France,Investment,3,No,Website,26.8,0,4,1679056.13,419764.0325,575785.08,5692.69,2024-07-01,2025-08-01,4,0,4,1,396,0.0,1,0,1,Global Investors,1.9243502787532427,0.7895221535132676
C0286,Individual,Noah,Brooks,1996-03-24,M,Uk,Scotland,Home,1,No,Agency,29.8,0,3,859353.0900000001,286451.03,335095.0,2965.81,2024-09-01,2025-08-01,3,0,3,1,334,0.0,1,1,2,Personal-Use Buyers,-2.111485727432291,0.2914846346361886
C0287,Individual,Joan,Bell,1990-06-10,F,Australia,New South Wales,Home,5,No,Website,35.6,0,3,1171265.03,390421.6766666667,483565.19,3617.89,2024-09-01,2025-08-01,2,1,3,1,334,0.333,1,1,2,Personal-Use Buyers,-0.5530734058548353,1.078002637195669
C0288,Individual,Kevin,Freeman,1997-11-03,M,Usa,Colorado,Investment,4,No,Agency,28.2,0,4,1364289.23,341072.3075,556972.3,4793.49,2024-02-01,2025-06-01,4,0,4,1,486,0.0,1,0,1,Global Investors,0.5743767055491135,-0.22585041207762488
C0289,Individual,Laura,Hayes,1993-06-14,F,Usa,California,Investment,5,No,Agency,32.5,0,4,1533862.35,383465.5875,465791.79,4801.09,2024-01-01,2025-09-01,3,1,4,1,609,0.25,1,0,1,Global Investors,1.1292006645679806,0.3588350738115402
C0290,Individual,Ryan,Watson,1962-01-01,M,Usa,California,Home,2,No,Website,64.0,0,3,1215398.18,405132.7266666666,618068.19,4011.52,2024-01-01,2025-05-01,2,1,3,1,486,0.333,1,1,2,Personal-Use Buyers,-0.19837971191700532,1.241590037971777
C0291,Individual,James,Bryant,1953-07-06,M,Usa,Nevada,Home,2,No,Agency,72.5,0,3,1322506.76,440835.58666666667,578696.13,4571.08,2024-02-01,2025-12-01,3,0,3,1,669,0.0,1,0,2,Global Investors,0.42497587887535054,0.986759059976137
C0292,Individual,Karen,Watson,1945-12-02,F,Usa,California,Home,1,No,Agency,80.1,0,4,1442818.3399999999,360704.58499999996,562572.19,4336.25,2024-06-01,2025-07-01,4,0,4,1,395,0.0,1,0,2,Global Investors,0.6361383896554532,-0.3968800245632091
C0293,Individual,Ruth,Collins,1993-07-01,F,Usa,California,Investment,4,No,Website,32.5,0,4,1580876.65,395219.1625,555343.32,5197.3099999999995,2024-03-01,2025-08-01,4,0,4,1,518,0.0,1,0,1,Global Investors,1.4513562971396146,0.24688836902686806
C0294,Individual,Nicholas,Reyes,1963-07-17,M,Usa,Nevada,Home,3,Yes,Website,62.5,1,4,1027250.91,256812.7275,483003.01,3300.5299999999997,2024-01-01,2025-02-01,3,1,4,1,397,0.25,1,2,0,First-Time Buyers,-1.0547115789454131,-1.0504409768711642
C0295,Individual,Roger,Harris,1967-09-07,M,Russia,Tatarstan,Home,3,No,Agency,58.3,0,3,1350375.73,450125.24333333335,628455.63,4241.6,2024-11-01,2025-06-01,3,0,3,1,212,0.0,1,0,1,Global Investors,0.32060571600347626,1.1692769733473107
C0296,Individual,Mark,Young,1984-04-06,M,Canada,Manitoba,Home,1,Yes,Client,41.7,1,3,1142875.46,380958.48666666663,449749.3,3714.07,2024-02-01,2025-08-01,3,0,3,1,547,0.0,1,2,0,First-Time Buyers,-0.7579532231488495,1.176707511418374
C0297,Individual,Julia,Murray,1972-11-19,F,Uk,Wales,Investment,5,No,Agency,53.1,0,4,1709184.75,427296.1875,549203.19,5691.97,2024-03-01,2024-08-01,4,0,4,1,153,0.0,1,0,1,Global Investors,2.1375706534148566,0.1122498850377233
C0298,Individual,Sarah,Patterson,1972-11-10,F,Usa,Oregon,Home,3,No,Website,53.1,0,4,1262479.23,315619.8075,565653.37,4278.52,2024-03-01,2025-12-01,3,1,4,1,640,0.25,1,1,2,Personal-Use Buyers,0.10982653007275717,-0.3935289582132019
C0299,Individual,Barbara,Davis,1977-05-03,F,Uk,Wales,Home,5,No,Agency,48.7,0,4,1177661.76,294415.44,495541.93,3795.0299999999997,2024-01-01,2025-02-01,4,0,4,1,397,0.0,1,1,2,Personal-Use Buyers,-0.38510797660421753,-1.218714889564078
C0300,Individual,Zachary,Peterson,1959-04-11,M,Canada,Alberta,Home,5,Yes,Website,66.7,1,3,844956.55,281652.18333333335,294620.75,2633.89,2024-08-01,2025-08-01,3,0,3,1,365,0.0,1,2,0,First-Time Buyers,-2.0622222133332024,-0.9619389700043188
C0301,Individual,Lisa,Alexander,1959-03-02,F,Usa,Virginia,Home,4,No,Agency,66.8,0,3,1045776.52,348592.17333333334,452486.22,3859.28,2024-06-01,2024-11-01,3,0,3,1,153,0.0,1,1,2,Personal-Use Buyers,-0.8034475493456726,-0.211949360651875
C0302,Individual,Maria,Edwards,1976-07-25,F,Usa,Utah,Investment,1,No,Agency,49.4,0,4,1654300.33,413575.0825,712128.48,4956.58,2024-07-01,2025-11-01,2,2,4,1,488,0.5,1,0,1,Global Investors,1.487535991610674,1.4448436886696445
C0303,Individual,Betty,Owens,1957-07-10,F,Usa,Virginia,Investment,5,Yes,Website,68.5,1,4,1519113.12,379778.28,464094.48,4968.33,2024-10-01,2025-03-01,3,1,4,1,151,0.25,1,0,0,Global Investors,1.3080187632446716,-0.18884555277411183
C0304,Individual,Patrick,Morris,1959-12-22,M,Usa,California,Investment,1,No,Agency,66.0,0,4,1685753.28,421438.32,664971.32,5334.25,2024-08-01,2025-11-01,4,0,4,1,457,0.0,1,0,1,Global Investors,1.8003338928202304,0.4857758867366258
C0305,Individual,Emily,Kim,1995-11-22,F,Usa,Arizona,Home,1,No,Website,30.1,0,3,1327736.23,442578.74333333335,561574.14,4479.73,2024-12-01,2025-06-01,2,1,3,1,182,0.333,1,0,1,Global Investors,0.2724034005192351,2.373865710205593
C0306,Individual,Samuel,Foster,1988-04-05,M,Usa,California,Home,1,No,Client,37.7,0,4,1399698.79,349924.6975,493102.83,4302.0199999999995,2024-03-01,2025-11-01,3,1,4,1,610,0.25,1,0,1,Global Investors,0.3818360589842977,0.5724517716670278
C0307,Individual,Samuel,Freeman,1992-10-13,M,Usa,California,Home,5,Yes,Client,33.2,1,4,1490170.3800000001,372542.59500000003,500020.84,4668.42,2024-03-01,2025-08-01,3,1,4,1,518,0.25,1,2,0,First-Time Buyers,0.9485719066390165,0.3377517371156939
C0308,Individual,Catherine,Roberts,1972-10-10,F,Belgium,Flanders,Investment,4,Yes,Agency,53.2,1,3,1176582.54,392194.18,528227.73,4031.45,2024-04-01,2025-12-01,3,0,3,1,609,0.0,1,2,0,First-Time Buyers,-0.35887535404779464,0.6080803336539925
C0309,Individual,Stephanie,Cox,1957-10-15,F,Usa,Washington,Home,4,No,Agency,68.2,0,3,1382649.58,460883.19333333336,578028.54,4236.65,2024-02-01,2025-09-01,2,1,3,1,578,0.333,1,0,1,Global Investors,0.5216234750101595,1.4359986449379833
C0310,Individual,Edward,Weaver,1992-05-02,M,Uk,Northern Ireland,Home,3,No,Website,33.7,0,3,1389329.62,463109.87333333335,525344.23,4695.97,2024-05-01,2025-05-01,3,0,3,1,365,0.0,1,0,1,Global Investors,0.6370801722471873,1.7005678174403955
C0311,Individual,Justin,Anderson,1952-03-09,M,Usa,Georgia,Home,2,No,Website,73.8,0,4,1632999.56,408249.89,582311.86,5251.29,2024-02-01,2025-08-01,3,1,4,1,547,0.25,1,0,1,Global Investors,1.716019528972401,0.40134818919611664
C0312,Individual,Zachary,Cooper,1941-01-14,M,Usa,Nevada,Home,3,Yes,Website,85.0,1,4,1105668.66,276417.165,363263.79,3849.2799999999997,2024-05-01,2025-05-01,4,0,4,1,365,0.0,1,2,0,First-Time Buyers,-0.48561037407670843,-1.6040959570799853
C0313,Company,Stratos,Co,1974-04-12,M,Usa,California,Home,1,No,Agency,51.7,0,3,1091085.9300000002,363695.31000000006,467065.87,3570.94,2024-08-01,2025-01-01,2,1,3,1,153,0.333,1,1,2,Personal-Use Buyers,-0.9367962066482892,1.2200246997675255
C0314,Individual,Andrew,Jones,1982-08-23,M,Usa,Washington,Investment,4,No,Agency,43.4,0,3,1040795.02,346931.67333333334,417096.92,3415.27,2024-07-01,2024-12-01,2,1,3,1,153,0.333,1,1,2,Personal-Use Buyers,-1.117282527371001,0.674247501584384
C0315,Individual,Michael,Phillips,1987-03-18,M,Mexico,Baja California,Investment,5,No,Website,38.8,0,4,1178606.56,294651.64,560474.88,3918.71,2024-07-01,2025-10-01,3,1,4,1,457,0.25,1,1,2,Personal-Use Buyers,-0.32182019553046387,-0.6952417370862017
C0316,Individual,Brandon,Martin,1997-04-14,M,Uk,Scotland,Investment,4,Yes,Website,28.7,1,4,1792447.27,448111.8175,541632.06,5355.599999999999,2024-01-01,2025-08-01,3,1,4,1,578,0.25,1,0,0,Global Investors,2.1263431987814028,1.391314746756609
C0317,Individual,Amber,Hansen,1999-11-17,F,Usa,California,Investment,2,Yes,Website,26.1,1,3,1248444.31,416148.10333333333,518973.54,4353.76,2024-02-01,2025-02-01,3,0,3,1,366,0.0,1,2,0,First-Time Buyers,-0.06774655149830011,1.6169577998745324
C0318,Individual,Amy,Peterson,1974-03-22,F,Germany,Berlin,Home,5,No,Website,51.8,0,3,871968.67,290656.2233333333,330533.73,2782.8199999999997,2024-06-01,2024-10-01,3,0,3,1,122,0.0,1,1,2,Personal-Use Buyers,-1.9352158216999547,-0.7386811358506281
C0319,Company,Zynex,Co,1995-11-12,F,Usa,Texas,Home,5,Yes,Website,30.1,1,4,2061054.65,515263.6625,614698.11,6904.23,2024-04-01,2025-12-01,3,1,4,1,609,0.25,1,0,1,Global Investors,3.7673613099162235,1.8988542449769001
C0320,Individual,Tyler,Cox,1984-12-01,M,Usa,Texas,Home,3,Yes,Client,41.1,1,3,1317732.09,439244.03,569841.56,4397.76,2024-01-01,2024-02-01,2,1,3,1,31,0.333,1,2,0,First-Time Buyers,0.2733958528341674,1.9479696413622778
C0321,Individual,Jesse,Cook,1992-01-12,M,Usa,California,Investment,2,No,Agency,34.0,0,4,1701753.71,425438.4275,541634.06,5287.04,2024-03-01,2025-04-01,4,0,4,1,396,0.0,1,0,1,Global Investors,1.755143187437685,0.9006606437812157
C0322,Individual,Deborah,Moore,1996-12-25,F,Usa,California,Home,2,Yes,Website,29.0,1,3,1347002.93,449000.9766666666,591179.27,4335.88,2024-06-01,2025-07-01,2,1,3,1,395,0.333,1,2,0,First-Time Buyers,0.28448219654936996,2.4138116551380158
C0323,Individual,Samantha,Hayes,1975-09-16,F,Usa,California,Investment,2,Yes,Website,50.3,1,3,1230825.62,410275.2066666667,545057.23,3925.54,2024-07-01,2025-08-01,2,1,3,1,396,0.333,1,2,0,First-Time Buyers,-0.2537113178433026,1.6521459787053847
C0324,Individual,Raymond,Parker,1993-06-14,M,Usa,Washington,Home,4,No,Website,32.5,0,3,1147121.25,382373.75,517353.17,3939.48,2024-09-01,2025-06-01,2,1,3,1,273,0.333,1,1,2,Personal-Use Buyers,-0.49128377550873287,1.201878337534948
C0325,Individual,Maria,Flores,1983-02-24,F,Usa,California,Home,5,Yes,Agency,42.9,1,4,1205175.56,301293.89,488081.56,4120.49,2024-01-01,2025-05-01,2,2,4,1,486,0.5,1,2,0,First-Time Buyers,-0.12385176486636817,-0.17907509372667438
C0326,Individual,Daniel,Reed,1958-05-10,M,Usa,Oregon,Investment,4,Yes,Agency,67.6,1,4,1321975.5,330493.875,577426.88,4112.51,2024-06-01,2025-08-01,4,0,4,1,426,0.0,1,2,0,First-Time Buyers,0.2160111550155206,-0.883131727528827
C0327,Individual,Elizabeth,Ward,1961-07-09,F,Uk,Scotland,Home,1,No,Agency,64.5,0,4,1116366.72,279091.68,530962.64,3733.42,2024-06-01,2025-12-01,4,0,4,1,548,0.0,1,1,2,Personal-Use Buyers,-0.6810791139279316,-0.9730719087501528
C0328,Individual,William,Young,1946-10-22,M,Usa,California,Home,1,Yes,Client,79.2,1,4,1356560.31,339140.0775,504707.33,4120.84,2024-03-01,2025-10-01,4,0,4,1,579,0.0,1,2,0,First-Time Buyers,0.2737964589249066,-0.5012281281875849
C0329,Individual,Diane,Morales,1998-10-05,F,Germany,Hesse,Home,3,No,Agency,27.2,0,3,770062.4,256687.46666666667,337233.0,2768.0,2024-03-01,2025-10-01,3,0,3,1,579,0.0,1,1,2,Personal-Use Buyers,-2.4522790345233743,-0.31212603691570867
C0330,Individual,Christian,Richardson,1975-06-21,M,Usa,California,Home,1,No,Website,50.5,0,4,1331463.63,332865.9075,453899.37,4587.97,2024-04-01,2025-06-01,4,0,4,1,426,0.0,1,0,1,Global Investors,0.37975352559534253,-0.21115249596321792
C0331,Individual,Ann,Martin,1984-05-23,F,Usa,California,Investment,3,No,Agency,41.6,0,4,1546334.4,386583.6,486548.28,5039.8,2024-03-01,2025-06-01,3,1,4,1,457,0.25,1,0,1,Global Investors,1.2493933762132727,0.5758109240307158
C0332,Individual,Christopher,Price,1989-12-15,M,Usa,Texas,Investment,3,No,Website,36.0,0,3,1209987.46,403329.1533333333,510194.12,4306.99,2024-05-01,2025-10-01,2,1,3,1,518,0.333,1,0,2,Global Investors,-0.12791552098264902,1.5315974768055372
C0333,Individual,Helen,Hall,1955-12-23,F,Uk,Wales,Home,3,No,Website,70.0,0,3,1118960.06,372986.6866666667,544042.09,3610.17,2024-02-01,2025-04-01,2,1,3,1,425,0.333,1,1,2,Personal-Use Buyers,-0.6825463771020336,0.6558002364966622
C0334,Individual,Andrew,Roberts,1950-08-01,M,Usa,Arizona,Investment,3,No,Agency,75.4,0,4,1445655.93,361413.9825,565288.74,4191.96,2024-03-01,2024-12-01,2,2,4,1,275,0.5,1,0,2,Global Investors,0.6387563745069593,0.11648656111072124
C0335,Individual,Charles,Morris,1975-12-24,M,Usa,Arizona,Home,4,No,Website,50.0,0,4,1478341.12,369585.28,593581.03,4761.63,2024-04-01,2025-10-01,2,2,4,1,548,0.5,1,0,1,Global Investors,1.0216758209019545,0.440259395154114
C0336,Individual,Karen,Price,1971-11-17,F,Usa,California,Investment,5,No,Agency,54.1,0,3,1163690.5899999999,387896.8633333333,627613.85,3680.63,2024-03-01,2024-12-01,3,0,3,1,275,0.0,1,1,2,Personal-Use Buyers,-0.5252626851373781,0.2419907138146698
C0337,Individual,Nathan,Alexander,1942-01-27,M,Usa,Arizona,Home,3,Yes,Website,83.9,1,3,759310.2,253103.4,405740.25,2680.13,2024-10-01,2025-04-01,3,0,3,1,182,0.0,1,2,0,First-Time Buyers,-2.3160652055844384,-1.2273838323247055
C0338,Individual,Patrick,Flores,1943-05-28,M,Usa,California,Home,5,Yes,Website,82.6,1,4,1488671.1300000001,372167.78250000003,539440.64,4908.68,2024-02-01,2025-12-01,2,2,4,1,669,0.5,1,0,0,Global Investors,1.2577027584066398,-0.12815407250552
C0339,Individual,Keith,King,1963-10-05,M,Usa,Utah,Investment,5,No,Agency,62.2,0,4,1548824.23,387206.0575,503290.73,4680.54,2024-02-01,2025-12-01,4,0,4,1,669,0.0,1,0,1,Global Investors,1.190513624485487,-0.4865520846001989
C0340,Individual,Daniel,Garcia,1940-11-25,M,Usa,California,Investment,2,No,Agency,85.1,0,3,1047500.4199999999,349166.80666666664,437506.24,3790.73,2024-06-01,2025-11-01,3,0,3,1,518,0.0,1,1,2,Personal-Use Buyers,-0.8547210115979643,-0.17733732295573879
C0341,Individual,Carl,Chavez,1982-11-10,M,Usa,California,Investment,4,No,Agency,43.1,0,4,1679555.42,419888.855,584357.04,5172.29,2024-03-01,2025-09-01,4,0,4,1,549,0.0,1,0,1,Global Investors,1.7286893425196797,0.35071254196025553
C0342,Individual,Kevin,Hughes,1974-08-15,M,Usa,California,Investment,2,No,Client,51.4,0,3,1290567.3900000001,430189.13000000006,545582.64,3859.29,2024-07-01,2025-09-01,3,0,3,1,427,0.0,1,0,1,Global Investors,-0.11795915183096478,1.2154561341222967
C0343,Individual,Joyce,Thompson,1952-06-17,F,Usa,California,Home,2,No,Website,73.5,0,4,1630923.97,407730.9925,626989.8,5498.34,2024-02-01,2025-08-01,4,0,4,1,547,0.0,1,0,1,Global Investors,1.8240164948323714,0.021005587266230624
C0344,Individual,Joshua,Jackson,1997-05-13,M,Canada,British Columbia,Home,2,Yes,Website,28.6,1,4,1276344.68,319086.17,450231.11,4239.75,2025-04-01,2025-11-01,4,0,4,1,214,0.0,1,2,0,First-Time Buyers,-0.02023280718809107,-0.014952046502319977
C0345,Individual,Stephanie,Hall,1969-09-15,F,Usa,New York,Home,4,Yes,Website,56.3,1,3,1339687.25,446562.4166666667,495847.14,4531.13,2024-03-01,2025-08-01,2,1,3,1,518,0.333,1,0,0,Global Investors,0.5164610295710298,1.590339036806431
C0346,Individual,Amy,Nelson,1963-06-02,F,Usa,California,Home,5,No,Agency,62.6,0,3,1174812.8599999999,391604.2866666666,492067.86,3815.01,2024-03-01,2025-05-01,3,0,3,1,426,0.0,1,1,2,Personal-Use Buyers,-0.38135169177908596,0.13543585769602523
C0347,Individual,Mark,Reyes,1992-05-24,M,Usa,Washington,Home,3,Yes,Website,33.6,1,3,1378006.45,459335.48333333334,476814.14,4414.860000000001,2024-05-01,2025-11-01,1,2,3,1,549,0.667,1,0,0,Global Investors,0.4937987180356355,2.784068512101693
C0348,Individual,Jack,Pierce,1982-02-13,M,Usa,Colorado,Investment,5,Yes,Agency,43.9,1,4,1482633.92,370658.48,571558.04,4986.83,2024-12-01,2025-10-01,4,0,4,1,304,0.0,1,0,0,Global Investors,1.093022461000691,-0.22464392206236763
C0349,Individual,Paul,Jackson,1975-06-26,M,Usa,Arizona,Home,2,Yes,Agency,50.5,1,3,1065745.84,355248.61333333334,536330.79,3373.5,2024-02-01,2025-09-01,2,1,3,1,578,0.333,1,2,0,First-Time Buyers,-1.0995358112160978,1.0994353859317276
C0350,Individual,Richard,Jones,1992-12-11,M,Usa,Arizona,Home,2,No,Agency,33.1,0,3,1066408.3,355469.43333333335,501574.06,3618.8199999999997,2024-07-01,2025-05-01,2,1,3,1,304,0.333,1,1,2,Personal-Use Buyers,-1.0177166993591777,1.2733736619567007
C0351,Individual,Michelle,Watson,1961-12-27,F,Usa,Oregon,Home,5,No,Agency,64.0,0,4,1551113.76,387778.44,536210.24,5040.25,2025-01-01,2025-11-01,3,1,4,1,304,0.25,1,0,1,Global Investors,1.4134426079518385,-0.12965273744440184
C0352,Individual,Judith,Williams,1977-06-22,F,Usa,Nevada,Investment,3,No,Agency,48.5,0,3,1339830.04,446610.01333333337,563932.05,4343.46,2024-03-01,2024-09-01,3,0,3,1,184,0.0,1,0,1,Global Investors,0.3114178041499814,1.2847919880514989
C0353,Individual,Anna,Murray,1964-04-24,F,Usa,Arizona,Home,2,No,Agency,61.7,0,3,889855.16,296618.38666666666,348984.03,2942.6099999999997,2024-04-01,2025-12-01,3,0,3,1,609,0.0,1,1,2,Personal-Use Buyers,-1.8760731746876762,-0.3309932584999446
C0354,Individual,Kimberly,Turner,1998-10-23,F,Usa,California,Home,4,No,Website,27.2,0,3,962196.6000000001,320732.2,401828.82,3177.45,2024-02-01,2024-11-01,2,1,3,1,274,0.333,1,1,2,Personal-Use Buyers,-1.511198109601141,0.6498817318841833
C0355,Individual,Henry,Alexander,1951-10-16,M,Mexico,Baja California,Investment,1,No,Website,74.2,0,3,1029593.97,343197.99,371216.81,3820.35,2024-04-01,2025-05-01,3,0,3,1,395,0.0,1,1,2,Personal-Use Buyers,-0.9538115627048701,0.10294166165987971
C0356,Individual,Andrea,Kim,1976-06-06,F,Usa,Georgia,Home,3,No,Website,49.6,0,4,964351.9,241087.975,356415.65,3264.64,2024-03-01,2025-11-01,4,0,4,1,610,0.0,1,1,2,Personal-Use Buyers,-1.3016686466179725,-1.502609394743812
C0357,Individual,Danielle,Griffin,1988-04-09,F,Usa,California,Home,3,No,Website,37.7,0,3,970629.22,323543.0733333333,440318.57,3178.04,2024-02-01,2025-09-01,2,1,3,1,578,0.333,1,1,2,Personal-Use Buyers,-1.4842107195727008,0.6697685000703794
C0358,Individual,Katherine,Griffin,1978-09-26,F,Australia,New South Wales,Home,3,Yes,Agency,47.3,1,3,1150919.74,383639.91333333333,448849.01,3721.8199999999997,2024-06-01,2024-11-01,2,1,3,1,153,0.333,1,2,0,First-Time Buyers,-0.6330838878935022,1.2961302923860292
C0359,Individual,Julie,Cooper,1951-03-10,F,Usa,California,Investment,1,No,Agency,74.8,0,3,1098189.8900000001,366063.2966666667,504517.39,3925.54,2024-05-01,2025-10-01,3,0,3,1,518,0.0,1,1,2,Personal-Use Buyers,-0.684948120052513,0.34109332113374535
C0360,Individual,Laura,Baker,1948-09-09,F,Usa,Utah,Home,2,Yes,Agency,77.3,1,4,1978026.48,494506.62,563291.28,6705.53,2024-06-01,2025-12-01,4,0,4,1,548,0.0,1,0,1,Global Investors,3.4293951286115263,1.0219425521262469
C0361,Individual,Nicholas,Miller,1958-09-08,M,Uk,England,Home,1,Yes,Website,67.3,1,4,1468372.25,367093.0625,471871.72,4890.389999999999,2024-09-01,2024-11-01,3,1,4,1,61,0.25,1,0,0,Global Investors,0.9789525506810471,0.3894672370954762
C0362,Individual,Betty,Moore,2000-09-06,F,Usa,Utah,Home,4,No,Website,25.3,0,3,1129669.4,376556.4666666666,479711.66,3487.85,2024-04-01,2025-07-01,3,0,3,1,456,0.0,1,1,2,Personal-Use Buyers,-0.8233383975090698,0.7534504220105623
C0363,Individual,Christine,Edwards,1959-01-25,F,Usa,Utah,Investment,2,No,Client,66.9,0,4,1232301.44,308075.36,468524.95,3718.79,2024-08-01,2025-05-01,3,1,4,1,273,0.25,1,1,2,Personal-Use Buyers,-0.28856591292587547,-0.5307102976098806
C0364,Individual,George,Gray,1944-03-02,M,Usa,Texas,Home,2,No,Website,81.8,0,4,1492505.18,373126.295,627189.08,5047.12,2024-01-01,2024-07-01,2,2,4,1,182,0.5,1,0,2,Global Investors,1.2427711469101914,0.2776380325360915
C0365,Individual,Brandon,Morales,1962-02-11,M,Usa,Colorado,Investment,5,No,Agency,63.9,0,3,951259.9,317086.63333333336,435723.27,3494.9300000000003,2024-07-01,2025-05-01,3,0,3,1,304,0.0,1,1,2,Personal-Use Buyers,-1.2888510156943709,-0.6575503914244051
C0366,Individual,Keith,Long,1983-04-26,M,Usa,California,Home,4,No,Website,42.7,0,3,1420135.32,473378.44,668066.43,4356.79,2024-03-01,2025-02-01,1,2,3,1,337,0.667,1,0,1,Global Investors,0.6724826400280226,2.482329845652945
C0367,Individual,Samuel,Collins,1964-11-25,M,Usa,California,Investment,4,No,Agency,61.1,0,4,1662617.88,415654.47,593682.12,5076.26,2024-07-01,2025-09-01,2,2,4,1,427,0.5,1,0,1,Global Investors,1.7132958820712687,0.7635680186017173
C0368,Individual,Betty,Scott,1992-08-11,F,Usa,California,Home,4,Yes,Agency,33.4,1,4,1494552.45,373638.1125,589380.74,4544.86,2024-02-01,2025-07-01,3,1,4,1,516,0.25,1,2,0,First-Time Buyers,0.8547469757658476,0.5301790102374585
C0369,Individual,Helen,Murray,1954-10-01,F,Usa,Utah,Home,2,Yes,Agency,71.2,1,4,1586439.08,396609.77,604849.17,5334.25,2024-06-01,2025-08-01,4,0,4,1,426,0.0,1,0,0,Global Investors,1.567517204415387,0.09116828615668619
C0370,Individual,Michelle,Brooks,1957-09-23,F,Russia,Krasnodar Krai,Home,1,No,Website,68.3,0,4,1613633.3900000001,403408.34750000003,552125.64,5339.51,2024-03-01,2025-06-01,4,0,4,1,457,0.0,1,0,1,Global Investors,1.6266388489521686,0.2476620878391493
C0371,Individual,Ryan,Moore,1970-03-15,M,Belgium,Wallonia,Investment,3,No,Agency,55.8,0,3,827208.61,275736.2033333333,369988.32,2528.04,2024-05-01,2024-11-01,2,1,3,1,184,0.333,1,1,2,Personal-Use Buyers,-2.288208037678431,-0.09643596484911161
C0372,Individual,Teresa,Nelson,1952-04-22,F,Belgium,Flanders,Investment,1,No,Agency,73.7,0,3,1280128.06,426709.35333333333,541782.12,4085.23,2024-04-01,2025-11-01,3,0,3,1,579,0.0,1,0,2,Global Investors,-0.021151167742635875,0.999948552884408
C0373,Individual,Karen,Morales,1993-01-27,F,Usa,Georgia,Home,2,No,Agency,32.9,0,3,1047277.1799999999,349092.3933333333,512134.29,3481.54,2024-10-01,2025-03-01,2,1,3,1,151,0.333,1,1,2,Personal-Use Buyers,-1.1524519188558917,1.2100727716058282
C0374,Individual,Madison,Hughes,1993-11-07,F,Australia,New South Wales,Investment,4,Yes,Agency,32.1,1,4,916825.86,229206.465,272720.31,2940.44,2024-01-01,2024-10-01,3,1,4,1,274,0.25,1,2,0,First-Time Buyers,-1.6796972219069417,-0.9540066433017206
C0375,Individual,Kyle,Thompson,1968-07-15,M,Usa,California,Investment,4,No,Website,57.5,0,3,1178580.6400000001,392860.2133333334,463091.82,3674.04,2024-05-01,2025-01-01,2,1,3,1,245,0.333,1,1,2,Personal-Use Buyers,-0.4573540901421768,0.8875315196311585
C0376,Individual,Shirley,Smith,1953-04-19,F,Usa,California,Home,3,No,Website,72.7,0,3,1182808.29,394269.43,474499.21,4085.23,2024-03-01,2024-06-01,2,1,3,1,92,0.333,1,1,2,Personal-Use Buyers,-0.2055365202813773,0.8137374780134327
C0377,Individual,Charles,Patterson,1998-05-14,M,Usa,Washington,Home,4,No,Website,27.6,0,3,822780.32,274260.10666666663,319434.72,2712.1400000000003,2024-04-01,2025-06-01,2,1,3,1,426,0.333,1,1,2,Personal-Use Buyers,-2.209577466296836,0.15987240180554288
C0378,Individual,Heather,Anderson,1957-11-28,F,Usa,California,Investment,3,Yes,Website,68.1,1,3,812387.51,270795.83666666667,349197.14,2950.28,2024-08-01,2025-07-01,3,0,3,1,334,0.0,1,2,0,First-Time Buyers,-2.0621608355556575,-0.7737542357119208
C0379,Company,Optima,Co,1977-04-22,M,Usa,California,Investment,2,Yes,Client,48.7,1,4,1254919.3599999999,313729.83999999997,415669.45,4462.02,2024-02-01,2025-07-01,3,1,4,1,516,0.25,1,2,0,First-Time Buyers,0.09757090030580737,-0.027240689907880828
C0380,Individual,Evelyn,Chavez,1973-09-13,F,Usa,California,Home,3,Yes,Website,52.3,1,3,939708.87,313236.29,518564.66,3526.3500000000004,2024-04-01,2024-09-01,2,1,3,1,153,0.333,1,2,0,First-Time Buyers,-1.3663472555412641,0.4419004991763277
C0381,Individual,David,Gray,1961-01-08,M,Usa,California,Home,5,Yes,Agency,65.0,1,3,878913.19,292971.0633333333,315056.1,3564.7,2024-06-01,2025-12-01,3,0,3,1,548,0.0,1,2,0,First-Time Buyers,-1.4835549690330638,-0.8029044273616229
C0382,Individual,Nicholas,Garcia,1975-08-08,M,Usa,California,Investment,1,Yes,Agency,50.4,1,3,980139.25,326713.0833333333,397171.33,2942.6099999999997,2024-06-01,2024-09-01,2,1,3,1,92,0.333,1,2,0,First-Time Buyers,-1.6497681355051117,0.9739198523177154
C0383,Company,Novex,Co,1985-11-09,F,Mexico,Mexico City,Investment,3,No,Agency,40.1,0,4,968070.64,242017.66,454071.94,3238.63,2024-03-01,2025-10-01,4,0,4,1,579,0.0,1,1,2,Personal-Use Buyers,-1.388536780420138,-1.2843647857437142
C0384,Individual,Amy,Stewart,1944-03-22,F,Usa,California,Home,3,Yes,Website,81.8,1,3,1010761.74,336920.58,366344.49,3148.14,2024-07-01,2025-12-01,3,0,3,1,518,0.0,1,2,0,First-Time Buyers,-1.2534200898138772,-0.32216190830104363
C0385,Individual,Douglas,Owens,1969-01-12,M,Uk,Northern Ireland,Investment,4,No,Website,57.0,0,3,1289646.4100000001,429882.1366666667,605784.18,3831.8199999999997,2024-04-01,2025-12-01,3,0,3,1,609,0.0,1,0,2,Global Investors,-0.041801571581967574,0.7910696593116534
C0386,Individual,Carol,Stewart,1976-03-25,F,Usa,Colorado,Home,2,No,Client,49.8,0,3,1633972.21,544657.4033333333,704058.44,4335.24,2024-09-01,2025-10-01,1,2,3,1,395,0.667,1,0,1,Global Investors,1.2986931234303953,3.444845753066884
C0387,Individual,Jessica,Owens,1974-07-18,F,Usa,California,Home,2,Yes,Website,51.5,1,4,1992983.55,498245.8875,575135.54,6221.1900000000005,2024-04-01,2025-09-01,4,0,4,1,518,0.0,1,0,1,Global Investors,3.1680120884115173,1.4708637294666025
C0388,Individual,Zachary,Cox,1995-09-24,M,Usa,California,Home,4,No,Agency,30.3,0,3,961894.92,320631.64,395393.94,2927.83,2024-07-01,2025-03-01,2,1,3,1,243,0.333,1,1,2,Personal-Use Buyers,-1.6601349197986754,0.619672108245041
C0389,Individual,Ronald,Stone,1954-11-18,M,Usa,Colorado,Home,3,No,Website,71.1,0,4,1261549.0899999999,315387.27249999996,439227.72,4476.360000000001,2024-05-01,2025-06-01,2,2,4,1,396,0.5,1,1,2,Personal-Use Buyers,0.27990450829139163,-0.31842844373474766
C0390,Individual,Steven,Griffin,1942-04-23,M,Canada,Quebec,Investment,2,No,Website,83.7,0,4,1678762.0699999998,419690.51749999996,550273.32,5181.0599999999995,2024-06-01,2024-09-01,3,1,4,1,92,0.25,1,0,1,Global Investors,1.8145433548775574,0.37133759893129065
C0391,Individual,Heather,Long,1966-11-12,F,Usa,California,Home,5,No,Agency,59.1,0,3,1035012.9099999999,345004.3033333333,502064.98,3193.25,2024-01-01,2024-08-01,3,0,3,1,213,0.0,1,1,2,Personal-Use Buyers,-1.1744868470462844,-0.2906755668819622
C0392,Individual,Katherine,Adams,1977-06-14,F,Usa,Arizona,Home,2,Yes,Website,48.5,1,4,1015830.03,253957.5075,448959.32,3690.6400000000003,2024-05-01,2025-09-01,4,0,4,1,488,0.0,1,2,0,First-Time Buyers,-0.9770090280107161,-1.0540975030718556
C0393,Individual,Nicole,Allen,1988-06-08,F,Usa,Arizona,Home,4,No,Agency,37.6,0,4,1616556.78,404139.195,492421.76,5192.58,2024-05-01,2025-05-01,3,1,4,1,365,0.25,1,0,1,Global Investors,1.5638555642877583,0.6582209856443967
C0394,Individual,Shirley,Foster,1954-11-24,F,Usa,Colorado,Home,3,Yes,Website,71.1,1,4,1258840.0,314710.0,600821.21,4167.21,2024-04-01,2025-08-01,3,1,4,1,487,0.25,1,2,0,First-Time Buyers,0.09109502128898825,-0.5841993554228455
C0395,Individual,Deborah,Chavez,1959-01-17,F,Usa,Florida,Home,1,No,Website,67.0,0,3,1153134.48,384378.16,493489.81,3910.42,2024-04-01,2025-01-01,2,1,3,1,275,0.333,1,1,2,Personal-Use Buyers,-0.4802197575743839,1.1440814322162582
C0396,Individual,Charles,Allen,2000-04-17,M,Usa,Nevada,Home,5,No,Agency,25.7,0,4,1181447.25,295361.8125,414855.4,3585.0099999999998,2024-01-01,2025-08-01,4,0,4,1,578,0.0,1,1,2,Personal-Use Buyers,-0.5436758230629836,-0.8395096065804882
C0397,Individual,Hannah,Williams,2000-09-18,F,Usa,California,Home,5,No,Website,25.3,0,3,793543.27,264514.42333333334,299573.55,2586.33,2024-03-01,2025-07-01,3,0,3,1,487,0.0,1,1,2,Personal-Use Buyers,-2.3616197642124788,-0.5790346604760299
C0398,Individual,Jennifer,Alexander,1948-12-22,F,Usa,Texas,Home,1,Yes,Agency,77.0,1,4,1186693.85,296673.4625,416143.54,3743.06,2024-03-01,2024-07-01,3,1,4,1,122,0.25,1,2,0,First-Time Buyers,-0.415396267613303,-0.5137866447643177
C0399,Individual,Albert,Kim,1984-06-09,M,Usa,California,Home,4,No,Agency,41.6,0,4,1229057.49,307264.3725,470140.59,4372.2,2024-01-01,2025-02-01,3,1,4,1,397,0.25,1,1,2,Personal-Use Buyers,0.03152342990406173,-0.4299928248476403
C0400,Individual,Brandon,Anderson,1959-11-25,M,Usa,California,Home,4,No,Agency,66.1,0,4,1360152.99,340038.2475,479620.3,4956.58,2024-01-01,2025-06-01,4,0,4,1,517,0.0,1,0,2,Global Investors,0.7775986390319437,-0.879162635146919
C0401,Individual,Brian,Anderson,1969-07-21,M,Usa,Arizona,Home,5,Yes,Website,56.4,1,4,1020913.0700000001,255228.26750000002,338232.19,3412.28,2024-01-01,2025-04-01,4,0,4,1,456,0.0,1,2,0,First-Time Buyers,-0.9791116126942713,-1.6815625074185345
C0402,Individual,Brenda,Garcia,1941-02-22,F,Usa,Georgia,Home,5,No,Website,84.9,0,3,1054166.95,351388.98333333334,419555.74,3308.59,2024-02-01,2025-10-01,3,0,3,1,608,0.0,1,1,2,Personal-Use Buyers,-0.941912098240283,-0.6853582576972198
C0403,Individual,Jennifer,Adams,1963-03-25,F,Australia,New South Wales,Home,1,No,Website,62.8,0,3,878792.98,292930.99333333335,430423.76,3182.92,2024-04-01,2024-07-01,2,1,3,1,91,0.333,1,1,2,Personal-Use Buyers,-1.7909571330800158,0.2807504827819494
C0404,Individual,Sara,Cook,1976-12-05,F,France,Normandy,Investment,1,No,Client,49.1,0,3,731788.96,243929.65333333332,385857.81,2259.94,2024-06-01,2025-11-01,3,0,3,1,518,0.0,1,1,2,Personal-Use Buyers,-2.8411968469990296,-0.4949503257869348
C0405,Company,Horizon,Co,1969-12-25,M,Usa,Colorado,Home,1,No,Agency,56.0,0,4,1310963.25,327740.8125,453518.72,4561.52,2024-02-01,2025-05-01,4,0,4,1,455,0.0,1,1,1,Personal-Use Buyers,0.2960443977282328,-0.32547535311046966
C0406,Individual,Christine,Brown,1960-05-26,F,Usa,Colorado,Home,3,No,Website,65.6,0,4,1317165.12,329291.28,525171.0,4360.77,2024-03-01,2025-01-01,3,1,4,1,306,0.25,1,1,2,Personal-Use Buyers,0.34997442323996014,-0.46128661052446
C0407,Individual,Lisa,Freeman,1982-04-23,F,Usa,California,Home,2,No,Client,43.7,0,4,1254494.91,313623.7275,406850.28,4183.21,2024-04-01,2024-12-01,4,0,4,1,244,0.0,1,1,2,Personal-Use Buyers,-0.05929523220565742,-0.46034341806254414
C0408,Individual,Tyler,Rogers,1977-02-03,M,Usa,California,Home,3,No,Website,48.9,0,3,1320497.01,440165.67,574122.16,4239.18,2024-05-01,2025-10-01,3,0,3,1,518,0.0,1,0,1,Global Investors,0.23404382741522978,1.1845097966401499
C0409,Individual,Timothy,Reyes,1972-09-18,M,Usa,Nevada,Home,1,Yes,Website,53.3,1,4,1816669.2,454167.3,599891.42,5797.51,2024-02-01,2024-12-01,2,2,4,1,304,0.5,1,0,0,Global Investors,2.4368232403292582,1.906827903814658
C0410,Individual,Diane,Johnson,1982-07-13,F,Russia,Saint Petersburg,Home,5,Yes,Agency,43.5,1,3,1021706.02,340568.67333333334,524175.54,3567.5699999999997,2025-01-01,2025-03-01,3,0,3,1,59,0.0,1,2,0,First-Time Buyers,-1.0950580682589166,0.06981909308684812
C0411,Individual,Amanda,Moore,1983-05-09,F,Usa,California,Home,2,No,Website,42.6,0,3,896987.21,298995.73666666663,475205.98,2651.2400000000002,2024-03-01,2024-06-01,1,2,3,1,92,0.667,1,1,2,Personal-Use Buyers,-2.0006249033405323,1.0080121832113702
C0412,Individual,Karen,Richardson,1984-04-24,F,Uk,Scotland,Home,5,No,Website,41.7,0,3,1100376.25,366792.0833333333,493587.18,3782.51,2024-06-01,2025-03-01,3,0,3,1,273,0.0,1,1,2,Personal-Use Buyers,-0.6928426856433525,0.22675157039278424
C0413,Individual,Brandon,Smith,1940-07-11,M,Canada,British Columbia,Home,3,No,Website,85.5,0,4,1769126.22,442281.555,537806.31,5725.83,2024-10-01,2025-09-01,4,0,4,1,335,0.0,1,0,2,Global Investors,2.39565709397391,0.02915289300102823
C0414,Individual,Brandon,Reed,1962-12-07,M,Usa,California,Home,4,No,Website,63.1,0,4,1412148.94,353037.235,518926.42,4578.96,2024-06-01,2025-11-01,3,1,4,1,518,0.25,1,0,2,Global Investors,0.763869063382311,-0.3372799761330761
C0415,Individual,Grace,Turner,1980-07-09,F,Usa,Nevada,Home,5,Yes,Agency,45.5,1,4,1305928.3499999999,326482.08749999997,503380.47,4372.2,2024-02-01,2024-07-01,4,0,4,1,151,0.0,1,2,0,First-Time Buyers,0.27953121291430955,-0.7200341643700475
C0416,Company,Bravada,Co,1981-07-28,M,Germany,North Rhine-Westphalia,Investment,5,Yes,Client,44.4,1,3,1059532.51,353177.50333333336,492952.77,3782.51,2024-09-01,2025-11-01,3,0,3,1,426,0.0,1,2,0,First-Time Buyers,-0.8609574879683269,0.1807696187858623
C0417,Individual,Peter,Collins,1947-12-03,M,Usa,Utah,Home,2,No,Website,78.1,0,3,1354773.96,451591.32,583440.71,4415.7,2024-06-01,2024-09-01,3,0,3,1,92,0.0,1,0,1,Global Investors,0.49635409401477254,0.9778746657603518
C0418,Individual,Douglas,Howard,1996-08-20,M,Usa,Arizona,Home,5,No,Agency,29.4,0,4,1629486.83,407371.7075,529967.66,5107.29,2024-05-01,2025-04-01,4,0,4,1,335,0.0,1,0,1,Global Investors,1.5520282575042956,0.28072348619390664
C0419,Individual,Jack,Hansen,1962-11-03,M,Usa,Washington,Home,3,Yes,Agency,63.2,1,4,1174012.19,293503.0475,419691.92,3961.79,2024-01-01,2024-12-01,3,1,4,1,335,0.25,1,2,0,First-Time Buyers,-0.3137225793470922,-0.6494115401127837
C0420,Individual,Debra,Reyes,1994-01-04,F,Usa,California,Home,5,No,Agency,32.0,0,3,1260096.1600000001,420032.0533333334,588644.89,3990.65,2024-09-01,2025-04-01,2,1,3,1,212,0.333,1,0,2,Global Investors,-0.08900543052871174,1.4563031441291243
C0421,Individual,Zachary,Cox,1975-08-25,M,Germany,Hesse,Investment,5,Yes,Website,50.4,1,4,1495763.3699999999,373940.84249999997,585167.95,4815.62,2024-05-01,2025-12-01,4,0,4,1,579,0.0,1,0,0,Global Investors,1.0738409228985104,-0.30824799904033434
C0422,Company,Telnox,Co,1973-11-13,F,Usa,California,Home,1,Yes,Client,52.1,1,4,1653171.62,413292.905,555693.16,5714.299999999999,2024-03-01,2024-10-01,4,0,4,1,214,0.0,1,0,0,Global Investors,1.8717465761594057,0.7517070552061452
C0423,Individual,Rachel,Sanders,1950-04-17,F,Usa,California,Home,1,No,Client,75.7,0,3,1068716.19,356238.73,410950.81,3585.59,2024-07-01,2025-08-01,2,1,3,1,396,0.333,1,1,2,Personal-Use Buyers,-0.9181626877244288,0.7121576261552905
C0424,Individual,Sarah,Stewart,1998-12-04,F,Usa,Florida,Home,1,No,Website,27.1,0,3,1034036.3,344678.76666666666,521067.94,3323.43,2024-09-01,2025-02-01,3,0,3,1,153,0.0,1,1,2,Personal-Use Buyers,-1.319943174026241,0.8979313456821213
C0425,Individual,Gerald,Wright,1965-03-11,M,Usa,Nevada,Home,2,No,Agency,60.8,0,3,1256932.48,418977.49333333335,560677.96,4356.79,2024-05-01,2025-02-01,3,0,3,1,276,0.0,1,0,2,Global Investors,0.06129068363760747,0.9575538944323727
C0426,Individual,Julie,Brown,1953-10-07,F,Usa,Oregon,Home,4,Yes,Client,72.2,1,3,890250.61,296750.2033333333,519106.96,2622.57,2024-08-01,2025-12-01,3,0,3,1,487,0.0,1,2,0,First-Time Buyers,-1.9377572823328326,-0.7383567275135127
C0427,Individual,Sarah,Peterson,1994-09-06,F,Usa,California,Home,4,Yes,Website,31.3,1,4,1457016.31,364254.0775,563544.96,4866.38,2024-01-01,2025-06-01,4,0,4,1,517,0.0,1,2,0,First-Time Buyers,0.9214944799786046,0.06309999593919009
C0428,Individual,Gloria,Rogers,1962-07-20,F,Usa,Oregon,Home,3,No,Agency,63.4,0,4,984451.32,246112.83,330914.17,3353.17,2024-10-01,2025-09-01,4,0,4,1,335,0.0,1,1,2,Personal-Use Buyers,-1.1822985218461741,-1.6584687038515862
C0429,Individual,Danielle,Stone,1995-11-05,F,Usa,California,Home,3,Yes,Website,30.2,1,4,1503904.1600000001,375976.04000000004,573428.92,5498.34,2024-01-01,2025-11-01,3,1,4,1,670,0.25,1,0,0,Global Investors,1.3603417924689722,0.7577112071332525
C0430,Individual,Roger,Wood,1974-10-05,M,Usa,Nevada,Home,2,No,Agency,51.2,0,3,931141.96,310380.6533333333,413945.61,3099.31,2024-03-01,2025-05-01,2,1,3,1,426,0.333,1,1,2,Personal-Use Buyers,-1.674633752634369,0.4977688320259454
C0431,Individual,Austin,King,1969-05-05,M,Usa,California,Home,5,Yes,Website,56.7,1,4,1544751.33,386187.8325,562089.63,4986.47,2024-01-01,2025-04-01,4,0,4,1,456,0.0,1,0,0,Global Investors,1.3517339599976825,-0.3047077727741892
C0432,Company,Grandis,Co,1995-02-17,M,Usa,California,Home,5,No,Agency,30.9,0,4,1277850.15,319462.5375,500722.63,4100.599999999999,2024-08-01,2025-08-01,4,0,4,1,365,0.0,1,1,2,Personal-Use Buyers,0.01881414042959236,-0.6639621410387062
C0433,Individual,Ruth,Hughes,1969-03-03,F,Usa,California,Investment,2,Yes,Website,56.8,1,4,1937061.37,484265.3425,656465.4,6365.889999999999,2024-07-01,2025-09-01,4,0,4,1,427,0.0,1,0,1,Global Investors,3.0875248747329445,1.2369257962558624
C0434,Individual,Amanda,Sanders,1964-12-25,F,Russia,Tatarstan,Home,5,No,Website,61.0,0,3,1364889.24,454963.08,603903.4,4336.67,2024-08-01,2025-11-01,3,0,3,1,457,0.0,1,0,1,Global Investors,0.5228445494228219,0.8124369944742792
C0435,Individual,Sara,Richardson,1966-01-25,F,Australia,New South Wales,Home,5,Yes,Website,59.9,1,3,908970.34,302990.11333333334,382435.3,3231.9700000000003,2024-03-01,2024-11-01,3,0,3,1,245,0.0,1,2,0,First-Time Buyers,-1.5635892650883778,-0.623666286940659
C0436,Individual,Brandon,Jones,1972-05-12,M,Usa,Colorado,Home,2,Yes,Client,53.6,1,4,1327594.64,331898.66,479775.72,4257.05,2024-01-01,2025-03-01,4,0,4,1,425,0.0,1,2,0,First-Time Buyers,0.21410308691912747,-0.3116819240347885
C0437,Individual,Danielle,James,1990-10-05,F,Usa,Texas,Home,1,No,Website,35.2,0,3,657032.8200000001,219010.94000000003,353361.5,2404.38,2024-01-01,2024-08-01,3,0,3,1,213,0.0,1,1,2,Personal-Use Buyers,-3.0102956275223223,-0.5442063854763627
C0438,Individual,Gregory,Collins,1982-10-09,M,Usa,Georgia,Investment,1,Yes,Client,43.2,1,4,1458641.1,364660.275,517610.73,5047.12,2024-05-01,2025-05-01,4,0,4,1,365,0.0,1,2,0,First-Time Buyers,0.9246880444158493,0.3823692723166908
C0439,Individual,Larry,Thompson,1956-03-08,M,Usa,Virginia,Home,2,No,Agency,69.8,0,3,1273328.62,424442.87333333335,547817.26,4268.91,2024-02-01,2024-03-01,2,1,3,1,29,0.333,1,0,1,Global Investors,0.11565874945079413,1.369112768954692
C0440,Individual,Lawrence,Parker,1960-07-13,M,Usa,California,Investment,1,No,Agency,65.5,0,3,703498.83,234499.61,311878.98,2537.59,2024-02-01,2024-12-01,3,0,3,1,304,0.0,1,1,2,Personal-Use Buyers,-2.731702189754455,-0.8698929477043909
C0441,Individual,Joan,Foster,1980-10-01,F,Russia,Krasnodar Krai,Investment,1,No,Agency,45.2,0,4,1525849.55,381462.3875,616227.01,4957.0599999999995,2024-02-01,2025-10-01,3,1,4,1,608,0.25,1,0,1,Global Investors,1.0758571691837562,0.8140555402751001
C0442,Individual,Sarah,Hansen,1975-04-14,F,Usa,Colorado,Home,3,Yes,Website,50.7,1,4,1707466.97,426866.7425,520127.02,5958.92,2024-01-01,2025-02-01,4,0,4,1,397,0.0,1,0,1,Global Investors,2.2388780841449227,0.5656849293459493
C0443,Individual,Noah,Foster,1950-06-22,M,Denmark,Capital Region,Home,1,Yes,Agency,75.5,1,3,1355839.1,451946.3666666667,555912.87,4583.59,2024-03-01,2024-07-01,3,0,3,1,122,0.0,1,0,0,Global Investors,0.49613811608923003,1.3627445834056513
C0444,Individual,Jennifer,Martin,1941-03-15,F,Usa,California,Home,2,No,Website,84.8,0,4,1054514.54,263628.635,399974.1,3775.88,2024-09-01,2025-11-01,3,1,4,1,426,0.25,1,1,2,Personal-Use Buyers,-0.6857184299446653,-1.309616401680318
C0445,Individual,Michelle,Evans,1995-11-12,F,Usa,California,Home,2,Yes,Website,30.1,1,4,1425691.63,356422.9075,518136.39,4407.95,2024-01-01,2025-07-01,3,1,4,1,547,0.25,1,2,0,First-Time Buyers,0.534165953070827,0.7172483212233728
C0446,Individual,Douglas,Thomas,1955-02-01,M,Usa,Colorado,Home,2,No,Website,70.9,0,3,1024655.04,341551.68,426208.52,3776.0699999999997,2024-02-01,2025-01-01,2,1,3,1,335,0.333,1,1,2,Personal-Use Buyers,-0.9256619872816503,0.4656894726723226
C0447,Individual,Patricia,Johnson,1956-06-27,F,Usa,New York,Home,2,No,Website,69.5,0,3,1543592.15,514530.7166666666,605190.49,5041.58,2024-04-01,2025-09-01,2,1,3,1,518,0.333,1,0,1,Global Investors,1.4321227613785772,2.285720424184951
C0448,Individual,Mark,White,1980-06-10,M,Usa,Nevada,Investment,2,No,Agency,45.6,0,3,942066.48,314022.16,458054.04,3150.24,2024-01-01,2024-12-01,3,0,3,1,335,0.0,1,1,2,Personal-Use Buyers,-1.6583996022554317,0.12440850585301026
C0449,Individual,Jordan,King,1972-06-24,M,Usa,Oregon,Investment,2,No,Agency,53.5,0,3,1418922.44,472974.14666666667,594018.07,4512.84,2024-07-01,2025-08-01,1,2,3,1,396,0.667,1,0,1,Global Investors,0.6761415706566456,2.65950735712031
C0450,Individual,Matthew,Jackson,1992-02-19,M,Mexico,Nuevo Leon,Home,3,No,Website,33.9,0,4,1555297.3699999999,388824.34249999997,473301.04,5034.33,2024-06-01,2025-01-01,4,0,4,1,214,0.0,1,0,1,Global Investors,1.2587171086924764,0.3355098491920381
C0451,Individual,Larry,Anderson,1985-09-20,M,Canada,Alberta,Investment,5,Yes,Client,40.3,1,4,1665967.4100000001,416491.85250000004,526063.15,5358.78,2025-02-01,2025-10-01,3,1,4,1,242,0.25,1,0,0,Global Investors,1.8084753755252359,0.7000732136812339
C0452,Individual,Brandon,Adams,1967-10-17,M,Usa,Washington,Home,3,No,Website,58.2,0,4,1398358.69,349589.6725,515843.73,4344.91,2024-08-01,2025-09-01,4,0,4,1,396,0.0,1,0,1,Global Investors,0.5396651677126082,-0.5043881469445067
C0453,Individual,Carl,Wood,1993-04-16,M,Uk,Scotland,Investment,1,No,Website,32.7,0,4,1321010.76,330252.69,587960.16,4413.21,2024-06-01,2025-07-01,4,0,4,1,395,0.0,1,1,1,Personal-Use Buyers,0.1797099278870459,0.08257889477856
C0454,Company,Altira,Co,1961-04-01,F,Usa,Nevada,Investment,4,No,Agency,64.8,0,3,980683.73,326894.57666666666,522599.89,3217.45,2024-01-01,2024-11-01,3,0,3,1,305,0.0,1,1,2,Personal-Use Buyers,-1.367392541932479,-0.3960703284872176
C0455,Individual,Karen,Williams,1963-02-01,F,Usa,California,Home,1,No,Agency,62.9,0,4,1125726.62,281431.655,477256.95,3353.17,2024-04-01,2025-07-01,4,0,4,1,456,0.0,1,1,2,Personal-Use Buyers,-0.844226147989801,-0.9423833049283621
C0456,Individual,Virginia,Brooks,1995-11-18,F,Usa,Oregon,Home,3,Yes,Website,30.1,1,3,1349210.55,449736.85000000003,521158.55,4346.46,2024-03-01,2025-08-01,3,0,3,1,518,0.0,1,2,0,First-Time Buyers,0.31729940721792654,1.726500798521313
C0457,Individual,Kenneth,Hansen,1980-07-19,M,Uk,Wales,Investment,1,No,Agency,45.5,0,3,1399940.21,466646.73666666663,596228.96,4373.5,2024-06-01,2025-04-01,3,0,3,1,304,0.0,1,0,1,Global Investors,0.43449793439664924,1.8991521741606003
C0458,Individual,Thomas,Turner,1995-07-04,M,Usa,Oregon,Investment,1,No,Agency,30.5,0,4,1382881.81,345720.4525,503414.2,4493.27,2024-05-01,2025-09-01,3,1,4,1,488,0.25,1,0,1,Global Investors,0.39016421949766067,0.6693235213200288
C0459,Individual,Steven,Johnson,1955-03-23,M,Usa,California,Home,3,No,Agency,70.8,0,3,821716.14,273905.38,368466.6,2836.95,2024-03-01,2024-12-01,2,1,3,1,275,0.333,1,1,2,Personal-Use Buyers,-2.0742430435409713,-0.3813347887734237
C0460,Individual,Amanda,Cox,1992-12-25,F,Usa,Virginia,Home,1,No,Website,33.0,0,3,1061349.03,353783.01,484806.07,3236.3599999999997,2024-08-01,2025-07-01,2,1,3,1,334,0.333,1,1,2,Personal-Use Buyers,-1.2390719327626059,1.3996246850437897
C0461,Individual,Jonathan,Peterson,1960-02-16,M,Usa,Arizona,Home,1,No,Agency,65.9,0,3,986630.39,328876.7966666667,473479.09,3472.41,2024-02-01,2025-04-01,2,1,3,1,425,0.333,1,1,2,Personal-Use Buyers,-1.2864451440081297,0.6107599628033363
C0462,Individual,Eric,White,1943-10-22,M,Australia,Victoria,Home,2,No,Agency,82.2,0,4,1606667.68,401666.92,630993.32,5264.15,2024-11-01,2025-06-01,4,0,4,1,212,0.0,1,0,1,Global Investors,1.613389140852484,-0.15098349271708736
C0463,Individual,Nicholas,Garcia,1970-06-13,M,Usa,California,Home,5,No,Client,55.6,0,4,1235094.73,308773.6825,456678.02,3957.84,2024-05-01,2024-10-01,3,1,4,1,153,0.25,1,1,2,Personal-Use Buyers,-0.07875462658138704,-0.8382244211198201
C0464,Individual,Gregory,Turner,1974-12-11,M,Usa,Florida,Home,5,No,Website,51.1,0,4,1455550.0,363887.5,462200.84,5107.29,2024-12-01,2025-10-01,3,1,4,1,304,0.25,1,0,1,Global Investors,1.1596390196828734,-0.18615710609447797
C0465,Individual,George,Carter,1949-09-02,M,Usa,California,Home,3,No,Website,76.3,0,3,707799.9199999999,235933.30666666664,344983.8,2517.4300000000003,2024-02-01,2025-12-01,3,0,3,1,669,0.0,1,1,2,Personal-Use Buyers,-2.5864408416127906,-1.4013773003378531
C0466,Individual,Patricia,Cox,1988-05-19,F,Usa,Virginia,Investment,2,No,Website,37.6,0,4,1228651.21,307162.8025,446810.74,4120.84,2024-01-01,2025-11-01,3,1,4,1,670,0.25,1,1,1,Personal-Use Buyers,-0.16367836714596426,-0.050408084131909794
C0467,Individual,Rebecca,Chavez,1952-04-05,F,Usa,Ohio,Home,1,Yes,Agency,73.7,1,3,976066.93,325355.64333333337,433348.26,3467.09,2024-08-01,2025-08-01,3,0,3,1,365,0.0,1,2,0,First-Time Buyers,-1.324258333718416,0.0585994931357358
C0468,Individual,Raymond,Smith,1952-11-13,M,Mexico,Jalisco,Investment,3,Yes,Website,73.1,1,3,1267396.7999999998,422465.5999999999,511655.42,4158.96,2024-02-01,2024-09-01,2,1,3,1,213,0.333,1,2,0,First-Time Buyers,0.07870643662116639,1.2383699751167716
C0469,Individual,Adam,Foster,1997-03-23,M,Usa,California,Home,2,No,Website,28.8,0,4,1518476.47,379619.1175,502622.02,5061.53,2024-02-01,2024-10-01,4,0,4,1,243,0.0,1,0,1,Global Investors,1.1312944837965577,0.48055150610052805
C0470,Individual,Joan,Anderson,1963-02-17,F,Usa,Oregon,Home,1,No,Agency,62.9,0,3,862552.54,287517.51333333337,497090.51,2651.24,2024-04-01,2024-11-01,3,0,3,1,214,0.0,1,1,2,Personal-Use Buyers,-2.1474068805900504,-0.2784188394477903
C0471,Individual,Gary,Collins,1984-06-26,M,Usa,Utah,Investment,3,No,Agency,41.5,0,3,1084997.39,361665.79666666663,513906.66,3628.92,2024-01-01,2024-10-01,1,2,3,1,274,0.667,1,1,2,Personal-Use Buyers,-0.8837009313961962,1.5378443546322813
C0472,Individual,Edward,Moore,1951-10-04,M,Usa,California,Home,4,No,Website,74.2,0,3,1277486.3699999999,425828.79,529761.19,4182.63,2024-10-01,2025-11-01,3,0,3,1,396,0.0,1,0,1,Global Investors,0.17752066209385403,0.4390385620588655
C0473,Individual,Sharon,Price,1981-08-09,F,Usa,California,Home,3,No,Agency,44.4,0,4,1304527.6600000001,326131.91500000004,518735.4,4170.9,2024-11-01,2025-10-01,4,0,4,1,334,0.0,1,1,1,Personal-Use Buyers,0.10648905614488235,-0.49317554002806224
C0474,Individual,Gregory,Young,1995-12-08,M,Usa,Nevada,Home,1,No,Website,30.1,0,4,962015.29,240503.8225,413387.67,3296.81,2024-05-01,2025-12-01,3,1,4,1,579,0.25,1,1,2,Personal-Use Buyers,-1.408568740140249,-0.4601370653757669
C0475,Individual,William,Brooks,1946-08-18,M,Belgium,Wallonia,Investment,2,Yes,Agency,79.4,1,3,1234470.16,411490.0533333333,455542.16,4114.84,2024-05-01,2024-08-01,1,2,3,1,92,0.667,1,2,0,First-Time Buyers,-0.0756774303264919,1.7188842496488335
C0476,Individual,Steven,Johnson,1997-04-05,M,Usa,Florida,Home,3,No,Agency,28.7,0,4,1485303.01,371325.7525,457069.23,5197.47,2024-03-01,2025-05-01,3,1,4,1,426,0.25,1,0,1,Global Investors,1.124896493429203,0.633211097179435
C0477,Individual,Jesse,Stone,1984-02-01,M,Usa,California,Investment,4,Yes,Website,41.9,1,3,1535114.88,511704.95999999996,734390.86,4356.79,2024-06-01,2025-08-01,2,1,3,1,426,0.333,1,0,0,Global Investors,1.01205986866651,2.5089778909411793
C0478,Individual,Ashley,Garcia,1940-08-02,F,Usa,Ohio,Investment,4,No,Website,85.4,0,3,774892.79,258297.59666666668,404581.32,2992.24,2024-02-01,2024-10-01,2,1,3,1,243,0.333,1,1,2,Personal-Use Buyers,-2.0497448658746484,-0.9806126137948209
C0479,Individual,Virginia,Wright,1978-04-06,F,Usa,California,Home,2,Yes,Agency,47.7,1,4,1172782.93,293195.7325,494567.75,3826.69,2024-04-01,2025-07-01,3,1,4,1,456,0.25,1,2,0,First-Time Buyers,-0.47057512241820876,-0.22238950994988096
C0480,Individual,Scott,Bryant,1974-09-16,M,Usa,California,Home,4,Yes,Website,51.3,1,4,1033261.03,258315.2575,347137.85,3308.8,2024-02-01,2025-07-01,4,0,4,1,516,0.0,1,2,0,First-Time Buyers,-1.0474695357263677,-1.3948244623057493
C0481,Individual,Sean,Williams,1976-12-12,M,Usa,Arizona,Home,3,No,Agency,49.1,0,4,1365460.24,341365.06,539294.72,4163.5599999999995,2024-04-01,2025-09-01,3,1,4,1,518,0.25,1,1,2,Personal-Use Buyers,0.3067807884632924,-0.03172654611010141
C0482,Individual,Deborah,Brown,1980-10-08,F,Usa,New York,Investment,3,Yes,Agency,45.2,1,3,1006132.77,335377.59,421206.38,3466.39,2024-09-01,2025-10-01,2,1,3,1,395,0.333,1,2,0,First-Time Buyers,-1.2405807276291345,0.8171845536474761
C0483,Individual,Kevin,Jackson,1985-11-08,M,Usa,Arizona,Investment,1,No,Website,40.1,0,3,881113.79,293704.5966666667,415468.55,2804.62,2024-03-01,2025-01-01,3,0,3,1,306,0.0,1,1,2,Personal-Use Buyers,-2.0614194685235687,0.14947908012055958
C0484,Individual,Janet,Wright,1989-04-19,F,Usa,Texas,Investment,3,No,Website,36.7,0,4,1313240.67,328310.1675,412809.69,4456.42,2024-04-01,2025-07-01,3,1,4,1,456,0.25,1,1,1,Personal-Use Buyers,0.286151170503012,0.01985132458630613
C0485,Individual,Julia,Morales,1991-10-07,F,Usa,Arizona,Home,2,No,Website,34.2,0,3,1000841.1799999999,333613.7266666666,603778.82,3434.41,2024-02-01,2024-10-01,3,0,3,1,243,0.0,1,1,2,Personal-Use Buyers,-1.3148099400426019,0.4952671145163903
C0486,Individual,Billy,Carter,1999-09-16,M,Usa,California,Investment,2,Yes,Website,26.3,1,3,1090587.66,363529.22,599081.0,3526.3500000000004,2024-04-01,2025-05-01,3,0,3,1,395,0.0,1,2,0,First-Time Buyers,-1.0152306655812864,1.0648812817248865
C0487,Individual,Jessica,Williams,1991-10-23,F,Usa,Washington,Home,5,No,Website,34.2,0,4,1576272.71,394068.1775,542265.03,5180.39,2024-08-01,2025-07-01,3,1,4,1,334,0.25,1,0,1,Global Investors,1.4928762899522037,0.4169296539254157
C0488,Individual,Megan,Jackson,1979-05-11,F,Usa,California,Investment,4,No,Agency,46.6,0,4,1218265.3599999999,304566.33999999997,559367.69,3963.9500000000003,2024-03-01,2024-12-01,3,1,4,1,275,0.25,1,1,2,Personal-Use Buyers,-0.20642562934303446,-0.5433134351139562
C0489,Individual,Austin,Jordan,1950-06-08,M,Germany,Berlin,Investment,2,No,Website,75.6,0,3,1025274.77,341758.25666666665,439792.36,3308.59,2024-07-01,2024-08-01,3,0,3,1,31,0.0,1,1,2,Personal-Use Buyers,-1.196764344975169,-0.10276980551395999
C0490,Individual,Emily,Wright,1954-01-23,F,Usa,Nevada,Investment,5,Yes,Website,71.9,1,3,1292367.93,430789.31,517225.72,3721.8199999999997,2024-01-01,2025-11-01,3,0,3,1,670,0.0,1,2,0,First-Time Buyers,-0.003820948776547546,0.48426637299758657
C0491,Individual,Noah,White,1941-08-05,M,Usa,Washington,Home,2,No,Website,84.4,0,3,1106379.8,368793.26666666666,527792.52,3505.15,2024-04-01,2024-12-01,3,0,3,1,244,0.0,1,1,2,Personal-Use Buyers,-0.772563848448972,0.009837556058726393
C0492,Individual,Raymond,Price,2000-05-07,M,Usa,Utah,Home,3,Yes,Website,25.7,1,4,1300917.1,325229.275,551610.52,4034.65,2025-04-01,2025-08-01,4,0,4,1,122,0.0,1,2,0,First-Time Buyers,-0.01285513673416467,-0.0872114165861654
C0493,Individual,Tyler,Hughes,1954-07-06,M,Usa,Colorado,Home,3,No,Website,71.5,0,4,1312198.98,328049.745,432134.46,4564.9,2024-01-01,2025-04-01,3,1,4,1,456,0.25,1,0,2,Global Investors,0.46018195217002267,-0.5731458114559758
C0494,Individual,Grace,Carter,1990-08-03,F,Usa,California,Home,3,Yes,Website,35.4,1,4,1052676.65,263169.1625,379142.42,3644.17,2024-04-01,2025-12-01,4,0,4,1,609,0.0,1,2,0,First-Time Buyers,-0.9018637982505487,-0.904481050240746
C0495,Individual,Jerry,Hall,1954-02-18,M,Usa,California,Investment,5,No,Client,71.9,0,4,1246742.44,311685.61,420300.71,3939.81,2024-01-01,2025-12-01,4,0,4,1,700,0.0,1,1,2,Personal-Use Buyers,-0.026949007691460865,-1.4632276323429358
C0496,Individual,Billy,Reyes,1990-01-04,M,Usa,California,Home,4,No,Agency,36.0,0,4,1120376.44,280094.11,352076.14,3790.9900000000002,2024-06-01,2025-05-01,4,0,4,1,334,0.0,1,1,2,Personal-Use Buyers,-0.6148896933013671,-1.004445244930466
C0497,Individual,Emma,Stewart,1985-02-02,F,Usa,Arizona,Investment,4,Yes,Website,40.9,1,3,1330684.99,443561.66333333333,526810.49,4314.88,2024-03-01,2025-04-01,2,1,3,1,396,0.333,1,2,0,First-Time Buyers,0.3152348376712995,1.8205934191618225
C0498,Individual,Nancy,Collins,1948-11-21,F,Canada,Alberta,Home,2,Yes,Website,77.1,1,3,1007455.29,335818.43,419982.23,3775.2,2024-03-01,2024-12-01,2,1,3,1,275,0.333,1,2,0,First-Time Buyers,-0.9881601156815205,0.44176318028026135
C0499,Individual,Lisa,Patterson,1946-02-10,F,Usa,Colorado,Home,3,Yes,Agency,79.9,1,3,897769.81,299256.60333333333,383627.2,2591.29,2024-02-01,2025-02-01,2,1,3,1,366,0.333,1,2,0,First-Time Buyers,-1.9303203791803132,-0.15016791430238116
C0500,Individual,Dennis,Howard,1977-03-15,M,Usa,California,Home,4,Yes,Website,48.8,1,3,1294944.52,431648.17333333334,476123.08,4314.88,2024-08-01,2024-12-01,2,1,3,1,122,0.333,1,2,0,First-Time Buyers,0.233502552693305,1.561874767170876
C0501,Individual,Kenneth,Jackson,1995-11-12,M,Usa,Nevada,Investment,5,Yes,Agency,30.1,1,4,1741166.27,435291.5675,545614.44,5817.4,2024-01-01,2025-05-01,3,1,4,1,486,0.25,1,0,0,Global Investors,2.240359961153264,1.0725134216444927
C0502,Individual,Madison,Gray,1966-11-28,F,Usa,Arizona,Home,4,No,Website,59.1,0,4,1537989.75,384497.4375,483760.31,5297.54,2024-01-01,2025-08-01,2,2,4,1,578,0.5,1,0,1,Global Investors,1.5007788319864654,0.44539221542645263
C0503,Individual,Keith,Peterson,1943-09-26,M,Usa,Utah,Investment,2,Yes,Client,82.3,1,4,1432167.34,358041.835,609798.92,4542.12,2024-03-01,2025-09-01,3,1,4,1,549,0.25,1,2,0,First-Time Buyers,0.7572447892370956,-0.13885092412039465
C0504,Individual,Jeffrey,Green,1992-01-14,M,Usa,Utah,Home,2,No,Website,34.0,0,4,1367188.58,341797.145,463948.75,4434.43,2024-04-01,2025-12-01,4,0,4,1,609,0.0,1,0,1,Global Investors,0.3853632420623854,-0.007468533749657853
C0505,Individual,Katherine,Wilson,1995-07-18,F,Usa,Arizona,Home,3,No,Agency,30.5,0,3,1043535.21,347845.07,462127.71,3375.51,2024-02-01,2024-09-01,3,0,3,1,213,0.0,1,1,2,Personal-Use Buyers,-1.2107507940501065,0.5608946412012218
C0506,Individual,Albert,Stone,1967-07-04,M,Usa,California,Home,5,No,Agency,58.5,0,3,1122203.03,374067.6766666667,461159.55,3802.2200000000003,2024-09-01,2025-11-01,2,1,3,1,426,0.333,1,1,2,Personal-Use Buyers,-0.5562383372539752,0.5311316905852763
C0507,Individual,Mark,Morales,1951-02-26,M,Usa,New York,Home,3,No,Website,74.8,0,3,1062656.6099999999,354218.86999999994,474018.4,3664.15,2024-04-01,2025-06-01,3,0,3,1,426,0.0,1,1,2,Personal-Use Buyers,-0.8299022883357755,-0.1461899150026625
C0508,Individual,Grace,Weaver,1970-01-06,F,Usa,Nevada,Home,5,No,Agency,56.0,0,3,833710.06,277903.35333333333,463860.46,2701.85,2024-06-01,2025-01-01,2,1,3,1,214,0.333,1,1,2,Personal-Use Buyers,-2.0832475683921134,-0.4272104273789677
C0509,Individual,Aaron,Cook,1956-04-02,M,Belgium,Wallonia,Home,3,No,Website,69.7,0,4,1687930.25,421982.5625,636508.92,5333.110000000001,2024-10-01,2025-01-01,3,1,4,1,92,0.25,1,0,1,Global Investors,1.9248360974054108,0.4585901159159727
C0510,Individual,Samantha,Evans,1947-08-28,F,France,Brittany,Investment,1,Yes,Website,78.3,1,3,1094232.67,364744.2233333333,504493.45,3731.47,2024-05-01,2025-07-01,3,0,3,1,426,0.0,1,2,0,First-Time Buyers,-0.7820887421578037,0.3843382369855108
C0511,Individual,Christine,Parker,1954-07-20,F,Uk,England,Home,2,No,Website,71.4,0,3,1090537.6,363512.5333333334,505829.95,3538.5699999999997,2024-10-01,2025-05-01,1,2,3,1,212,0.667,1,1,2,Personal-Use Buyers,-0.8252303468589791,1.2115857918144035
C0512,Individual,Hannah,Flores,1945-06-27,F,Usa,Arizona,Home,1,No,Client,80.5,0,3,1448158.1400000001,482719.38000000006,558618.92,4963.42,2024-04-01,2025-11-01,3,0,3,1,579,0.0,1,0,1,Global Investors,1.04137209469161,1.4388628354727648
C0513,Individual,Christian,Morales,1999-03-07,M,Usa,Florida,Home,2,Yes,Agency,26.8,1,3,974596.63,324865.54333333333,491938.8,3148.54,2024-05-01,2024-12-01,3,0,3,1,214,0.0,1,2,0,First-Time Buyers,-1.6083688305057156,0.6772943427510829
C0514,Individual,Rebecca,Evans,1977-08-17,F,Usa,Oregon,Home,1,Yes,Website,48.4,1,4,1528027.54,382006.885,598032.14,5264.15,2024-07-01,2025-07-01,2,2,4,1,365,0.5,1,0,0,Global Investors,1.310837189110658,1.2300206416683677
C0515,Individual,Melissa,Patterson,1963-09-12,F,Usa,California,Home,1,Yes,Website,62.3,1,4,1561824.93,390456.2325,486501.61,5371.17,2024-06-01,2025-08-01,4,0,4,1,426,0.0,1,0,0,Global Investors,1.4814566551787725,0.3214253401663159
C0516,Individual,Lawrence,Nelson,1946-04-21,M,Usa,Utah,Home,3,No,Website,79.7,0,4,1437837.49,359459.3725,501892.72,4787.5599999999995,2024-04-01,2024-11-01,3,1,4,1,214,0.25,1,0,2,Global Investors,0.9645433555878027,-0.3813040204374033
C0517,Individual,Harold,Thompson,1959-03-20,M,Usa,California,Home,5,No,Client,66.8,0,4,1115807.0,278951.75,413330.24,3757.95,2024-03-01,2025-08-01,4,0,4,1,518,0.0,1,1,2,Personal-Use Buyers,-0.5048748324299129,-1.7229435087584022
C0518,Company,Lumina,Co,1962-05-22,F,Usa,New York,Home,3,No,Website,63.6,0,4,1633111.65,408277.9125,657039.24,4787.889999999999,2024-07-01,2025-07-01,4,0,4,1,365,0.0,1,0,1,Global Investors,1.4647608227244961,0.03025835219659299
C0519,Individual,Madison,Freeman,1975-10-04,F,Usa,Arizona,Investment,3,No,Agency,50.2,0,3,981719.26,327239.75333333336,436603.35,3326.9900000000002,2024-12-01,2025-07-01,3,0,3,1,212,0.0,1,1,2,Personal-Use Buyers,-1.3876085902041864,0.015660792463858136
C0520,Individual,Helen,White,1970-02-11,F,Usa,Oregon,Home,3,Yes,Agency,55.9,1,3,1033523.16,344507.72000000003,454823.84,3326.9900000000002,2024-01-01,2025-10-01,3,0,3,1,639,0.0,1,2,0,First-Time Buyers,-1.1959129345400066,0.22028736348363845
C0521,Individual,Stephanie,Allen,1967-04-02,F,Canada,British Columbia,Home,3,No,Website,58.7,0,4,1074306.5,268576.625,428385.38,3490.7200000000003,2024-07-01,2025-08-01,4,0,4,1,396,0.0,1,1,2,Personal-Use Buyers,-0.8557437714334727,-1.3509164847580613
C0522,Individual,Nicole,Campbell,1942-07-13,F,Usa,Virginia,Home,5,No,Agency,83.5,0,3,993023.13,331007.71,365717.82,3721.8199999999997,2024-08-01,2025-12-01,2,1,3,1,487,0.333,1,1,2,Personal-Use Buyers,-0.9435258741641536,-0.33804242850912897
C0523,Individual,Cynthia,Hansen,1960-08-22,F,Usa,Colorado,Home,2,No,Agency,65.4,0,3,928962.95,309654.31666666665,458362.92,3175.99,2024-11-01,2025-12-01,1,2,3,1,395,0.667,1,1,2,Personal-Use Buyers,-1.5794545589838227,0.7595984969011197
C0524,Individual,Harold,Thompson,1953-05-24,M,Usa,Washington,Home,3,No,Website,72.6,0,3,801104.6900000001,267034.89666666667,372739.71,2691.9300000000003,2024-02-01,2024-12-01,3,0,3,1,304,0.0,1,1,2,Personal-Use Buyers,-2.2009273128239597,-1.0160334182057855
C0525,Individual,Frank,Gray,1950-06-12,M,Usa,Arizona,Home,4,Yes,Agency,75.6,1,4,1629457.52,407364.38,528447.33,5197.3099999999995,2024-04-01,2025-12-01,3,1,4,1,609,0.25,1,0,1,Global Investors,1.716316779759109,0.17295614866903977
C0526,Individual,Harold,Green,1968-02-28,M,Germany,Bavaria,Home,5,No,Website,57.8,0,3,1301139.77,433713.25666666665,578194.07,4776.37,2024-04-01,2025-09-01,2,1,3,1,518,0.333,1,0,1,Global Investors,0.5462571319445172,1.1579995397991667
C0527,Individual,Andrew,Baker,1979-07-19,M,Usa,California,Home,2,No,Website,46.5,0,3,1138099.7,379366.56666666665,544170.95,3898.61,2024-04-01,2024-10-01,3,0,3,1,183,0.0,1,1,2,Personal-Use Buyers,-0.5839594148473964,0.7628381812210848
C0528,Individual,Benjamin,Davis,2000-08-09,M,Usa,Washington,Investment,2,No,Client,25.4,0,3,1118472.87,372824.29000000004,518036.13,3618.8199999999997,2024-03-01,2024-07-01,2,1,3,1,122,0.333,1,1,1,Personal-Use Buyers,-0.8729086339095432,1.56860545170442
C0529,Individual,Paul,Jordan,1973-11-14,M,Usa,Nevada,Home,4,Yes,Website,52.1,1,4,1268138.95,317034.7375,420874.11,4392.67,2024-01-01,2025-06-01,4,0,4,1,517,0.0,1,2,0,First-Time Buyers,0.1958662671478262,-0.7868060661308314
C0530,Individual,Patricia,Reed,1952-09-07,F,Usa,Utah,Home,2,Yes,Agency,73.3,1,4,1559124.69,389781.1725,579567.49,4986.83,2024-02-01,2025-07-01,4,0,4,1,516,0.0,1,0,0,Global Investors,1.3150061512924986,-0.01779493803117029
C0531,Individual,Emily,White,1976-09-19,F,Usa,California,Home,1,No,Website,49.3,0,4,1911300.7799999998,477825.19499999995,580528.21,6042.6,2024-06-01,2025-09-01,4,0,4,1,457,0.0,1,0,1,Global Investors,2.8055898911291783,1.3373541950887846
C0532,Individual,Lauren,Moore,1979-08-12,F,Belgium,Flanders,Home,2,No,Website,46.4,0,4,1075202.77,268800.6925,411253.4,3963.9500000000003,2024-01-01,2024-12-01,3,1,4,1,335,0.25,1,1,2,Personal-Use Buyers,-0.6633206737393421,-0.5924508293964346
C0533,Individual,Jeffrey,Williams,1963-09-06,M,Usa,Nevada,Investment,1,No,Agency,62.3,0,4,990028.19,247507.0475,438895.96,3149.84,2024-01-01,2025-08-01,3,1,4,1,578,0.25,1,1,2,Personal-Use Buyers,-1.3411369363743284,-0.9062145260165128
C0534,Individual,Bryan,Miller,1958-02-21,M,Usa,California,Investment,1,No,Agency,67.9,0,3,1133195.2,377731.73333333334,406001.38,4114.84,2024-01-01,2024-09-01,2,1,3,1,244,0.333,1,1,1,Personal-Use Buyers,-0.47586333040712586,1.0874143914751617
C0535,Individual,Judith,Allen,1987-12-22,F,Uk,Wales,Home,3,No,Agency,38.0,0,3,1299053.94,433017.98,494969.3,4158.96,2024-01-01,2025-04-01,3,0,3,1,456,0.0,1,0,1,Global Investors,0.047107026356589136,1.3382465481520078
C0536,Individual,Brittany,Weaver,1956-03-14,F,Usa,Arizona,Investment,5,Yes,Website,69.8,1,3,983106.8400000001,327702.28,512156.34,3313.53,2024-05-01,2025-05-01,2,1,3,1,365,0.333,1,2,0,First-Time Buyers,-1.2211399798101397,-0.041130720288808806
C0537,Individual,Carl,Baker,1962-04-25,M,Usa,Florida,Home,2,No,Client,63.7,0,4,1490327.5,372581.875,595842.66,4956.58,2024-06-01,2025-11-01,2,2,4,1,518,0.5,1,0,2,Global Investors,1.1128539299518478,0.5860470855153652
C0538,Individual,Richard,Pierce,1969-04-23,M,Usa,California,Home,1,Yes,Agency,56.7,1,4,1206897.7000000002,301724.42500000005,464389.02,4413.29,2024-07-01,2025-09-01,3,1,4,1,427,0.25,1,2,0,First-Time Buyers,-0.07346882470243027,-0.11372674350182356
C0539,Individual,Lawrence,Bryant,1991-02-25,M,Usa,California,Investment,1,Yes,Agency,34.8,1,4,1645321.2,411330.3,493737.03,5355.599999999999,2024-07-01,2025-12-01,3,1,4,1,518,0.25,1,0,0,Global Investors,1.6018792336611045,1.413400813973032
C0540,Individual,Anna,Long,1997-02-27,F,Usa,New York,Home,3,No,Agency,28.8,0,3,494173.31,164724.43666666668,193265.77,1731.73,2024-05-01,2025-11-01,2,1,3,1,549,0.333,1,1,2,Personal-Use Buyers,-3.8569601066916985,-0.8057179633395232
C0541,Individual,Anthony,Garcia,2000-03-22,M,Uk,Northern Ireland,Home,3,No,Agency,25.8,0,4,1721673.54,430418.385,566466.92,5186.25,2024-12-01,2025-12-01,4,0,4,1,365,0.0,1,0,1,Global Investors,1.7673171315059755,0.9399462308499771
C0542,Company,Lumina,Co,1985-09-26,M,Mexico,Mexico City,Home,3,No,Website,40.3,0,4,1195819.4,298954.85,385011.74,4097.35,2024-04-01,2025-12-01,2,2,4,1,609,0.5,1,1,2,Personal-Use Buyers,-0.21902968068281276,0.050145257905893734
C0543,Individual,Joan,Parker,1947-07-23,F,Usa,Texas,Home,2,Yes,Website,78.4,1,3,753145.67,251048.55666666667,350655.95,2588.6099999999997,2024-10-01,2025-06-01,2,1,3,1,243,0.333,1,2,0,First-Time Buyers,-2.4177873464768846,-0.47964950764694486
C0544,Individual,Kevin,White,1974-10-16,M,Usa,Utah,Home,2,No,Website,51.2,0,4,1636756.28,409189.07,504689.77,5305.01,2024-07-01,2025-07-01,4,0,4,1,365,0.0,1,0,1,Global Investors,1.6700809440508866,0.4128169341290543
C0545,Individual,Paul,Griffin,1942-08-04,M,Usa,Colorado,Home,1,Yes,Agency,83.4,1,3,1260126.39,420042.12999999995,532459.61,4356.79,2024-10-01,2025-09-01,3,0,3,1,335,0.0,1,2,0,First-Time Buyers,0.1016362229352365,0.878689296061384
C0546,Individual,Samuel,Flores,1967-12-23,M,Canada,Manitoba,Home,4,No,Client,58.0,0,3,795528.06,265176.02,306339.37,2797.11,2024-02-01,2025-06-01,3,0,3,1,486,0.0,1,1,2,Personal-Use Buyers,-2.2138079519012943,-0.9317391891314978
C0547,Individual,Diane,Allen,1947-09-20,F,Usa,California,Investment,2,No,Agency,78.3,0,4,1178457.95,294614.4875,388928.18,4113.29,2024-05-01,2025-10-01,4,0,4,1,518,0.0,1,1,2,Personal-Use Buyers,-0.2254199385311172,-1.2277303164258324
C0548,Individual,Christopher,Foster,1980-04-11,M,Usa,California,Home,2,No,Agency,45.7,0,3,1047476.9299999999,349158.9766666666,515231.68,3559.31,2024-01-01,2024-07-01,2,1,3,1,182,0.333,1,1,2,Personal-Use Buyers,-1.0709919254829376,0.9944760070256963
C0549,Individual,Daniel,Sanders,1972-10-15,M,Usa,Florida,Home,4,No,Website,53.2,0,3,941219.76,313739.92,386941.83,3248.25,2024-09-01,2025-11-01,3,0,3,1,426,0.0,1,1,2,Personal-Use Buyers,-1.478863585621837,-0.37005655849637203
C0550,Company,Vertex,Co,1967-04-09,F,Usa,Nevada,Home,1,No,Agency,58.7,0,4,1414568.09,353642.0225,445954.78,4494.469999999999,2024-05-01,2024-08-01,4,0,4,1,92,0.0,1,0,1,Global Investors,0.5690693821974415,-0.09979637732023512
C0551,Individual,Billy,Freeman,1960-05-17,M,Usa,California,Investment,4,No,Website,65.6,0,3,1007397.56,335799.1866666667,543106.45,3331.87,2024-04-01,2025-03-01,3,0,3,1,334,0.0,1,1,2,Personal-Use Buyers,-1.189547004116207,-0.3495751631912383
C0552,Individual,Kyle,Cook,1965-10-20,M,Usa,Virginia,Investment,3,No,Agency,60.2,0,3,1141476.56,380492.1866666667,546573.79,3588.52,2024-01-01,2025-09-01,2,1,3,1,609,0.333,1,1,2,Personal-Use Buyers,-0.6776009405474747,0.9065433458886466
C0553,Individual,James,Bell,1978-11-26,M,Usa,Arizona,Home,3,No,Website,47.1,0,3,821534.9400000001,273844.98000000004,375810.64,2691.9300000000003,2024-11-01,2025-08-01,2,1,3,1,273,0.333,1,1,2,Personal-Use Buyers,-2.1967460145259743,-0.0060827873848821774
C0554,Individual,Carl,Moore,1948-12-24,M,Australia,Victoria,Home,1,Yes,Agency,77.0,1,4,1643592.85,410898.2125,533306.66,5181.0599999999995,2024-03-01,2025-03-01,3,1,4,1,365,0.25,1,0,0,Global Investors,1.6321610892833704,0.7074045711452112
C0555,Individual,Aaron,Nelson,1971-04-23,M,Usa,California,Investment,4,Yes,Agency,54.7,1,3,1064533.27,354844.42333333334,507714.49,3487.85,2024-11-01,2025-08-01,2,1,3,1,273,0.333,1,2,0,First-Time Buyers,-0.9732495836504165,0.6893570755991377
C0556,Individual,Zachary,Sanders,1958-10-17,M,Usa,Colorado,Home,5,No,Website,67.2,0,3,1335478.18,445159.3933333333,508776.17,4580.87,2024-04-01,2025-11-01,2,1,3,1,579,0.333,1,0,1,Global Investors,0.6044636531432602,1.0988560967059255
C0557,Individual,Judy,Griffin,1941-09-25,F,Usa,Utah,Investment,2,No,Website,84.3,0,3,733161.98,244387.32666666666,384719.5,2373.1200000000003,2024-02-01,2025-12-01,3,0,3,1,669,0.0,1,1,2,Personal-Use Buyers,-2.5976585114270043,-1.2798065422369325
C0558,Individual,Cheryl,Wood,1974-10-23,F,Denmark,North Denmark,Home,3,No,Website,51.2,0,3,1033995.96,344665.32,492997.29,3277.62,2024-12-01,2025-11-01,3,0,3,1,335,0.0,1,1,2,Personal-Use Buyers,-1.2120166719050915,0.17153092328548578
C0559,Company,Corvus,Co,1969-08-18,M,Usa,California,Home,5,No,Client,56.4,0,4,1004028.87,251007.2175,438095.92,3147.48,2024-03-01,2025-09-01,3,1,4,1,549,0.25,1,1,2,Personal-Use Buyers,-1.1640355403925833,-1.4538315400342599
C0560,Individual,Janice,Nelson,1988-04-20,F,Australia,South Australia,Home,3,No,Website,37.7,0,3,1433718.12,477906.04000000004,575175.8,4502.16,2024-01-01,2025-11-01,2,1,3,1,670,0.333,1,0,1,Global Investors,0.7065257474372928,2.2892911627524772
C0561,Company,Bravada,Co,1962-11-20,F,Usa,Arizona,Investment,3,No,Website,63.1,0,4,1589252.43,397313.1075,503687.91,5192.58,2024-06-01,2025-01-01,4,0,4,1,214,0.0,1,0,1,Global Investors,1.5356745864458738,-0.07252861699846831
C0562,Individual,Judy,Peterson,1940-11-23,F,Usa,Utah,Investment,5,Yes,Website,85.1,1,4,1423675.7200000002,355918.93000000005,604532.8,4616.42,2024-01-01,2025-07-01,4,0,4,1,547,0.0,1,2,0,First-Time Buyers,0.8889906402995796,-1.1032014747479397
C0563,Individual,William,Howard,1991-01-22,M,Usa,California,Home,2,Yes,Agency,34.9,1,4,1012807.9299999999,253201.98249999998,301398.29,3371.0,2024-11-01,2025-07-01,3,1,4,1,242,0.25,1,2,0,First-Time Buyers,-1.2095605478478781,-0.4276070816596283
C0564,Individual,Scott,Adams,1952-09-02,M,Usa,Texas,Home,1,No,Agency,73.3,0,3,1135017.6,378339.2,600992.42,3750.92,2024-11-01,2025-10-01,3,0,3,1,334,0.0,1,1,2,Personal-Use Buyers,-0.6484677571318839,0.4909038204499167
C0565,Individual,Austin,Wood,1985-09-26,M,France,Brittany,Home,1,No,Website,40.3,0,3,1043494.3200000001,347831.44,545741.02,3501.83,2024-07-01,2025-07-01,3,0,3,1,365,0.0,1,1,2,Personal-Use Buyers,-1.1699666888885731,0.7255753860623096
C0566,Individual,Janice,Miller,2000-12-09,F,Usa,Oregon,Investment,4,Yes,Agency,25.1,1,4,1167701.9,291925.475,575087.19,3861.18,2024-04-01,2025-09-01,4,0,4,1,518,0.0,1,2,0,First-Time Buyers,-0.4943487846399683,-0.5695793005090534
C0567,Individual,Megan,Chavez,1953-10-07,F,Russia,Saint Petersburg,Investment,2,Yes,Agency,72.2,1,4,1869286.1,467321.525,650710.38,6185.55,2024-04-01,2025-10-01,3,1,4,1,548,0.25,1,0,1,Global Investors,2.8174795335255545,1.2196173694702201
C0568,Individual,Timothy,Wright,1953-09-04,M,Usa,California,Home,3,No,Website,72.3,0,3,944335.88,314778.62666666665,449151.55,3047.8199999999997,2024-01-01,2024-09-01,1,2,3,1,244,0.667,1,1,2,Personal-Use Buyers,-1.5111577944585248,0.5020295897659889
C0569,Individual,Mary,Cook,1971-12-05,F,Usa,California,Home,5,Yes,Client,54.1,1,3,1384749.3,461583.10000000003,522654.07,4381.48,2024-02-01,2025-11-01,3,0,3,1,639,0.0,1,0,0,Global Investors,0.5771258658102613,1.1140619027998868
C0570,Individual,Hannah,Peterson,1965-06-03,F,France,Occitanie,Home,5,Yes,Website,60.6,1,4,1527210.47,381802.6175,526682.25,5243.29,2024-01-01,2024-06-01,4,0,4,1,152,0.0,1,0,0,Global Investors,1.4312465863067523,-0.3978558992479773
C0571,Individual,Adam,Chavez,1966-07-03,M,Usa,California,Home,3,No,Website,59.5,0,4,1549969.49,387492.3725,419927.79,5835.72,2024-02-01,2024-06-01,3,1,4,1,121,0.25,1,0,1,Global Investors,1.7684105768163998,0.26009744629625264
C0572,Individual,Ann,Johnson,1993-11-12,F,Usa,California,Investment,5,No,Website,32.1,0,4,1519677.44,379919.36,450012.44,4915.33,2024-03-01,2025-04-01,4,0,4,1,396,0.0,1,0,1,Global Investors,1.1612347388415816,-0.07683718488970105
C0573,Company,Altira,Co,1977-04-24,M,Usa,Georgia,Home,4,Yes,Agency,48.7,1,3,785842.76,261947.58666666667,427006.84,2549.2400000000002,2024-03-01,2024-11-01,3,0,3,1,245,0.0,1,2,0,First-Time Buyers,-2.401947627203028,-0.6765219863146755
C0574,Individual,Gerald,Cox,1968-09-15,M,Usa,California,Home,2,No,Agency,57.3,0,4,1261906.32,315476.58,523216.37,4208.99,2024-05-01,2025-06-01,3,1,4,1,396,0.25,1,1,2,Personal-Use Buyers,0.02291527045187588,-0.2733549687372559
C0575,Individual,Brian,Hansen,1966-01-21,M,Usa,California,Investment,2,No,Website,59.9,0,3,1018391.27,339463.75666666665,506852.64,3323.43,2024-01-01,2024-12-01,2,1,3,1,335,0.333,1,1,2,Personal-Use Buyers,-1.2266233924589591,0.6296964770671536
C0576,Individual,Terry,Reyes,1959-02-24,M,Germany,Hamburg,Home,1,No,Client,66.9,0,3,1047406.79,349135.5966666667,516482.69,3248.69,2024-06-01,2024-12-01,3,0,3,1,183,0.0,1,1,2,Personal-Use Buyers,-1.2254914647409092,0.29555064597049047
C0577,Individual,Christopher,Miller,1989-05-18,M,Usa,Arizona,Home,3,No,Website,36.6,0,3,693899.0099999999,231299.66999999995,279379.41,2638.0299999999997,2024-02-01,2025-05-01,3,0,3,1,455,0.0,1,1,2,Personal-Use Buyers,-2.6950358304643705,-0.7766504828863232
C0578,Individual,Lauren,Rogers,1999-07-22,F,Usa,Arizona,Home,5,Yes,Client,26.4,1,3,707276.53,235758.84333333335,266964.5,2699.27,2024-07-01,2025-02-01,3,0,3,1,215,0.0,1,2,0,First-Time Buyers,-2.6098970065355807,-0.7622877697204419
C0579,Individual,Christopher,Ward,1941-09-04,M,Usa,Texas,Investment,3,No,Website,84.3,0,3,1198428.6400000001,399476.2133333334,592851.63,3898.61,2024-06-01,2025-11-01,3,0,3,1,518,0.0,1,1,2,Personal-Use Buyers,-0.24275077238345394,0.16419180079580883
C0580,Individual,Heather,Watson,1948-11-01,F,Usa,California,Home,2,Yes,Client,77.2,1,4,2158954.7800000003,539738.6950000001,620192.42,6904.23,2024-01-01,2025-10-01,4,0,4,1,639,0.0,1,0,1,Global Investors,4.063595364592707,1.4827732959533593
C0581,Individual,Kimberly,Stewart,1957-12-21,F,Usa,California,Investment,5,Yes,Website,68.0,1,4,1029755.56,257438.89,371216.71,3204.26,2024-03-01,2024-09-01,3,1,4,1,184,0.25,1,2,0,First-Time Buyers,-1.022368812693474,-1.472851060210077
C0582,Individual,Teresa,Pierce,1940-02-10,F,Usa,Washington,Investment,3,Yes,Website,85.9,1,3,708559.1499999999,236186.3833333333,387349.97,2373.1200000000003,2024-06-01,2025-12-01,2,1,3,1,548,0.333,1,2,2,First-Time Buyers,-2.628979743019156,-0.9283311301234182
C0583,Individual,Kevin,Scott,1986-10-27,M,Usa,California,Home,2,No,Agency,39.2,0,4,1237228.18,309307.045,390024.91,3986.81,2024-02-01,2025-12-01,4,0,4,1,669,0.0,1,1,1,Personal-Use Buyers,-0.23408003363898888,-0.41405078160730796
C0584,Individual,Janice,Taylor,1982-11-03,F,Usa,California,Home,5,No,Website,43.2,0,3,1135691.62,378563.87333333335,501136.87,4052.92,2024-11-01,2025-06-01,3,0,3,1,212,0.0,1,1,2,Personal-Use Buyers,-0.4195828286084396,0.3055445275859207
C0585,Individual,Anthony,Edwards,1961-02-07,M,Usa,Colorado,Home,3,No,Agency,64.9,0,4,1003690.1799999999,250922.54499999998,298657.8,3545.71,2024-01-01,2025-10-01,3,1,4,1,639,0.25,1,1,2,Personal-Use Buyers,-1.008858444345267,-1.2511792402058781
C0586,Individual,Noah,Morales,1977-06-14,M,Usa,California,Home,2,Yes,Client,48.5,1,3,1226524.31,408841.4366666667,553899.49,3859.28,2024-06-01,2025-07-01,3,0,3,1,395,0.0,1,2,0,First-Time Buyers,-0.33421584831914736,1.1660990455122786
C0587,Individual,Pamela,Richardson,1992-11-24,F,Usa,New York,Home,4,No,Website,33.1,0,4,1093439.8399999999,273359.95999999996,386382.22,3647.14,2025-01-01,2025-10-01,4,0,4,1,273,0.0,1,1,2,Personal-Use Buyers,-0.7482606839839528,-1.0513199292144664
C0588,Individual,Janice,White,1989-11-20,F,Usa,Florida,Home,2,No,Website,36.1,0,4,1495976.1400000001,373994.03500000003,529783.19,5085.38,2024-01-01,2025-07-01,4,0,4,1,547,0.0,1,0,1,Global Investors,1.1017447961654494,0.29808385831183787
C0589,Individual,Christopher,Williams,1946-09-21,M,Usa,Texas,Investment,5,No,Client,79.3,0,4,1982246.22,495561.555,539246.07,6797.47,2024-02-01,2025-09-01,3,1,4,1,578,0.25,1,0,1,Global Investors,3.6168792201122284,0.7363764130785905
C0590,Individual,Arthur,Campbell,1966-09-16,M,Uk,Scotland,Investment,2,No,Website,59.3,0,4,1105388.8900000001,276347.22250000003,364484.54,3743.06,2024-02-01,2025-07-01,4,0,4,1,516,0.0,1,1,2,Personal-Use Buyers,-0.6725374135607486,-1.1052059239284533
C0591,Individual,Dorothy,Long,1968-09-03,F,Usa,Nevada,Home,1,No,Website,57.3,0,3,1336217.65,445405.8833333333,473238.41,4381.48,2024-03-01,2025-02-01,3,0,3,1,337,0.0,1,0,1,Global Investors,0.317648517751753,1.4343540055650803
C0592,Individual,Roger,Moore,1972-03-06,M,Usa,Arizona,Investment,2,No,Client,53.8,0,3,787516.58,262505.5266666667,353140.87,2554.28,2024-06-01,2025-04-01,3,0,3,1,304,0.0,1,1,2,Personal-Use Buyers,-2.4408613595117368,-0.5669116148408366
C0593,Individual,Elizabeth,Carter,1952-08-08,F,Usa,California,Home,2,Yes,Agency,73.4,1,4,2012063.38,503015.845,578707.72,6300.43,2024-04-01,2024-08-01,4,0,4,1,122,0.0,1,0,1,Global Investors,3.3052177718976172,1.1751630594705975
C0594,Individual,Diane,Patterson,1942-08-02,F,Usa,Utah,Home,1,No,Agency,83.4,0,3,1137572.87,379190.9566666667,501939.76,3665.0299999999997,2024-01-01,2025-08-01,3,0,3,1,578,0.0,1,1,2,Personal-Use Buyers,-0.6527083563477288,0.3283018138590434
C0595,Individual,Anna,Murray,1966-10-06,F,Usa,Utah,Home,3,No,Agency,59.2,0,3,914304.97,304768.3233333333,491381.22,2803.3,2024-06-01,2025-04-01,2,1,3,1,304,0.333,1,1,2,Personal-Use Buyers,-1.824042397758094,0.1342102654791347
C0596,Individual,Gerald,Phillips,1976-04-17,M,Usa,Nevada,Home,4,No,Agency,49.7,0,4,1094771.49,273692.8725,349555.66,4095.87,2025-03-01,2025-12-01,3,1,4,1,275,0.25,1,1,2,Personal-Use Buyers,-0.47414508908351866,-0.9207213280573725
C0597,Individual,Peter,King,1986-02-17,M,Uk,Northern Ireland,Home,2,Yes,Website,39.9,1,3,976844.1699999999,325614.7233333333,336562.17,3100.86,2024-06-01,2025-08-01,3,0,3,1,426,0.0,1,2,0,First-Time Buyers,-1.568230432504372,0.4574591339488426
C0598,Individual,Jacob,Gray,1949-06-24,M,Usa,Colorado,Investment,4,No,Website,76.5,0,4,1398930.7000000002,349732.67500000005,578866.18,4542.12,2025-02-01,2025-12-01,4,0,4,1,303,0.0,1,0,2,Global Investors,0.7249211471976137,-0.9785038645175909
C0599,Individual,Jennifer,Turner,1998-03-19,F,Canada,Alberta,Home,2,No,Agency,27.8,0,3,1162815.78,387605.26,519841.25,4062.26,2024-04-01,2025-06-01,3,0,3,1,426,0.0,1,1,1,Personal-Use Buyers,-0.5229076620902088,1.2062712880639044
C0600,Individual,Thomas,King,1984-03-17,M,Usa,Oregon,Investment,1,No,Client,41.8,0,3,917709.61,305903.2033333333,331613.25,3128.13,2024-06-01,2024-12-01,3,0,3,1,183,0.0,1,1,2,Personal-Use Buyers,-1.7873684639057643,0.2567561721642259
C0601,Individual,Lisa,Nelson,1972-10-16,F,Usa,California,Home,4,No,Website,53.2,0,4,1700411.72,425102.93,608461.19,5229.2,2024-03-01,2025-07-01,4,0,4,1,487,0.0,1,0,1,Global Investors,1.889390978262407,0.2084309053368957
C0602,Individual,Albert,Hayes,1984-03-24,M,Germany,Bavaria,Home,4,No,Agency,41.8,0,4,905508.82,226377.205,319887.69,2993.32,2024-04-01,2025-11-01,3,1,4,1,579,0.25,1,1,2,Personal-Use Buyers,-1.6349077767383844,-1.2715526141128453
C0603,Individual,Diane,Thompson,1994-01-07,F,Usa,New York,Home,4,Yes,Agency,32.0,1,4,1218095.3,304523.825,402393.19,4111.24,2024-04-01,2024-09-01,4,0,4,1,153,0.0,1,2,0,First-Time Buyers,-0.1864661197285823,-0.5546508778139523
C0604,Individual,Danielle,Montgomery,1998-09-17,F,Belgium,Wallonia,Home,1,No,Agency,27.3,0,3,791133.03,263711.01,427718.82,2757.14,2024-01-01,2025-07-01,2,1,3,1,547,0.333,1,1,2,Personal-Use Buyers,-2.435667976836279,0.5981461216461785
C0605,Individual,Nathan,Flores,1974-06-28,M,Usa,Utah,Home,4,Yes,Agency,51.5,1,4,1407314.33,351828.5825,470883.03,5068.28,2024-01-01,2024-12-01,3,1,4,1,335,0.25,1,2,0,First-Time Buyers,0.9315108815818579,-0.002352505178220294
C0606,Individual,Carolyn,Stone,1949-12-25,F,France,Ile-De-France,Investment,1,No,Website,76.0,0,3,1070969.53,356989.8433333333,442981.99,3438.79,2024-03-01,2025-12-01,3,0,3,1,640,0.0,1,1,2,Personal-Use Buyers,-1.0103060924311418,0.21738741276522283
C0607,Individual,Daniel,Edwards,1962-09-14,M,Usa,California,Home,1,No,Agency,63.3,0,3,1125230.1199999999,375076.7066666666,381636.61,4114.84,2024-02-01,2024-12-01,3,0,3,1,304,0.0,1,1,2,Personal-Use Buyers,-0.5234359345272593,0.62828903944044
C0608,Individual,Jerry,Adams,1956-06-14,M,Usa,California,Home,4,No,Agency,69.5,0,4,1201411.56,300352.89,564420.33,4074.09,2024-04-01,2024-06-01,3,1,4,1,61,0.25,1,1,2,Personal-Use Buyers,-0.11481997859405241,-0.9763255113536357
C0609,Individual,Julia,Richardson,1961-05-22,F,Usa,Washington,Home,4,No,Agency,64.6,0,4,1307567.64,326891.91,539078.45,5020.530000000001,2024-08-01,2025-08-01,4,0,4,1,365,0.0,1,0,2,Global Investors,0.6541353863791991,-0.9913608243195834
C0610,Individual,Ann,Owens,1970-05-10,F,Usa,California,Investment,4,No,Website,55.6,0,3,1178597.68,392865.8933333333,477431.41,4019.19,2024-02-01,2025-09-01,3,0,3,1,578,0.0,1,1,2,Personal-Use Buyers,-0.30185980410395646,0.4137064717971823
C0611,Individual,Jacob,Price,1950-12-06,M,Usa,California,Home,4,No,Agency,75.1,0,4,1142671.94,285667.985,433951.65,3989.66,2024-03-01,2025-07-01,4,0,4,1,487,0.0,1,1,2,Personal-Use Buyers,-0.3238348071861226,-1.6068540508392208
C0612,Individual,Kevin,Wood,1960-01-26,M,Usa,Florida,Home,4,No,Agency,65.9,0,4,1671846.3,417961.575,633040.56,5556.6,2024-01-01,2024-11-01,4,0,4,1,305,0.0,1,0,1,Global Investors,1.9886381016852024,-0.055221687907722375
C0613,Individual,Cynthia,Cox,1995-10-02,F,Australia,Victoria,Home,4,No,Agency,30.2,0,3,1186019.52,395339.84,447068.49,4099.6900000000005,2024-01-01,2025-10-01,3,0,3,1,639,0.0,1,1,2,Personal-Use Buyers,-0.3517635003070405,0.9080870240784299
C0614,Individual,George,Bryant,1972-01-07,M,Uk,Wales,Home,3,Yes,Website,54.0,1,4,1025958.38,256489.595,323890.25,3435.93,2024-03-01,2025-06-01,3,1,4,1,457,0.25,1,2,0,First-Time Buyers,-1.0272142171639658,-0.8902455950023642
C0615,Individual,Jordan,King,1957-01-12,M,Usa,Utah,Home,2,Yes,Website,69.0,1,4,919002.01,229750.5025,284149.74,2993.32,2024-01-01,2025-10-01,4,0,4,1,639,0.0,1,2,0,First-Time Buyers,-1.5536993460630064,-1.6586464903524207
C0616,Individual,Julie,Brooks,1963-04-17,F,Usa,Virginia,Investment,1,Yes,Agency,62.7,1,3,1013364.3,337788.10000000003,519571.55,3223.87,2024-11-01,2025-02-01,2,1,3,1,92,0.333,1,2,0,First-Time Buyers,-1.355767160258416,0.8817345345253673
C0617,Individual,Carolyn,Evans,1986-10-07,F,Usa,Ohio,Home,5,Yes,Website,39.2,1,3,766861.21,255620.40333333332,408314.89,2548.91,2024-02-01,2024-10-01,3,0,3,1,243,0.0,1,2,0,First-Time Buyers,-2.4321606228806383,-0.7824054906723268
C0618,Individual,Austin,Taylor,1968-05-11,M,Usa,Texas,Home,3,No,Agency,57.6,0,3,982803.0,327601.0,498882.11,3339.87,2024-04-01,2024-09-01,2,1,3,1,153,0.333,1,1,2,Personal-Use Buyers,-1.3255793676449552,0.40029377065022503
C0619,Individual,Heather,Morales,1970-04-25,F,Usa,Washington,Home,4,No,Website,55.7,0,3,1411977.41,470659.13666666666,545321.51,4415.7,2024-04-01,2024-07-01,1,2,3,1,91,0.667,1,0,1,Global Investors,0.7173199143843093,2.2344246516610653
C0620,Individual,Sarah,Howard,1960-04-22,F,France,Brittany,Home,3,No,Website,65.7,0,3,1532429.29,510809.76333333337,619177.19,4512.84,2024-09-01,2025-08-01,2,1,3,1,334,0.333,1,0,1,Global Investors,1.12793930537707,2.157863327065174
C0621,Individual,Jonathan,Turner,1982-02-13,M,Germany,Bavaria,Investment,3,Yes,Agency,43.9,1,3,791609.11,263869.7033333333,372530.49,2609.36,2024-10-01,2025-04-01,3,0,3,1,182,0.0,1,2,0,First-Time Buyers,-2.4291136665649304,-0.39545777544908095
C0622,Individual,Katherine,Ward,1987-10-09,F,Usa,Washington,Investment,2,No,Client,38.2,0,3,869334.73,289778.24333333335,353174.47,2942.6099999999997,2024-02-01,2025-12-01,3,0,3,1,669,0.0,1,1,2,Personal-Use Buyers,-2.0197747059510074,-0.018646030123285213
C0623,Individual,Jonathan,Adams,1986-04-27,M,Usa,Florida,Investment,3,Yes,Client,39.7,1,4,1410333.45,352583.3625,490155.8,4584.08,2024-03-01,2025-11-01,3,1,4,1,610,0.25,1,2,0,First-Time Buyers,0.6155247279857238,0.3567007154443789
C0624,Individual,Carl,Jordan,2000-09-02,M,Usa,Nevada,Investment,3,No,Agency,25.3,0,3,1215611.54,405203.8466666667,497030.07,4241.6,2024-09-01,2025-11-01,3,0,3,1,426,0.0,1,0,1,Global Investors,-0.22303562036057734,1.2485678786133565
C0625,Individual,Deborah,Hayes,1983-07-08,F,Belgium,Flanders,Investment,2,Yes,Agency,42.5,1,4,1000166.88,250041.72,308545.24,3404.09,2024-06-01,2025-11-01,3,1,4,1,518,0.25,1,2,0,First-Time Buyers,-1.2292303840027041,-0.5756400520392041
C0626,Individual,Sara,Jones,1968-06-13,F,Germany,Hamburg,Investment,2,No,Website,57.5,0,3,1061694.1300000001,353898.0433333334,448491.59,3733.67,2024-04-01,2025-09-01,3,0,3,1,518,0.0,1,1,2,Personal-Use Buyers,-0.9137295864970203,0.3314196106409819
C0627,Individual,Katherine,Johnson,2000-11-07,F,Usa,Arizona,Home,3,No,Agency,25.1,0,4,1870806.42,467701.605,562008.09,6904.23,2024-03-01,2024-11-01,2,2,4,1,245,0.5,1,0,1,Global Investors,3.125826700818811,2.0951877644969947
C0628,Individual,Arthur,Campbell,1985-05-16,M,Canada,British Columbia,Home,3,Yes,Agency,40.6,1,4,1623109.63,405777.4075,601135.7,5001.56,2024-01-01,2025-07-01,3,1,4,1,547,0.25,1,0,0,Global Investors,1.433831094729815,0.9325505581263042
C0629,Individual,Maria,Richardson,1946-07-09,F,Usa,California,Investment,2,No,Agency,79.5,0,3,961721.77,320573.92333333334,404054.56,3387.5299999999997,2024-02-01,2025-10-01,3,0,3,1,608,0.0,1,1,2,Personal-Use Buyers,-1.3635438211983406,-0.3804576515135207
C0630,Individual,Stephen,Roberts,1965-07-28,M,Usa,California,Home,2,No,Website,60.4,0,4,1308077.6099999999,327019.40249999997,521382.1,4302.0199999999995,2024-07-01,2025-12-01,3,1,4,1,518,0.25,1,1,2,Personal-Use Buyers,0.24258748026848637,-0.2288467568490556
C0631,Individual,Dorothy,Flores,1966-12-11,F,Usa,California,Home,5,No,Website,59.1,0,4,1534891.22,383722.805,458349.81,4910.58,2024-06-01,2025-05-01,3,1,4,1,334,0.25,1,0,1,Global Investors,1.3120564308616987,-0.11449807747830672
C0632,Individual,Thomas,Nelson,1948-05-16,M,Uk,Northern Ireland,Home,4,No,Website,77.6,0,4,1146845.98,286711.495,386036.16,3790.99,2024-10-01,2025-05-01,4,0,4,1,212,0.0,1,1,2,Personal-Use Buyers,-0.39086411165858065,-1.6448246573020013
C0633,Individual,Ann,Owens,1941-05-12,F,Usa,Nevada,Home,3,No,Agency,84.6,0,4,1207516.26,301879.065,526337.84,3714.98,2024-02-01,2025-10-01,4,0,4,1,608,0.0,1,1,2,Personal-Use Buyers,-0.2832259910215145,-1.4304608420722047
C0634,Individual,Justin,Ward,1980-11-17,M,Usa,Washington,Investment,4,Yes,Website,45.1,1,3,1181693.63,393897.87666666665,498320.91,4179.32,2024-03-01,2025-01-01,2,1,3,1,306,0.333,1,2,0,First-Time Buyers,-0.2315266650671215,1.2349158276907393
C0635,Individual,Kimberly,King,1960-06-14,F,Uk,Scotland,Investment,5,No,Website,65.5,0,3,1375700.03,458566.6766666667,503560.15,4381.48,2024-09-01,2025-03-01,1,2,3,1,181,0.667,1,0,1,Global Investors,0.6226011946990367,1.7953954268387007
C0636,Individual,Kathleen,Rogers,1980-11-10,F,France,Brittany,Home,5,No,Website,45.1,0,4,981810.0800000001,245452.52000000002,368940.08,3309.4300000000003,2024-04-01,2025-12-01,4,0,4,1,609,0.0,1,1,2,Personal-Use Buyers,-1.1891670650503874,-1.6999427517632755
C0637,Individual,Catherine,Stone,1967-08-14,F,Usa,California,Home,2,No,Website,58.4,0,4,1602478.07,400619.5175,487674.6,5186.25,2024-02-01,2025-05-01,4,0,4,1,455,0.0,1,0,1,Global Investors,1.5322048936986898,0.20042315599296562
C0638,Individual,Jason,King,1975-02-04,M,Usa,Ohio,Home,5,Yes,Website,50.9,1,4,1347045.42,336761.355,527612.39,4817.99,2024-03-01,2025-02-01,3,1,4,1,337,0.25,1,2,0,First-Time Buyers,0.6881222562433427,-0.34467484949146177
C0639,Individual,Mark,Campbell,1961-03-03,M,Uk,Scotland,Home,3,Yes,Website,64.8,1,3,861670.72,287223.5733333333,446713.63,3024.3900000000003,2025-08-01,2025-11-01,3,0,3,1,92,0.0,1,2,0,First-Time Buyers,-1.8735376112171915,-0.5302391308452868
C0640,Individual,Emily,Thompson,1967-03-01,F,Usa,Utah,Home,3,No,Agency,58.8,0,3,772950.1699999999,257650.05666666664,339275.85,2746.91,2024-04-01,2025-07-01,3,0,3,1,456,0.0,1,1,2,Personal-Use Buyers,-2.3367935812240623,-0.8546643889973765
C0641,Company,Zynex,Co,1994-02-26,M,Usa,Arizona,Home,2,No,Agency,31.8,0,3,1217213.26,405737.75333333336,463667.58,3721.8199999999997,2024-10-01,2025-03-01,3,0,3,1,151,0.0,1,1,2,Personal-Use Buyers,-0.49026141388795474,1.3163376534396756
C0642,Individual,Julia,Reyes,1967-11-21,F,Usa,California,Home,4,No,Website,58.1,0,3,1027140.61,342380.2033333333,512135.16,3484.63,2024-01-01,2024-06-01,3,0,3,1,152,0.0,1,1,2,Personal-Use Buyers,-1.058334439650903,-0.15544831066396678
C0643,Individual,Samantha,Richardson,1974-05-05,F,Usa,California,Home,5,No,Website,51.7,0,3,928645.01,309548.33666666667,376815.49,3049.51,2024-10-01,2025-11-01,3,0,3,1,396,0.0,1,1,2,Personal-Use Buyers,-1.5938233639199948,-0.557597731547277
C0644,Individual,Teresa,Johnson,1956-08-25,F,Usa,California,Home,4,Yes,Agency,69.3,1,3,1549624.23,516541.41,599850.78,4890.41,2024-01-01,2024-12-01,2,1,3,1,335,0.333,1,0,0,Global Investors,1.4057332622812464,2.1207835779792554
C0645,Individual,Arthur,Cox,1988-07-18,M,Usa,Nevada,Home,2,No,Client,37.5,0,3,731453.53,243817.84333333335,268604.55,2586.33,2025-01-01,2025-08-01,3,0,3,1,212,0.0,1,1,2,Personal-Use Buyers,-2.649247664464853,-0.4858945761967491
C0646,Individual,Cynthia,Campbell,1995-07-21,F,Usa,Arizona,Investment,5,No,Agency,30.4,0,3,1325311.83,441770.61000000004,479212.8,4392.05,2024-06-01,2025-12-01,3,0,3,1,548,0.0,1,0,1,Global Investors,0.30014429478432353,1.2042756318702268
C0647,Individual,Victoria,Green,1946-02-06,F,Usa,California,Home,4,No,Agency,79.9,0,4,2115520.42,528880.105,647138.13,6705.53,2025-09-01,2025-12-01,3,1,4,1,91,0.25,1,0,1,Global Investors,3.923818661491473,1.2585318023239236
C0648,Individual,Stephanie,Reed,1999-03-02,F,Usa,California,Home,1,Yes,Website,26.8,1,4,1142985.38,285746.345,404330.66,3938.59,2024-04-01,2025-04-01,4,0,4,1,365,0.0,1,2,0,First-Time Buyers,-0.5838671251034351,-0.18344335062536885
C0649,Individual,Patricia,Mitchell,1995-03-01,F,Usa,California,Home,4,No,Agency,30.8,0,4,1401448.51,350362.1275,511233.23,4546.77,2024-04-01,2025-04-01,0,4,4,1,365,1.0,1,0,2,Global Investors,0.6256329412070247,1.3495809388845768
C0650,Company,Polaris,Co,1976-02-19,M,France,Occitanie,Home,3,Yes,Client,49.9,1,3,799742.26,266580.75333333336,290736.09,2797.11,2024-02-01,2025-12-01,3,0,3,1,669,0.0,1,2,0,First-Time Buyers,-2.264689075999671,-0.47792139397507266
C0651,Company,Horizon,Co,1993-01-14,M,Usa,Washington,Home,1,No,Agency,33.0,0,4,1077094.73,269273.6825,398037.98,3795.0299999999997,2024-03-01,2025-10-01,4,0,4,1,579,0.0,1,1,2,Personal-Use Buyers,-0.849878788833994,-0.553414886920267
C0652,Individual,Heather,Johnson,1993-12-08,F,Usa,Washington,Home,2,No,Website,32.1,0,3,904157.22,301385.74,439896.91,2956.63,2024-08-01,2025-09-01,3,0,3,1,396,0.0,1,1,2,Personal-Use Buyers,-1.8871075763992105,0.19490293763537228
C0653,Individual,Gerald,Adams,1970-07-22,M,Usa,Ohio,Home,2,No,Client,55.4,0,4,1215543.15,303885.7875,421423.2,4213.08,2024-08-01,2025-09-01,3,1,4,1,396,0.25,1,1,1,Personal-Use Buyers,-0.10610520590378894,-0.3791731469392462
C0654,Individual,Eric,Griffin,1960-05-07,M,Usa,New York,Home,2,Yes,Website,65.7,1,3,865293.89,288431.2966666667,388799.01,3047.8199999999997,2024-06-01,2025-09-01,2,1,3,1,457,0.333,1,2,0,First-Time Buyers,-1.8510724830465892,0.1244973657526207
C0655,Individual,Patricia,King,1950-05-19,F,Usa,Nevada,Home,1,Yes,Agency,75.6,1,3,1071763.22,357254.4066666667,438371.45,3415.27,2024-06-01,2025-05-01,3,0,3,1,334,0.0,1,2,0,First-Time Buyers,-1.0306032985004048,0.35623667757142713
C0656,Individual,Amber,Allen,1977-02-08,F,Usa,Colorado,Home,5,No,Client,48.9,0,4,1288383.38,322095.845,505553.38,4761.63,2024-02-01,2025-09-01,3,1,4,1,578,0.25,1,0,2,Global Investors,0.4710197506662855,-0.5809351602899846
C0657,Individual,Alexander,Allen,1956-09-26,M,Usa,California,Home,2,No,Agency,69.3,0,3,1258111.3199999998,419370.43999999994,593053.61,4014.44,2024-02-01,2025-11-01,3,0,3,1,639,0.0,1,0,2,Global Investors,-0.08558606784019082,0.8159794011164663
C0658,Individual,Kelly,Green,1999-12-13,F,Usa,Virginia,Home,3,Yes,Agency,26.1,1,3,1122021.28,374007.0933333333,491470.69,3815.01,2024-03-01,2025-11-01,2,1,3,1,610,0.333,1,2,0,First-Time Buyers,-0.7284044341811128,1.5402963518047792
C0659,Individual,Sara,Foster,1988-10-06,F,Usa,California,Home,4,Yes,Agency,37.2,1,4,1000550.86,250137.715,315923.54,3330.46,2025-02-01,2025-11-01,3,1,4,1,273,0.25,1,2,0,First-Time Buyers,-1.1902883182810733,-0.8359898960112124
C0660,Individual,Charles,Kim,1991-08-10,M,Usa,Arizona,Home,4,Yes,Client,34.4,1,3,1148308.35,382769.45,425964.32,4011.16,2024-03-01,2025-06-01,3,0,3,1,457,0.0,1,2,0,First-Time Buyers,-0.4886207431634242,0.7986972283666075
C0661,Individual,Deborah,Williams,1961-06-25,F,Canada,Manitoba,Home,3,No,Website,64.5,0,4,1627713.0499999998,406928.26249999995,621646.32,5197.3099999999995,2024-01-01,2025-12-01,4,0,4,1,700,0.0,1,0,2,Global Investors,1.6465883654607303,0.01105857995428942
C0662,Individual,Stephanie,Kim,1957-08-25,F,Usa,California,Investment,3,No,Website,68.4,0,4,1520239.97,380059.9925,524135.1,4700.94,2024-03-01,2025-03-01,4,0,4,1,365,0.0,1,0,2,Global Investors,1.0979175301454358,-0.3538636624228783
C0663,Individual,Anthony,Flores,1958-02-02,M,Usa,California,Home,2,Yes,Agency,67.9,1,4,1544313.34,386078.335,601666.05,4939.23,2024-05-01,2025-10-01,4,0,4,1,518,0.0,1,0,0,Global Investors,1.2304587354531997,0.0345287594241019
C0664,Individual,Lawrence,Wood,1958-08-17,M,Canada,Alberta,Investment,5,Yes,Website,67.4,1,4,1063024.57,265756.1425,369441.6,3589.88,2024-04-01,2025-04-01,3,1,4,1,365,0.25,1,2,0,First-Time Buyers,-0.7458474673610115,-1.357263864500026
C0665,Individual,Robert,Adams,1959-08-27,M,Usa,Colorado,Investment,1,No,Agency,66.3,0,3,704886.02,234962.00666666668,259327.23,2297.04,2024-05-01,2025-02-01,3,0,3,1,276,0.0,1,1,2,Personal-Use Buyers,-2.8494151668972774,-0.8798802251949938
C0666,Individual,Maria,Davis,1948-10-09,F,Usa,California,Investment,1,No,Website,77.2,0,4,1532074.27,383018.5675,533934.58,5085.38,2024-03-01,2025-12-01,2,2,4,1,640,0.5,1,0,2,Global Investors,1.3173914083039542,0.6297421592201574
C0667,Individual,Anthony,Mitchell,1966-07-07,M,Usa,Arizona,Investment,2,No,Agency,59.5,0,4,1486560.06,371640.015,528551.13,5181.0599999999995,2024-04-01,2024-12-01,4,0,4,1,244,0.0,1,0,1,Global Investors,1.1591348117527684,-0.0959504449659453
C0668,Individual,Margaret,Peterson,1978-11-15,F,France,Ile-De-France,Investment,4,Yes,Website,47.1,1,4,987175.01,246793.7525,407789.69,3296.81,2024-11-01,2025-09-01,4,0,4,1,304,0.0,1,2,0,First-Time Buyers,-1.226248139315896,-1.4253806056082257
C0669,Individual,Cheryl,Bell,1958-03-18,F,Canada,British Columbia,Home,3,No,Agency,67.8,0,3,1366533.49,455511.16333333333,540922.9,4798.03,2024-08-01,2025-07-01,2,1,3,1,334,0.333,1,0,1,Global Investors,0.7066698618465556,1.5748031166327607
C0670,Company,Altira,Co,1976-06-18,M,Usa,Nevada,Investment,4,No,Website,49.5,0,3,1631973.5499999998,543991.1833333332,625384.45,5401.35,2024-02-01,2025-01-01,3,0,3,1,335,0.0,1,0,1,Global Investors,1.8861883745280366,2.0958707489995554
C0671,Individual,Jerry,Pierce,1941-12-09,M,Usa,Colorado,Home,4,Yes,Client,84.1,1,3,759678.12,253226.04,361032.68,2548.91,2025-02-01,2025-09-01,3,0,3,1,212,0.0,1,2,0,First-Time Buyers,-2.3675285918876,-1.3905379731841294
C0672,Individual,Amber,Williams,1967-03-10,F,Usa,California,Home,2,No,Website,58.8,0,3,1301968.05,433989.35000000003,535756.29,4356.79,2024-09-01,2025-08-01,2,1,3,1,334,0.333,1,0,2,Global Investors,0.24885464163826992,1.6299697251374758
C0673,Individual,Janice,Hayes,1965-10-19,F,Usa,California,Home,4,No,Website,60.2,0,3,870503.9000000001,290167.96666666673,319736.59,3038.88,2024-10-01,2025-11-01,3,0,3,1,396,0.0,1,1,2,Personal-Use Buyers,-1.7977929961324877,-0.7335308675866857
C0674,Individual,Judy,Turner,1986-05-26,F,Usa,California,Investment,4,No,Website,39.6,0,4,1733438.52,433359.63,584942.34,5463.780000000001,2024-01-01,2025-10-01,4,0,4,1,639,0.0,1,0,1,Global Investors,2.052742471577525,0.5281880931730868
C0675,Individual,Andrea,Wright,1969-12-23,F,Usa,Texas,Home,5,No,Website,56.0,0,3,1117159.17,372386.38999999996,528517.95,3339.87,2024-08-01,2024-09-01,2,1,3,1,31,0.333,1,1,2,Personal-Use Buyers,-0.7923553573107557,0.5291090524225764
C0676,Individual,Lisa,Davis,1942-06-12,F,Usa,Nevada,Home,2,No,Agency,83.6,0,3,1022396.03,340798.6766666667,478630.37,2967.17,2024-03-01,2024-03-01,2,1,3,1,0,0.333,1,1,2,Personal-Use Buyers,-1.3408533525360555,0.26335874783984453
C0677,Individual,Jerry,Miller,1981-09-02,M,Usa,Arizona,Investment,2,No,Agency,44.3,0,4,1217015.1099999999,304253.77749999997,362582.49,4097.35,2024-03-01,2025-08-01,3,1,4,1,518,0.25,1,1,1,Personal-Use Buyers,-0.2165386363762455,-0.16988227256582392
C0678,Individual,Joseph,Watson,1972-10-19,M,Usa,California,Home,4,Yes,Website,53.2,1,3,904050.87,301350.29,449002.59,2691.9300000000003,2024-02-01,2025-08-01,1,2,3,1,547,0.667,1,2,0,First-Time Buyers,-1.8617134196556524,0.6402030139019164
C0679,Individual,Lisa,Patterson,1964-12-02,F,Usa,Nevada,Home,1,No,Agency,61.1,0,4,1945371.6800000002,486342.92000000004,542183.91,6904.23,2024-04-01,2025-10-01,3,1,4,1,548,0.25,1,0,1,Global Investors,3.373325505308715,1.6371851725788082
C0680,Individual,Andrew,Griffin,1965-04-16,M,Usa,Utah,Investment,2,No,Agency,60.7,0,4,1533727.71,383431.9275,527252.15,5333.11,2024-04-01,2025-11-01,4,0,4,1,579,0.0,1,0,1,Global Investors,1.3780640160533744,0.008220750596518372
C0681,Company,Helios,Co,1977-04-25,F,Usa,California,Home,3,No,Agency,48.7,0,4,736696.97,184174.2425,258314.7,2635.45,2024-02-01,2025-11-01,4,0,4,1,639,0.0,1,1,2,Personal-Use Buyers,-2.3167124055471637,-2.0549822736467465
C0682,Individual,Donald,Bennett,1973-06-12,M,Usa,California,Home,5,No,Website,52.6,0,4,1436006.22,359001.555,454375.43,4858.25,2024-06-01,2025-02-01,4,0,4,1,245,0.0,1,0,1,Global Investors,0.9654868083442117,-0.6453200946269543
C0683,Individual,Patrick,Jordan,1948-08-20,M,Usa,Colorado,Home,2,Yes,Agency,77.4,1,3,1216565.53,405521.8433333333,484751.08,4389.66,2024-04-01,2025-04-01,3,0,3,1,365,0.0,1,2,0,First-Time Buyers,-0.009228718043312274,0.6616351082661515
C0684,Individual,Donald,Miller,1985-10-05,M,Usa,California,Home,1,No,Agency,40.2,0,4,1402625.45,350656.3625,472614.44,4482.48,2024-04-01,2025-12-01,3,1,4,1,609,0.25,1,0,1,Global Investors,0.4830272951739888,0.5551334131731954
C0685,Individual,Sharon,Hansen,1987-04-18,F,Usa,Washington,Home,5,No,Agency,38.7,0,3,1129835.06,376611.6866666667,632201.17,3685.51,2025-01-01,2025-10-01,2,1,3,1,273,0.333,1,1,2,Personal-Use Buyers,-0.6542834076068486,0.892040630994637
C0686,Individual,Michael,Howard,1963-11-17,M,Usa,California,Home,1,Yes,Website,62.1,1,3,1250166.33,416722.11000000004,528510.9,4109.1900000000005,2024-01-01,2025-09-01,3,0,3,1,609,0.0,1,2,0,First-Time Buyers,-0.09864258579592888,1.1790608180387419
C0687,Individual,Susan,Long,1959-01-03,F,Usa,Utah,Home,3,Yes,Website,67.0,1,4,1532604.0,383151.0,720425.67,4842.950000000001,2024-06-01,2025-07-01,3,1,4,1,395,0.25,1,0,0,Global Investors,1.2195284703384757,0.20667055346752558
C0688,Individual,Kathleen,Howard,1968-12-04,F,Usa,Colorado,Investment,5,Yes,Website,57.1,1,4,1093762.42,273440.605,415205.7,3474.29,2024-02-01,2025-10-01,3,1,4,1,608,0.25,1,2,0,First-Time Buyers,-0.7318301490032585,-1.1190789697544068
C0689,Individual,Ann,Williams,1998-04-17,F,Usa,California,Home,4,No,Website,27.7,0,3,1051259.37,350419.79000000004,433353.3,3558.1499999999996,2025-05-01,2025-11-01,2,1,3,1,184,0.333,1,1,2,Personal-Use Buyers,-1.019373256164426,0.9505490173083236
C0690,Individual,Janet,Stewart,1985-09-09,F,Usa,Oregon,Home,4,Yes,Agency,40.3,1,4,1402023.24,350505.81,527730.49,4601.31,2024-01-01,2025-12-01,3,1,4,1,700,0.25,1,2,0,First-Time Buyers,0.6385575919321116,0.17098200107313807
C0691,Individual,Kenneth,Bell,1943-07-22,M,Usa,California,Investment,4,No,Agency,82.4,0,4,948552.89,237138.2225,307826.14,3264.64,2024-03-01,2025-08-01,4,0,4,1,518,0.0,1,1,2,Personal-Use Buyers,-1.248426514327758,-2.241546669666155
C0692,Individual,Adam,Roberts,1964-03-14,M,Usa,Georgia,Investment,3,No,Agency,61.8,0,4,1206585.87,301646.4675,395284.05,4046.35,2024-05-01,2025-05-01,4,0,4,1,365,0.0,1,1,2,Personal-Use Buyers,-0.196826028010985,-1.0435288606897064
C0693,Individual,Jesse,Chavez,1957-04-28,M,Usa,California,Investment,5,Yes,Agency,68.7,1,4,1831502.92,457875.73,572810.16,5994.73,2024-01-01,2024-12-01,3,1,4,1,335,0.25,1,0,1,Global Investors,2.7153100330798297,0.6569137513852698
C0694,Company,Sterling,Co,1989-07-13,M,Uk,Scotland,Investment,2,No,Website,36.5,0,4,1287767.07,321941.7675,382289.82,4252.16,2024-01-01,2025-10-01,3,1,4,1,639,0.25,1,1,2,Personal-Use Buyers,0.059674330877521393,0.1510328913928511
C0695,Individual,Timothy,Rogers,1947-03-24,M,Usa,Washington,Home,4,No,Website,78.8,0,3,870451.65,290150.55,381213.39,2804.62,2024-07-01,2025-01-01,2,1,3,1,184,0.333,1,1,2,Personal-Use Buyers,-1.843090209893738,-0.5419643841456673
C0696,Individual,Carol,Green,1994-03-06,F,Usa,Washington,Investment,5,Yes,Agency,31.8,1,4,1417025.49,354256.3725,610973.17,4986.47,2024-01-01,2025-10-01,3,1,4,1,639,0.25,1,2,0,First-Time Buyers,0.8783055020664071,0.18935361196050002
C0697,Individual,Bryan,Mitchell,1986-11-01,M,Usa,California,Investment,4,Yes,Agency,39.2,1,4,1203571.2,300892.8,529206.1,4146.61,2024-10-01,2025-10-01,4,0,4,1,365,0.0,1,2,0,First-Time Buyers,-0.19808575255566188,-0.7127351058064569
C0698,Individual,Maria,Scott,1946-07-16,F,Usa,California,Home,2,Yes,Website,79.5,1,4,1560635.51,390158.8775,575207.87,5147.83,2024-03-01,2025-06-01,3,1,4,1,457,0.25,1,0,0,Global Investors,1.4639638999630873,0.23868974341089857
C0699,Individual,Stephen,Bennett,1986-12-22,M,Usa,Washington,Home,1,Yes,Agency,39.0,1,3,1292445.15,430815.05,497579.57,4071.58,2024-01-01,2025-11-01,3,0,3,1,670,0.0,1,2,0,First-Time Buyers,-0.08043858862907893,1.740322038216682
C0700,Individual,Christine,Sanders,1944-04-14,F,Usa,Washington,Home,5,No,Website,81.7,0,3,724453.7,241484.56666666665,302845.83,2554.28,2024-11-01,2025-12-01,3,0,3,1,395,0.0,1,1,2,Personal-Use Buyers,-2.4270757203128976,-1.7722550354309365
C0701,Individual,Danielle,Peterson,1962-09-17,F,Uk,England,Investment,1,No,Website,63.3,0,4,1318537.76,329634.44,610952.85,4202.29,2024-10-01,2025-12-01,4,0,4,1,426,0.0,1,1,2,Personal-Use Buyers,0.15985124075914067,-0.44299291242479316
C0702,Individual,Nicholas,Flores,1966-07-24,M,Usa,Arizona,Home,5,No,Agency,59.4,0,3,1215022.0,405007.3333333333,437978.56,3911.33,2024-06-01,2025-01-01,3,0,3,1,214,0.0,1,1,2,Personal-Use Buyers,-0.20933372525757332,0.32878405732726995
C0703,Company,Elara,Co,1984-05-15,M,Usa,Colorado,Home,3,No,Website,41.6,0,3,938073.5700000001,312691.19,394037.08,3071.6400000000003,2024-07-01,2025-08-01,3,0,3,1,396,0.0,1,1,2,Personal-Use Buyers,-1.6516306233207347,-0.008793673256653662
C0704,Individual,Nicole,Jordan,1942-01-23,F,Usa,Georgia,Home,4,No,Agency,83.9,0,3,1130778.86,376926.2866666667,431012.78,3584.7799999999997,2024-04-01,2024-11-01,2,1,3,1,214,0.333,1,1,2,Personal-Use Buyers,-0.5948049591282991,0.29816566227680696
C0705,Individual,Timothy,Murray,1940-12-18,M,Usa,Nevada,Home,3,No,Website,85.0,0,3,1643383.67,547794.5566666666,670575.87,5041.58,2024-02-01,2024-07-01,3,0,3,1,151,0.0,1,0,1,Global Investors,1.825702198371215,1.6911634347017328
C0706,Individual,Kyle,Thomas,1984-06-23,M,Uk,England,Investment,2,No,Client,41.5,0,3,1034954.84,344984.94666666666,437082.22,3487.85,2024-06-01,2025-01-01,3,0,3,1,214,0.0,1,1,2,Personal-Use Buyers,-1.194257215789164,0.5185187031438779
C0707,Individual,Zachary,Richardson,1995-09-23,M,Usa,Virginia,Home,5,Yes,Website,30.3,1,4,1171255.22,292813.805,399196.41,3827.74,2024-04-01,2025-09-01,3,1,4,1,518,0.25,1,2,0,First-Time Buyers,-0.39853766902304816,-0.4620616937438195
C0708,Individual,Brian,Cook,1964-11-28,M,Usa,California,Home,2,No,Client,61.1,0,3,1539340.8699999999,513113.6233333333,658501.84,4571.08,2024-07-01,2024-12-01,1,2,3,1,153,0.667,1,0,1,Global Investors,1.14573010150857,2.9283675218259337
C0709,Individual,Samantha,Price,1982-11-06,F,Usa,Georgia,Home,2,Yes,Agency,43.2,1,4,1233960.52,308490.13,558878.17,4036.92,2024-07-01,2025-09-01,4,0,4,1,427,0.0,1,2,0,First-Time Buyers,-0.21223907722444657,-0.36592469751994344
C0710,Individual,Kyle,Bryant,1946-08-18,M,Usa,Oregon,Home,2,Yes,Agency,79.4,1,4,1158001.3599999999,289500.33999999997,510596.18,3757.43,2024-02-01,2025-12-01,4,0,4,1,669,0.0,1,2,0,First-Time Buyers,-0.4622494051019671,-1.1793805523612197
C0711,Individual,Victoria,Hughes,1995-10-20,F,Usa,California,Investment,3,No,Agency,30.2,0,4,1045658.54,261414.635,383676.59,3623.01,2024-06-01,2024-12-01,3,1,4,1,183,0.25,1,1,2,Personal-Use Buyers,-0.9679650259181143,-0.5515857990514031
C0712,Individual,Joseph,Scott,1991-01-21,M,Usa,California,Home,1,No,Agency,34.9,0,3,701688.31,233896.10333333336,311645.47,2528.04,2024-03-01,2024-06-01,2,1,3,1,92,0.333,1,1,2,Personal-Use Buyers,-2.8109243464663516,0.14792079610024025
C0713,Individual,Debra,Thomas,1997-02-14,F,Usa,California,Investment,3,No,Agency,28.9,0,3,946537.74,315512.58,467446.4,3375.51,2024-05-01,2025-03-01,3,0,3,1,304,0.0,1,1,2,Personal-Use Buyers,-1.5453905136504975,0.2551384364408081
C0714,Individual,Kyle,Murray,1977-01-03,M,Russia,Saint Petersburg,Home,3,No,Website,49.0,0,3,1520218.18,506739.3933333333,606614.22,5041.58,2024-03-01,2025-10-01,1,2,3,1,579,0.667,1,0,1,Global Investors,1.32803300887037,2.909164971019536
C0715,Individual,Janice,Wilson,1982-08-05,F,Usa,Utah,Home,3,No,Website,43.4,0,3,1151372.75,383790.9166666667,523101.86,4022.3,2024-01-01,2025-01-01,2,1,3,1,366,0.333,1,1,2,Personal-Use Buyers,-0.43411255607282334,1.2009928371705985
C0716,Individual,Jordan,Davis,1994-10-24,M,Uk,Northern Ireland,Home,1,No,Client,31.2,0,3,1173245.74,391081.91333333333,512554.33,4002.3,2024-03-01,2025-11-01,2,1,3,1,610,0.333,1,1,2,Personal-Use Buyers,-0.5111961727807408,1.8471342543742038
C0717,Individual,Virginia,Weaver,1946-06-09,F,Usa,Arizona,Investment,3,Yes,Agency,79.6,1,3,1000529.6699999999,333509.88999999996,419346.92,3469.69,2024-03-01,2025-06-01,2,1,3,1,457,0.333,1,2,0,First-Time Buyers,-1.1485614641122253,0.21553993623425913
C0718,Individual,Martha,Scott,1944-10-08,F,France,Ile-De-France,Home,2,Yes,Website,81.2,1,3,900157.9099999999,300052.63666666666,406298.92,3371.41,2024-08-01,2025-02-01,2,1,3,1,184,0.333,1,2,0,First-Time Buyers,-1.534995467012102,0.0015758176474395084
C0719,Individual,Jason,Jordan,1974-07-02,M,Usa,California,Investment,2,Yes,Agency,51.5,1,3,912916.77,304305.59,359309.3,3071.6400000000003,2024-04-01,2025-12-01,3,0,3,1,609,0.0,1,2,0,First-Time Buyers,-1.783700454437728,0.04774303143191476
C0720,Individual,Shirley,Wilson,1981-05-17,F,Usa,California,Investment,1,Yes,Agency,44.6,1,4,844316.69,211079.1725,257796.8,2713.49,2024-12-01,2025-12-01,2,2,4,1,365,0.5,1,2,0,First-Time Buyers,-2.0385006457218724,-0.48558142196714776
C0721,Individual,Julia,Jordan,1999-03-07,F,Usa,Florida,Home,4,No,Website,26.8,0,4,1167212.02,291803.005,468906.08,3757.95,2024-04-01,2025-10-01,3,1,4,1,548,0.25,1,1,2,Personal-Use Buyers,-0.4843481391394083,-0.3693802981853614
C0722,Individual,Carol,Sanders,1943-09-11,F,Usa,Texas,Home,1,No,Website,82.3,0,3,936104.05,312034.68333333335,428259.32,3100.45,2024-09-01,2025-09-01,3,0,3,1,365,0.0,1,1,2,Personal-Use Buyers,-1.5830493112078672,-0.37543180804768556
C0723,Individual,Ann,Hansen,1999-04-19,F,Germany,North Rhine-Westphalia,Home,3,Yes,Website,26.7,1,3,1554043.79,518014.5966666667,641498.15,5015.3,2024-09-01,2025-03-01,3,0,3,1,181,0.0,1,0,0,Global Investors,1.309742277645992,2.5114190821446636
C0724,Individual,Samuel,Howard,1960-09-27,M,Usa,Arizona,Investment,4,Yes,Agency,65.3,1,4,1564795.28,391198.82,595879.26,5020.530000000001,2024-05-01,2025-11-01,3,1,4,1,549,0.25,1,0,0,Global Investors,1.394489259946686,0.1785352094053573
C0725,Individual,Katherine,Jones,1983-07-03,F,Usa,New York,Home,3,No,Website,42.5,0,3,1557779.53,519259.8433333333,566513.0,5201.04,2024-09-01,2025-06-01,3,0,3,1,273,0.0,1,0,1,Global Investors,1.4927443093427626,2.116176788120221
C0726,Individual,Melissa,Harris,1977-01-25,F,Usa,Georgia,Home,4,No,Website,48.9,0,4,1055406.17,263851.5425,377502.89,3604.98,2024-01-01,2025-08-01,3,1,4,1,578,0.25,1,1,2,Personal-Use Buyers,-0.8168305136351297,-1.037516108032534
C0727,Individual,Ronald,Bell,1941-08-24,M,Usa,California,Investment,3,Yes,Client,84.4,1,4,1924218.25,481054.5625,675285.62,5703.07,2024-02-01,2025-05-01,4,0,4,1,455,0.0,1,0,1,Global Investors,2.808550612227241,0.5722649642836265
C0728,Individual,Jason,Jones,1971-07-23,M,Usa,California,Home,3,Yes,Agency,54.4,1,3,896046.43,298682.14333333337,421724.13,2804.62,2024-01-01,2024-10-01,2,1,3,1,274,0.333,1,2,0,First-Time Buyers,-1.9059005028990994,0.2766514003565197
C0729,Individual,Raymond,Long,1944-01-04,M,Usa,Washington,Investment,3,Yes,Agency,82.0,1,3,1100578.42,366859.4733333333,489878.14,3840.84,2024-12-01,2025-09-01,2,1,3,1,274,0.333,1,2,0,First-Time Buyers,-0.6195774537854329,0.5218862458278498
C0730,Individual,Gregory,Baker,1988-05-09,M,Usa,California,Investment,4,No,Website,37.6,0,3,1395460.54,465153.51333333337,629261.99,4306.99,2024-02-01,2024-05-01,3,0,3,1,90,0.0,1,0,2,Global Investors,0.5033505299850206,1.4678688779154432
C0731,Individual,Larry,Harris,2000-10-18,M,Usa,California,Home,5,No,Agency,25.2,0,4,2163873.35,540968.3375,579753.4,6797.47,2024-04-01,2025-08-01,4,0,4,1,487,0.0,1,0,1,Global Investors,3.9592988052726374,1.7620138522064523
C0732,Individual,Justin,Peterson,1985-03-03,M,Usa,Oregon,Home,5,No,Website,40.8,0,4,1763602.47,440900.6175,561731.1,5817.4,2024-01-01,2024-10-01,4,0,4,1,274,0.0,1,0,1,Global Investors,2.3721235983034994,0.41853417789683967
C0733,Individual,Susan,White,1976-01-03,F,Usa,Nevada,Home,5,No,Agency,50.0,0,3,1610480.1,536826.7000000001,622128.29,4827.1,2024-05-01,2025-11-01,2,1,3,1,549,0.333,1,0,1,Global Investors,1.5534905004337451,2.3643750267285575
C0734,Individual,Danielle,Ward,1981-06-27,F,Usa,Virginia,Investment,5,Yes,Client,44.5,1,3,894573.22,298191.0733333333,455010.72,3232.0,2024-07-01,2025-06-01,1,2,3,1,335,0.667,1,2,0,First-Time Buyers,-1.6361624070706213,0.5988952688253569
C0735,Individual,Matthew,Long,1994-08-10,M,Germany,Hesse,Investment,4,No,Website,31.4,0,3,1082670.51,360890.17,470123.96,3387.5299999999997,2024-07-01,2025-12-01,1,2,3,1,518,0.667,1,1,2,Personal-Use Buyers,-1.0031116167713032,1.5238851766782553
C0736,Individual,Jordan,Campbell,1942-06-13,M,Usa,Utah,Investment,3,No,Agency,83.6,0,3,961660.45,320553.48333333334,476537.31,3148.54,2024-07-01,2025-11-01,3,0,3,1,488,0.0,1,1,2,Personal-Use Buyers,-1.4405575285015586,-0.6198433030560003
C0737,Individual,Harold,Harris,1978-08-15,M,Usa,California,Investment,3,No,Agency,47.4,0,3,1271295.42,423765.13999999996,517724.81,4306.99,2024-02-01,2025-08-01,3,0,3,1,547,0.0,1,0,1,Global Investors,0.06376016186180355,1.0668442318387117
C0738,Individual,Jose,White,1980-09-21,M,Usa,Texas,Home,5,No,Website,45.3,0,4,1217179.49,304294.8725,464608.3,3823.05,2024-01-01,2024-10-01,4,0,4,1,274,0.0,1,1,2,Personal-Use Buyers,-0.22677571883879474,-1.1009573752077921
C0739,Individual,Albert,Turner,1965-03-16,M,Usa,California,Home,2,No,Agency,60.8,0,4,1239915.48,309978.87,442471.98,4384.48,2024-08-01,2025-12-01,3,1,4,1,487,0.25,1,1,2,Personal-Use Buyers,0.06150021553877814,-0.3893837279791232
C0740,Individual,Julia,Bell,1966-12-08,F,Usa,Utah,Investment,1,No,Client,59.1,0,3,1150084.72,383361.5733333333,580909.55,3528.71,2024-05-01,2025-02-01,2,1,3,1,276,0.333,1,1,1,Personal-Use Buyers,-0.7434670177123736,1.275238078296965
C0741,Individual,Sandra,Stone,1962-08-11,F,Usa,California,Home,2,No,Website,63.4,0,3,808100.3,269366.76666666666,318066.48,2856.2200000000003,2025-01-01,2025-09-01,2,1,3,1,243,0.333,1,1,2,Personal-Use Buyers,-2.1383707868896726,-0.15896641207494364
C0742,Individual,Bryan,Howard,1980-08-21,M,Uk,Wales,Home,1,Yes,Website,45.4,1,3,943082.4199999999,314360.80666666664,424586.91,3236.3599999999997,2024-05-01,2025-09-01,2,1,3,1,488,0.333,1,2,0,First-Time Buyers,-1.608111707479127,0.9249559085101174
C0743,Individual,Joshua,Allen,1972-09-10,M,Usa,Oregon,Investment,4,Yes,Website,53.3,1,3,973707.31,324569.10333333333,437490.2,3436.3999999999996,2024-04-01,2025-12-01,3,0,3,1,609,0.0,1,2,0,First-Time Buyers,-1.2922835022733987,-0.13286937844654742
C0744,Individual,Helen,Morales,1950-11-10,F,Usa,Virginia,Home,1,No,Website,75.1,0,3,947393.7,315797.89999999997,425904.8,2817.99,2024-03-01,2025-04-01,2,1,3,1,396,0.333,1,1,2,Personal-Use Buyers,-1.6976173875889655,0.29175959026659526
C0745,Individual,Emily,Collins,1997-06-18,F,Usa,California,Investment,5,No,Website,28.5,0,4,1137226.12,284306.53,457379.31,3761.94,2024-05-01,2025-07-01,4,0,4,1,426,0.0,1,1,2,Personal-Use Buyers,-0.553306333560817,-1.0248574890567723
C0746,Individual,Gary,Reyes,1956-10-13,M,Uk,Scotland,Home,4,No,Website,69.2,0,4,1485041.45,371260.3625,474858.86,4482.48,2024-02-01,2025-01-01,3,1,4,1,335,0.25,1,0,1,Global Investors,0.9315024696055058,-0.23085579904137812
C0747,Individual,George,Patterson,1992-04-18,M,Usa,Florida,Home,4,Yes,Website,33.7,1,3,1321142.35,440380.7833333334,565444.67,4306.99,2024-06-01,2025-02-01,2,1,3,1,245,0.333,1,2,0,First-Time Buyers,0.2677916888828186,1.9078116785693007
C0748,Company,Vantage,Co,1974-03-05,F,Usa,California,Home,1,Yes,Client,51.8,1,3,1188736.23,396245.41,484844.4,3997.02,2025-05-01,2025-11-01,2,1,3,1,184,0.333,1,2,0,First-Time Buyers,-0.39303667880720794,1.6650635518864667
C0749,Individual,Dorothy,Anderson,1992-11-26,F,Usa,New York,Home,5,No,Agency,33.1,0,3,1170883.93,390294.6433333333,526465.62,3776.0699999999997,2024-12-01,2025-05-01,3,0,3,1,151,0.0,1,1,2,Personal-Use Buyers,-0.5077046474760079,0.6210724610720811
C0750,Individual,Janice,Price,1976-06-08,F,Usa,Nevada,Investment,1,No,Agency,49.6,0,3,887696.78,295898.9266666667,533052.17,2892.7999999999997,2024-04-01,2024-11-01,2,1,3,1,214,0.333,1,1,2,Personal-Use Buyers,-1.9746190226553457,0.5442111914463033
C0751,Individual,Keith,Parker,1974-09-19,M,Usa,California,Home,5,No,Client,51.3,0,4,1055948.97,263987.2425,335648.24,3868.0,2024-01-01,2024-09-01,4,0,4,1,244,0.0,1,1,2,Personal-Use Buyers,-0.6696768711888162,-1.6169833187126168
C0752,Individual,Lisa,Young,1954-12-17,F,Belgium,Brussels,Investment,3,No,Agency,71.0,0,4,836214.24,209053.56,237539.69,2901.69,2024-06-01,2025-02-01,3,1,4,1,245,0.25,1,1,2,Personal-Use Buyers,-1.8318272680982,-1.7833705702473963
C0753,Individual,Nicholas,Patterson,1960-12-22,M,Germany,Hamburg,Home,5,No,Website,65.0,0,4,1053102.32,263275.58,360664.73,3474.29,2024-02-01,2025-05-01,4,0,4,1,455,0.0,1,1,2,Personal-Use Buyers,-0.8364774744999296,-1.8491050390301287
C0754,Individual,Teresa,Johnson,1970-08-17,F,Usa,Arizona,Investment,3,No,Website,55.4,0,4,1300009.56,325002.39,370723.42,4149.67,2024-09-01,2025-07-01,3,1,4,1,303,0.25,1,1,2,Personal-Use Buyers,0.14788734741320098,-0.33297825798682607
C0755,Company,Celera,Co,1967-12-23,F,Usa,California,Home,5,No,Website,58.0,0,3,1040997.25,346999.0833333333,348797.92,3859.45,2025-04-01,2025-08-01,2,1,3,1,122,0.333,1,1,2,Personal-Use Buyers,-0.7667125261816277,0.24331838407053796
C0756,Individual,Jessica,Patterson,1963-03-19,F,Usa,Utah,Home,5,Yes,Website,62.8,1,3,785768.09,261922.69666666666,349788.42,2804.62,2025-05-01,2025-10-01,3,0,3,1,153,0.0,1,2,0,First-Time Buyers,-2.1627619822546738,-1.115396682290854
C0757,Individual,Keith,Taylor,1946-05-09,M,Usa,Oregon,Home,3,Yes,Website,79.6,1,4,1392690.1199999999,348172.52999999997,566678.96,4213.08,2024-06-01,2025-11-01,3,1,4,1,518,0.25,1,2,0,First-Time Buyers,0.5284038175880924,-0.37680253044985995
C0758,Individual,Joe,Allen,1958-08-12,M,Usa,California,Investment,2,No,Website,67.4,0,4,1135189.16,283797.29,453645.31,3712.71,2024-06-01,2025-03-01,3,1,4,1,273,0.25,1,1,2,Personal-Use Buyers,-0.5512163248853194,-0.802085163547391
C0759,Individual,Samuel,Anderson,1991-10-27,M,Usa,Florida,Home,4,No,Website,34.2,0,3,1327801.32,442600.44,605700.56,4354.61,2024-09-01,2025-05-01,3,0,3,1,242,0.0,1,0,1,Global Investors,0.30569913204334437,1.2905932099115296
C0760,Individual,Amanda,Adams,1964-12-27,F,Usa,California,Investment,3,No,Website,61.0,0,4,1288008.21,322002.0525,520039.4,4534.76,2024-01-01,2025-01-01,4,0,4,1,366,0.0,1,1,2,Personal-Use Buyers,0.31747678616886343,-0.8385255360408956
C0761,Individual,Joyce,Patterson,1981-08-24,F,Belgium,Flanders,Home,2,No,Agency,44.4,0,4,1387948.07,346987.0175,575218.75,4537.6900000000005,2024-04-01,2025-09-01,4,0,4,1,518,0.0,1,0,1,Global Investors,0.48996529003860084,-0.09206942711742967
C0762,Individual,Anna,Young,1967-07-01,F,Usa,Ohio,Home,4,No,Website,58.5,0,4,1456185.33,364046.3325,485326.73,5253.52,2024-03-01,2025-01-01,4,0,4,1,306,0.0,1,0,2,Global Investors,1.2132753304181818,-0.521706588590299
C0763,Company,Summit,Co,1971-07-18,F,Usa,Georgia,Home,3,No,Agency,54.5,0,3,1036781.97,345593.99,394871.49,3457.79,2025-02-01,2025-09-01,3,0,3,1,212,0.0,1,1,2,Personal-Use Buyers,-1.1143204217105909,0.13984274731188304
C0764,Individual,Debra,Parker,1983-02-09,F,Uk,Northern Ireland,Investment,4,No,Client,42.9,0,4,1670624.74,417656.185,596267.69,5766.62,2024-12-01,2025-11-01,4,0,4,1,335,0.0,1,0,1,Global Investors,2.0072446055339883,0.3363100074824399
C0765,Individual,Joe,Green,1967-06-22,M,France,Brittany,Home,3,No,Website,58.5,0,4,1516418.29,379104.5725,556439.7,5040.25,2024-02-01,2025-08-01,3,1,4,1,547,0.25,1,0,1,Global Investors,1.2402447722586145,0.20253053763293224
C0766,Individual,Robert,Bennett,1994-09-04,M,Germany,North Rhine-Westphalia,Home,3,Yes,Client,31.3,1,4,1601876.1400000001,400469.03500000003,587630.43,5145.09,2024-01-01,2025-08-01,3,1,4,1,578,0.25,1,0,0,Global Investors,1.4270449937777068,1.0198737635092094
C0767,Individual,David,Brown,1961-02-02,M,Canada,British Columbia,Investment,2,No,Agency,64.9,0,4,1403932.48,350983.12,485150.67,4968.33,2024-01-01,2025-10-01,3,1,4,1,639,0.25,1,0,1,Global Investors,0.822634677031756,-0.007717295063278801
C0768,Individual,Matthew,Weaver,1992-07-22,M,Denmark,Southern Denmark,Investment,5,Yes,Website,33.4,1,3,1048127.47,349375.8233333333,527746.08,3491.66,2024-05-01,2025-03-01,1,2,3,1,304,0.667,1,2,0,First-Time Buyers,-1.0251653329780492,1.3286106522226968
C0769,Individual,Nicole,Long,1958-02-21,F,Usa,Ohio,Home,4,No,Agency,67.9,0,3,675607.7899999999,225202.59666666665,324271.22,2259.94,2024-01-01,2025-09-01,2,1,3,1,609,0.333,1,1,2,Personal-Use Buyers,-2.828778359446103,-1.0076795436523527
C0770,Individual,Shirley,Hall,1951-02-09,F,Russia,Krasnodar Krai,Home,4,No,Website,74.9,0,3,984598.73,328199.57666666666,535533.08,3313.53,2024-10-01,2025-03-01,3,0,3,1,151,0.0,1,1,2,Personal-Use Buyers,-1.2482048761173725,-0.5712077441722272
C0771,Company,Quasar,Co,1984-06-09,M,Usa,California,Home,1,No,Website,41.6,0,4,1856997.08,464249.27,728976.07,5633.3099999999995,2024-02-01,2025-10-01,3,1,4,1,608,0.25,1,0,1,Global Investors,2.4253612629568044,1.7125278135214126
C0772,Individual,Ethan,White,1991-09-25,M,Usa,California,Investment,1,No,Client,34.3,0,3,911164.52,303721.50666666665,332253.48,3114.6,2024-01-01,2025-12-01,1,2,3,1,700,0.667,1,1,2,Personal-Use Buyers,-1.8043007588354896,1.3782227576862123
C0773,Individual,Christopher,Taylor,1964-12-09,M,Russia,Saint Petersburg,Home,1,No,Website,61.1,0,4,1451465.46,362866.365,514489.27,4612.33,2025-05-01,2025-10-01,3,1,4,1,153,0.25,1,0,1,Global Investors,0.7713973737292982,0.32174668745126933
C0774,Individual,David,Wood,1983-03-23,M,Usa,Georgia,Home,5,Yes,Agency,42.8,1,3,999792.6799999999,333264.2266666666,564194.97,3434.41,2024-10-01,2024-12-01,3,0,3,1,61,0.0,1,2,0,First-Time Buyers,-1.2240087144514464,-0.010835225276822309
C0775,Individual,Andrea,Reyes,1975-12-25,F,Usa,Arizona,Home,1,No,Agency,50.0,0,4,1043608.37,260902.0925,368476.78,3601.56,2025-03-01,2025-11-01,3,1,4,1,245,0.25,1,1,2,Personal-Use Buyers,-0.9801074970035004,-0.5568729438159264
C0776,Individual,Ashley,Morales,1966-06-11,F,Germany,Bavaria,Home,4,Yes,Agency,59.6,1,3,914465.3300000001,304821.7766666667,382528.88,2942.6099999999997,2025-03-01,2025-08-01,2,1,3,1,153,0.333,1,2,0,First-Time Buyers,-1.7401758413960495,0.10176526435393778
C0777,Company,Meridian,Co,1982-05-15,M,Usa,Arizona,Home,1,No,Client,43.6,0,3,1130759.4100000001,376919.8033333334,459850.51,3939.48,2024-03-01,2024-11-01,3,0,3,1,245,0.0,1,1,2,Personal-Use Buyers,-0.6496298638110737,0.9716493804706087
C0778,Individual,George,Pierce,1998-07-22,M,Usa,California,Investment,4,Yes,Agency,27.4,1,4,1646921.92,411730.48,601818.29,5339.51,2024-01-01,2025-09-01,3,1,4,1,609,0.25,1,0,0,Global Investors,1.677430296698716,1.037146744366751
C0779,Individual,Lisa,Hughes,1953-04-05,F,Usa,California,Home,5,Yes,Agency,72.7,1,3,1221957.12,407319.04000000004,499912.08,3975.2400000000002,2024-07-01,2025-11-01,3,0,3,1,488,0.0,1,2,0,First-Time Buyers,-0.11870636438964935,0.25203695605666376
C0780,Individual,Martha,Hansen,1947-08-01,F,Usa,California,Home,3,No,Website,78.4,0,3,708761.6900000001,236253.8966666667,337660.44,2548.91,2024-01-01,2025-10-01,3,0,3,1,639,0.0,1,1,2,Personal-Use Buyers,-2.560310220463994,-1.4334487798374773
C0781,Individual,Gerald,Sanders,1940-11-28,M,Usa,California,Investment,5,Yes,Website,85.1,1,4,1181206.69,295301.6725,356949.82,4122.54,2024-04-01,2025-11-01,2,2,4,1,579,0.5,1,2,0,First-Time Buyers,-0.04118461444738759,-0.979177899291163
C0782,Individual,Ethan,Williams,1970-10-02,M,Usa,Utah,Investment,2,Yes,Website,55.2,1,4,1166638.1600000001,291659.54000000004,500885.96,3620.15,2024-01-01,2025-02-01,3,1,4,1,397,0.25,1,2,0,First-Time Buyers,-0.5543115829841055,-0.3893958838588804
C0783,Individual,Betty,Sanders,1961-03-27,F,Canada,Alberta,Home,1,Yes,Agency,64.8,1,3,1031472.36,343824.12,437818.55,3469.69,2024-04-01,2024-12-01,3,0,3,1,244,0.0,1,2,0,First-Time Buyers,-1.186681751359166,0.4165779315845723
C0784,Individual,Charles,Baker,1973-06-26,M,Mexico,Baja California,Investment,4,No,Website,52.5,0,3,1172514.65,390838.2166666666,509668.52,4070.24,2024-03-01,2025-09-01,3,0,3,1,549,0.0,1,1,2,Personal-Use Buyers,-0.3203339643484932,0.45887146546016006
C0785,Company,Rexon,Co,1971-03-27,F,Usa,California,Home,2,No,Website,54.8,0,4,1047112.48,261778.12,431877.48,3443.73,2024-03-01,2025-05-01,4,0,4,1,426,0.0,1,1,2,Personal-Use Buyers,-0.9873886833195235,-1.1960148698794713
C0786,Individual,Sarah,Martin,1983-03-25,F,Usa,California,Investment,3,No,Website,42.8,0,3,663797.37,221265.79,316398.13,2172.26,2024-04-01,2025-12-01,2,1,3,1,609,0.333,1,1,2,Personal-Use Buyers,-3.0091724367553168,-0.47828630392783994
C0787,Individual,Andrew,Jackson,1950-11-20,M,Usa,Washington,Home,1,No,Website,75.1,0,3,1405947.6600000001,468649.22000000003,528186.67,4583.59,2024-04-01,2025-11-01,3,0,3,1,579,0.0,1,0,1,Global Investors,0.7079530722806205,1.374567413089587
C0788,Individual,Matthew,Stone,1944-05-14,M,France,Brittany,Investment,4,No,Website,81.6,0,4,1799447.01,449861.7525,599896.96,5930.35,2024-05-01,2025-03-01,3,1,4,1,304,0.25,1,0,1,Global Investors,2.616071091873428,0.3915085761153591
C0789,Individual,Madison,Price,1974-04-06,F,Canada,Ontario,Investment,1,No,Website,51.7,0,3,1125271.6,375090.5333333334,491362.13,3686.7299999999996,2024-03-01,2025-01-01,1,2,3,1,306,0.667,1,1,2,Personal-Use Buyers,-0.7470526769611007,1.8330930616994499
C0790,Individual,Brandon,Cooper,1974-01-18,M,Usa,California,Home,5,Yes,Agency,52.0,1,4,1521440.8599999999,380360.21499999997,629276.73,4908.68,2024-05-01,2024-12-01,3,1,4,1,214,0.25,1,0,0,Global Investors,1.2141808151484432,0.11914491464347042
C0791,Individual,Walter,Adams,1983-01-07,M,Usa,Texas,Home,4,No,Website,43.0,0,4,1424465.81,356116.4525,386702.48,4639.87,2024-01-01,2025-08-01,3,1,4,1,578,0.25,1,0,1,Global Investors,0.7675217957065966,0.03559534253015735
C0792,Individual,Joseph,Richardson,1982-04-14,M,Usa,California,Investment,4,Yes,Website,43.7,1,4,1559979.82,389994.955,542607.18,4879.4,2024-07-01,2025-12-01,4,0,4,1,518,0.0,1,0,0,Global Investors,1.2540947027991818,0.1250130732260271
C0793,Individual,Kevin,Brown,1969-09-04,M,Usa,New York,Home,4,No,Agency,56.3,0,4,1245234.35,311308.5875,545577.55,4193.76,2024-03-01,2025-07-01,4,0,4,1,487,0.0,1,1,2,Personal-Use Buyers,0.018903375053184977,-1.0185637001542729
C0794,Individual,Gregory,Mitchell,1951-02-11,M,Usa,California,Home,4,Yes,Website,74.9,1,3,1120488.77,373496.25666666665,453748.83,3925.54,2024-04-01,2025-04-01,3,0,3,1,365,0.0,1,2,0,First-Time Buyers,-0.47702928445971043,0.008528687328889378
C0795,Individual,Harold,Murray,1969-01-14,M,Usa,California,Investment,4,Yes,Website,57.0,1,3,1170869.0899999999,390289.6966666666,601201.34,3507.1400000000003,2024-11-01,2025-10-01,3,0,3,1,334,0.0,1,2,0,First-Time Buyers,-0.5958563703922367,0.4848873913609583
C0796,Individual,Stephanie,Ward,1983-04-11,F,Usa,California,Investment,5,Yes,Website,42.7,1,3,559596.54,186532.18000000002,201976.86,1822.3400000000001,2025-06-01,2025-11-01,3,0,3,1,153,0.0,1,2,0,First-Time Buyers,-3.4900632333549675,-1.5585312829668772
C0797,Individual,Joan,Gray,1990-06-08,F,Usa,Oregon,Home,5,Yes,Agency,35.6,1,3,881179.3,293726.43333333335,475185.8,2555.6099999999997,2024-01-01,2025-11-01,2,1,3,1,670,0.333,1,2,0,First-Time Buyers,-2.07493246395096,0.2052607963613867
C0798,Company,Novex,Co,1965-10-21,M,Usa,Nevada,Home,4,Yes,Agency,60.2,1,4,987267.48,246816.87,353070.7,3363.49,2024-04-01,2025-05-01,4,0,4,1,395,0.0,1,2,0,First-Time Buyers,-1.1519769329226566,-1.6331510298207021
C0799,Individual,Pamela,Johnson,1954-07-24,F,Usa,California,Home,4,No,Website,71.4,0,4,1108935.8599999999,277233.96499999997,350745.37,3888.98,2024-05-01,2025-04-01,4,0,4,1,335,0.0,1,1,2,Personal-Use Buyers,-0.45697833276082217,-1.6577986984757955
C0800,Individual,Lawrence,Smith,1974-01-02,M,Usa,Virginia,Investment,5,Yes,Website,52.0,1,3,983573.1799999999,327857.7266666666,543292.36,3454.64,2024-06-01,2024-07-01,3,0,3,1,30,0.0,1,2,0,First-Time Buyers,-1.2202808604410318,-0.24528762900748843
C0801,Individual,Betty,Price,1969-04-03,F,Usa,Washington,Home,4,Yes,Website,56.7,1,3,1361712.2999999998,453904.0999999999,571066.07,4306.99,2024-09-01,2025-04-01,3,0,3,1,212,0.0,1,0,0,Global Investors,0.45620466689142436,1.1505776242953345
C0802,Individual,Matthew,Williams,1970-11-10,M,Usa,Virginia,Home,5,No,Agency,55.1,0,3,1074480.81,358160.27,494631.27,3652.74,2024-10-01,2025-11-01,3,0,3,1,396,0.0,1,1,2,Personal-Use Buyers,-0.8190157465975082,-0.08448559397976686
C0803,Individual,Evelyn,Moore,1945-12-13,F,Usa,Texas,Home,4,No,Agency,80.0,0,4,1542819.53,385704.8825,595397.77,5318.37,2024-04-01,2025-05-01,4,0,4,1,395,0.0,1,0,1,Global Investors,1.5368918813874426,-0.6335321428536855
C0804,Individual,Tyler,Cook,1967-01-10,M,Usa,Washington,Home,5,No,Agency,59.0,0,3,1223755.92,407918.63999999996,563216.05,4394.54,2024-04-01,2024-11-01,1,2,3,1,214,0.667,1,0,1,Global Investors,0.10410906884251658,1.3852962253532877
C0805,Individual,Albert,Cook,1953-01-17,M,Germany,Berlin,Home,1,Yes,Website,73.0,1,3,940964.73,313654.91,378804.75,2986.5299999999997,2024-05-01,2024-12-01,3,0,3,1,214,0.0,1,2,0,First-Time Buyers,-1.6799916542420315,-0.06020703019118907
C0806,Individual,Jack,Richardson,1989-11-18,M,France,Ile-De-France,Home,5,No,Client,36.1,0,4,1485168.27,371292.0675,543193.6,4881.68,2024-01-01,2025-11-01,4,0,4,1,670,0.0,1,0,1,Global Investors,1.0326720704694494,-0.21119822063462684
C0807,Individual,Amy,Chavez,1993-11-16,F,Mexico,Mexico City,Investment,5,No,Website,32.1,0,4,1635419.92,408854.98,548576.41,5649.5,2024-01-01,2025-12-01,2,2,4,1,700,0.5,1,0,1,Global Investors,1.8877687591871382,1.006362848488329
C0808,Individual,Gregory,Ward,1943-05-17,M,Germany,Berlin,Home,3,Yes,Website,82.6,1,3,885158.15,295052.7166666667,385179.19,3009.94,2025-02-01,2025-04-01,3,0,3,1,59,0.0,1,2,0,First-Time Buyers,-1.7524880132299072,-0.7521754538638347
C0809,Individual,Hannah,Alexander,1967-02-16,F,France,Occitanie,Home,5,Yes,Agency,58.9,1,3,1386118.19,462039.39666666667,619032.93,4394.54,2024-04-01,2025-02-01,3,0,3,1,306,0.0,1,0,0,Global Investors,0.5793958558637485,1.071563798230907
C0810,Individual,Ronald,Sanders,1995-02-13,M,Usa,California,Home,1,Yes,Website,30.9,1,3,922597.5800000001,307532.5266666667,415564.76,2746.91,2024-04-01,2025-10-01,3,0,3,1,548,0.0,1,2,0,First-Time Buyers,-1.9806772117534337,0.570448376020897
C0811,Individual,Carl,Allen,1945-04-17,M,Uk,Wales,Home,3,No,Agency,80.7,0,3,1515201.05,505067.01666666666,531362.61,4415.7,2024-06-01,2025-11-01,3,0,3,1,518,0.0,1,0,1,Global Investors,1.0256967974657791,1.3622296528004507
C0812,Individual,Harold,Cooper,1974-08-24,M,Uk,Northern Ireland,Home,3,Yes,Website,51.4,1,4,1443224.01,360806.0025,529272.37,4994.32,2024-03-01,2025-09-01,4,0,4,1,549,0.0,1,2,0,First-Time Buyers,0.9651852057705957,-0.12513096913278807
C0813,Individual,Gerald,Cook,1974-10-11,M,Uk,Scotland,Investment,3,No,Agency,51.2,0,4,1314024.52,328506.13,453762.41,4397.97,2024-01-01,2025-12-01,1,3,4,1,700,0.75,1,1,2,Personal-Use Buyers,0.2899954888144021,0.5822133350520566
C0814,Individual,Joan,Stewart,1964-03-26,F,Usa,California,Home,2,No,Website,61.8,0,3,674363.74,224787.91333333333,245279.18,2120.18,2024-05-01,2025-06-01,3,0,3,1,396,0.0,1,1,2,Personal-Use Buyers,-2.9824873296549015,-1.1047237760088866
C0815,Company,Horizon,Co,1965-11-06,F,Usa,Nevada,Home,4,Yes,Agency,60.2,1,3,962374.6499999999,320791.55,376063.41,3617.89,2024-11-01,2025-08-01,3,0,3,1,273,0.0,1,2,0,First-Time Buyers,-1.230944208786474,-0.25686197380073217
C0816,Individual,Deborah,Wright,1947-12-23,F,Germany,Hamburg,Home,2,Yes,Website,78.0,1,3,1003090.8500000001,334363.6166666667,530119.92,3454.64,2024-11-01,2024-12-01,2,1,3,1,30,0.333,1,2,0,First-Time Buyers,-1.1652836309522643,0.4110867496008905
C0817,Individual,Grace,Thompson,1972-05-12,F,Usa,California,Investment,1,No,Website,53.6,0,3,1338281.0,446093.6666666667,487710.82,4346.46,2024-02-01,2025-05-01,2,1,3,1,455,0.333,1,0,1,Global Investors,0.3014217092171059,2.0134502214277332
C0818,Company,Sterling,Co,1991-09-08,F,Usa,Colorado,Home,2,No,Website,34.3,0,4,760443.3500000001,190110.83750000002,285509.27,2711.16,2024-02-01,2025-12-01,3,1,4,1,669,0.25,1,1,2,Personal-Use Buyers,-2.2471023115285433,-1.2233443393910644
C0819,Individual,Jose,Bryant,1951-03-15,M,Usa,California,Home,5,No,Website,74.8,0,3,1239378.27,413126.09,540445.52,3939.48,2025-04-01,2025-09-01,3,0,3,1,153,0.0,1,0,2,Global Investors,-0.037765596688082055,0.12765387347885923
C0820,Individual,Judith,Collins,1940-10-22,F,Usa,Texas,Investment,4,No,Agency,85.2,0,3,920197.78,306732.5933333333,497575.53,2928.85,2024-06-01,2025-03-01,3,0,3,1,273,0.0,1,1,2,Personal-Use Buyers,-1.6515376444988357,-0.9596067257065085
C0821,Individual,Elizabeth,Moore,1957-09-04,F,Usa,California,Home,5,Yes,Agency,68.3,1,3,1371213.26,457071.08666666667,555202.09,4403.67,2024-04-01,2025-04-01,2,1,3,1,365,0.333,1,0,0,Global Investors,0.5978640400447278,1.3513212805033572
C0822,Individual,Jessica,Weaver,1959-04-19,F,Usa,California,Investment,3,Yes,Website,66.7,1,3,1407630.29,469210.0966666667,508753.3,4691.92,2024-01-01,2024-07-01,2,1,3,1,182,0.333,1,0,0,Global Investors,0.8110743794437619,1.8197066477088326
C0823,Individual,Nancy,Hayes,1975-04-16,F,Usa,Oregon,Investment,5,Yes,Agency,50.7,1,4,1722388.8900000001,430597.22250000003,589758.81,5355.6,2024-02-01,2024-10-01,4,0,4,1,243,0.0,1,0,0,Global Investors,1.998405424591021,0.2909415413342128
C0824,Individual,Douglas,Cox,1976-06-01,M,Usa,California,Home,3,No,Agency,49.6,0,3,1234378.85,411459.6166666667,519209.27,4306.99,2024-07-01,2025-08-01,2,1,3,1,396,0.333,1,0,2,Global Investors,-0.02222745454411302,1.4083721206244928
C0825,Individual,Ruth,Hughes,1982-03-26,F,Mexico,Nuevo Leon,Home,4,Yes,Agency,43.8,1,4,1246198.0,311549.5,507522.85,4300.1900000000005,2024-04-01,2025-04-01,4,0,4,1,365,0.0,1,2,0,First-Time Buyers,0.014869235486585801,-0.6663269949582222
C0826,Individual,Jason,Stewart,1970-09-11,M,Usa,Ohio,Investment,4,Yes,Website,55.3,1,4,1255265.82,313816.455,623819.92,3984.77,2024-07-01,2025-11-01,3,1,4,1,488,0.25,1,2,0,First-Time Buyers,-0.04036914291039415,-0.4938720032817479
C0827,Individual,Ruth,Wright,1965-08-23,F,Usa,Washington,Home,2,Yes,Website,60.4,1,4,1176467.77,294116.9425,557463.33,4101.29,2024-03-01,2025-11-01,3,1,4,1,610,0.25,1,2,0,First-Time Buyers,-0.24908873796404934,-0.45089661161747363
C0828,Individual,Elizabeth,Stewart,1947-10-10,F,Usa,Arizona,Investment,4,Yes,Website,78.2,1,4,1313574.2,328393.55,500403.51,4488.37,2025-02-01,2025-10-01,3,1,4,1,242,0.25,1,2,0,First-Time Buyers,0.4617152662659418,-0.7260308700410046
C0829,Individual,Jonathan,Stewart,1960-11-16,M,Usa,Utah,Investment,3,No,Website,65.1,0,4,1296844.19,324211.0475,444270.56,4408.32,2024-05-01,2025-06-01,4,0,4,1,396,0.0,1,1,2,Personal-Use Buyers,0.2903602298190224,-0.8854034671983948
C0830,Individual,William,Martin,1952-05-16,M,Usa,Oregon,Investment,3,No,Agency,73.6,0,4,1518798.69,379699.6725,480172.84,4678.46,2024-09-01,2025-12-01,4,0,4,1,456,0.0,1,0,2,Global Investors,1.0702896673074815,-0.42120181461331935
C0831,Individual,Judith,Martin,1977-09-24,F,Usa,California,Home,2,No,Website,48.3,0,3,909532.47,303177.49,393983.06,2937.26,2024-02-01,2024-11-01,1,2,3,1,274,0.667,1,1,2,Personal-Use Buyers,-1.7929845183189128,0.956251793562556
C0832,Individual,Dorothy,Ward,1990-01-09,F,Usa,Nevada,Investment,3,Yes,Website,36.0,1,3,1290741.99,430247.33,561351.99,4009.83,2024-03-01,2025-01-01,2,1,3,1,306,0.333,1,2,0,First-Time Buyers,-0.02402215310805495,1.9327630714931423
C0833,Individual,Roger,Green,1951-11-06,M,Denmark,Southern Denmark,Home,5,No,Website,74.2,0,3,1422486.6099999999,474162.2033333333,504262.01,4869.9,2024-04-01,2025-04-01,2,1,3,1,365,0.333,1,0,1,Global Investors,1.0497345492568892,1.3009747725641885
C0834,Individual,Helen,Parker,1957-12-23,F,Usa,California,Home,5,No,Website,68.0,0,4,1384660.54,346165.135,428653.51,4295.62,2024-06-01,2025-07-01,4,0,4,1,395,0.0,1,0,2,Global Investors,0.5739392398590458,-1.0435579996109883
C0835,Individual,Maria,Foster,1974-06-06,F,Usa,California,Home,5,Yes,Website,51.6,1,4,1159317.69,289829.4225,498858.03,3766.44,2024-02-01,2025-12-01,3,1,4,1,669,0.25,1,2,0,First-Time Buyers,-0.3975042800400907,-0.8542581373133118
C0836,Individual,Adam,Sanders,1942-02-04,M,Usa,Ohio,Home,4,No,Website,83.9,0,3,1280715.29,426905.0966666667,499955.33,4479.73,2024-03-01,2025-03-01,2,1,3,1,365,0.333,1,0,1,Global Investors,0.3905562983390744,0.7952996804441052
C0837,Individual,Peter,Montgomery,1967-06-06,M,France,Brittany,Home,1,No,Website,58.6,0,4,1415445.71,353861.4275,484359.77,5013.23,2024-04-01,2025-05-01,4,0,4,1,395,0.0,1,0,1,Global Investors,0.853193757053322,-0.10827118992993438
C0838,Individual,Jacob,Morris,1992-04-05,M,Usa,Nevada,Investment,1,Yes,Website,33.7,1,3,837604.3,279201.43333333335,345031.43,2561.44,2024-02-01,2025-12-01,3,0,3,1,669,0.0,1,2,0,First-Time Buyers,-2.35817956712032,0.23066328491087543
C0839,Individual,Elizabeth,Baker,1994-01-26,F,Uk,England,Home,5,Yes,Agency,31.9,1,3,1123967.69,374655.89666666667,531903.04,3925.54,2024-02-01,2025-10-01,2,1,3,1,608,0.333,1,2,0,First-Time Buyers,-0.5900407268533455,1.1312989652801502
C0840,Individual,Elizabeth,Wilson,1981-11-01,F,Belgium,Brussels,Home,1,No,Website,44.2,0,4,1508352.25,377088.0625,565118.87,5318.37,2024-04-01,2025-10-01,4,0,4,1,548,0.0,1,0,1,Global Investors,1.2361822032913208,0.3750560543234999
C0841,Individual,Timothy,Cooper,1999-02-05,M,Belgium,Wallonia,Home,5,No,Website,26.9,0,4,1344816.1,336204.025,443394.23,4668.42,2024-03-01,2025-05-01,4,0,4,1,426,0.0,1,0,2,Global Investors,0.5087864766224912,-0.4385031509243669
C0842,Individual,Keith,Morales,1996-02-27,M,Usa,Washington,Home,5,Yes,Client,29.8,1,4,1082477.8199999998,270619.45499999996,507216.3,3714.98,2024-09-01,2025-11-01,2,2,4,1,426,0.5,1,2,0,First-Time Buyers,-0.7212807860288281,-0.29759393506313203
C0843,Individual,Amanda,Hansen,2000-12-04,F,Usa,Georgia,Home,4,No,Agency,25.1,0,3,1377127.37,459042.4566666667,508725.94,4502.16,2024-04-01,2025-10-01,3,0,3,1,548,0.0,1,0,1,Global Investors,0.48737762465662055,1.6401099834208488
C0844,Individual,Margaret,Scott,1947-06-13,F,Usa,California,Home,2,No,Website,78.6,0,4,1363201.96,340800.49,510261.37,4751.570000000001,2024-10-01,2025-11-01,3,1,4,1,396,0.25,1,0,2,Global Investors,0.6925777571276419,-0.3900693468503781
C0845,Individual,Ashley,Long,1993-09-05,F,Usa,Washington,Home,3,No,Client,32.3,0,3,1355270.16,451756.72,541412.0,4414.34,2024-05-01,2025-01-01,3,0,3,1,245,0.0,1,0,1,Global Investors,0.3672995724733172,1.5945314218137199
C0846,Individual,Martha,Harris,1976-05-15,F,Canada,Quebec,Investment,3,No,Agency,49.6,0,3,1069033.77,356344.59,579072.02,3406.5699999999997,2024-07-01,2024-12-01,3,0,3,1,153,0.0,1,1,2,Personal-Use Buyers,-1.078982077128567,0.34358466464625476
C0847,Individual,Nicole,James,1988-02-27,F,Usa,Utah,Home,2,Yes,Agency,37.8,1,4,1258765.46,314691.365,480678.5,4046.35,2024-05-01,2025-12-01,3,1,4,1,579,0.25,1,2,0,First-Time Buyers,-0.13952859586209262,0.17183322471340168
C0848,Individual,Aaron,Hughes,1967-11-22,M,Usa,California,Home,4,No,Agency,58.1,0,4,1366788.33,341697.0825,546910.59,4739.790000000001,2024-01-01,2025-01-01,4,0,4,1,366,0.0,1,0,2,Global Investors,0.6590074612149409,-0.7274406799877288
C0849,Individual,Brian,Wilson,1977-04-11,M,Usa,Oregon,Home,1,Yes,Website,48.7,1,4,1262931.66,315732.915,539249.94,3980.11,2024-08-01,2025-11-01,4,0,4,1,457,0.0,1,2,0,First-Time Buyers,-0.14662689751693103,-0.2393749819333962
C0850,Individual,Judy,Stone,1983-11-13,F,Usa,Colorado,Investment,5,No,Agency,42.1,0,3,528432.48,176144.16,229915.53,1831.8600000000001,2024-09-01,2024-09-01,3,0,3,1,0,0.0,1,1,2,Personal-Use Buyers,-3.6103271264122014,-1.7553829057651658
C0851,Individual,Kyle,White,1993-05-16,M,Usa,California,Investment,2,Yes,Website,32.6,1,4,1482957.8800000001,370739.47000000003,492001.45,5039.8,2024-01-01,2025-08-01,4,0,4,1,578,0.0,1,2,0,First-Time Buyers,1.0112989244952362,0.4488226702838491
C0852,Individual,Carl,Brown,1989-07-20,M,Germany,North Rhine-Westphalia,Home,2,No,Agency,36.4,0,4,1368458.37,342114.5925,430669.69,4889.48,2024-02-01,2024-10-01,4,0,4,1,243,0.0,1,0,1,Global Investors,0.5874048195137616,-0.0004024226422577777
C0853,Individual,Gerald,Bryant,1950-08-07,M,Usa,Utah,Home,4,No,Website,75.4,0,4,1293562.22,323390.555,431452.51,4368.34,2024-06-01,2025-08-01,2,2,4,1,426,0.5,1,1,2,Personal-Use Buyers,0.36414829165040136,-0.47635705548531493
C0854,Individual,David,Reyes,1944-02-13,M,Usa,California,Home,4,No,Website,81.9,0,3,1419031.6099999999,473010.5366666666,622276.58,4363.23,2024-05-01,2024-12-01,2,1,3,1,214,0.333,1,0,1,Global Investors,0.7784118763827316,1.305627655997628
C0855,Individual,Amanda,Foster,1973-03-10,F,Australia,Queensland,Home,4,No,Website,52.8,0,4,1198702.15,299675.5375,439175.81,4456.85,2024-03-01,2025-11-01,4,0,4,1,610,0.0,1,1,2,Personal-Use Buyers,0.019838967599388628,-1.0890782284091363
C0856,Individual,Janice,Chavez,1964-08-16,F,Usa,Florida,Home,5,Yes,Website,61.4,1,4,1565508.99,391377.2475,557814.29,4904.74,2024-04-01,2025-02-01,4,0,4,1,306,0.0,1,0,0,Global Investors,1.3841474879515474,-0.3302468471421239
C0857,Individual,Danielle,Ward,1951-05-11,F,Usa,California,Investment,1,Yes,Website,74.6,1,4,1431064.56,357766.14,532766.89,4585.13,2024-05-01,2025-11-01,2,2,4,1,549,0.5,1,2,0,First-Time Buyers,0.7504953932830137,0.5304316745674335
C0858,Individual,Samuel,Howard,1994-07-12,M,Usa,Nevada,Home,1,No,Website,31.5,0,3,972150.6,324050.2,377504.51,3469.69,2024-01-01,2024-12-01,2,1,3,1,335,0.333,1,1,2,Personal-Use Buyers,-1.4159355130478,1.1185553696033328
C0859,Individual,Megan,Anderson,1942-12-03,F,Usa,California,Home,2,Yes,Agency,83.1,1,4,1440623.8900000001,360155.97250000003,641122.99,4616.42,2024-01-01,2025-10-01,4,0,4,1,639,0.0,1,2,0,First-Time Buyers,0.8114984127981683,-0.496381969359539
C0860,Individual,Virginia,Morales,1968-07-09,F,Usa,Utah,Home,5,Yes,Website,57.5,1,4,1362579.84,340644.96,491343.75,4592.1,2024-04-01,2025-05-01,4,0,4,1,395,0.0,1,2,0,First-Time Buyers,0.6234280818382472,-0.7980533544959
C0861,Individual,Christine,Peterson,1994-08-04,F,France,Brittany,Investment,2,No,Agency,31.4,0,3,1527460.57,509153.5233333334,530773.97,4906.87,2024-01-01,2025-01-01,2,1,3,1,366,0.333,1,0,1,Global Investors,1.1344005236731594,2.918225275317942
C0862,Individual,Amanda,Jordan,1981-06-14,F,Usa,Colorado,Investment,1,No,Website,44.5,0,3,1354421.9100000001,451473.97000000003,605272.25,4583.59,2024-11-01,2025-10-01,3,0,3,1,334,0.0,1,0,1,Global Investors,0.4311135659288425,1.7165702747458933
C0863,Individual,Brandon,Peterson,1975-04-20,M,Belgium,Wallonia,Home,5,Yes,Agency,50.7,1,4,1107744.96,276936.24,331782.88,3938.59,2024-01-01,2024-11-01,4,0,4,1,305,0.0,1,2,0,First-Time Buyers,-0.5150502147389174,-1.318164547217722
C0864,Individual,Noah,Kim,1970-07-07,M,Usa,Texas,Home,3,No,Website,55.5,0,3,1085548.02,361849.34,436782.69,3469.69,2024-02-01,2025-10-01,2,1,3,1,608,0.333,1,1,2,Personal-Use Buyers,-0.8989248180169253,0.7662999877848209
C0865,Individual,Rebecca,Gray,1975-05-20,F,Usa,Colorado,Investment,5,Yes,Website,50.6,1,4,1268059.13,317014.7825,590633.76,4033.58,2024-01-01,2024-11-01,3,1,4,1,305,0.25,1,2,0,First-Time Buyers,0.04127593482594074,-0.5490524737487088
C0866,Individual,Lawrence,Bryant,1987-11-27,M,Belgium,Brussels,Home,3,No,Agency,38.1,0,4,1331713.08,332928.27,467860.91,4592.1,2024-01-01,2025-10-01,4,0,4,1,639,0.0,1,0,1,Global Investors,0.37006032242771714,-0.30117892239907396
C0867,Individual,Julia,Davis,1967-04-12,F,Usa,California,Home,2,No,Agency,58.7,0,3,1028747.3,342915.76666666666,434559.42,3438.79,2024-01-01,2024-08-01,3,0,3,1,213,0.0,1,1,2,Personal-Use Buyers,-1.171618228009252,0.20137975307689407
C0868,Individual,Victoria,Rogers,1945-02-21,F,Usa,Florida,Home,3,Yes,Agency,80.9,1,3,987211.1699999999,329070.38999999996,390539.15,3148.14,2024-03-01,2025-04-01,2,1,3,1,396,0.333,1,2,0,First-Time Buyers,-1.3442817005339367,0.1442410544669072
C0869,Individual,Jose,Roberts,1993-03-07,M,Usa,California,Home,4,No,Agency,32.8,0,3,858807.13,286269.04333333333,338104.13,3038.88,2024-01-01,2025-09-01,3,0,3,1,609,0.0,1,1,2,Personal-Use Buyers,-1.95107399114629,-0.285452582617356
C0870,Company,Harmon,Co,1966-09-01,F,Uk,Northern Ireland,Home,2,Yes,Website,59.3,1,4,1097902.26,274475.565,384011.41,3639.93,2024-03-01,2025-09-01,3,1,4,1,549,0.25,1,2,0,First-Time Buyers,-0.7309401709142616,-0.6135859758877225
C0871,Individual,Pamela,Pierce,1989-11-28,F,Usa,Virginia,Home,1,Yes,Website,36.1,1,4,1939848.53,484962.1325,612113.6,6097.09,2024-04-01,2024-09-01,3,1,4,1,153,0.25,1,0,0,Global Investors,2.880477422245328,2.141353747050901
C0872,Individual,Sarah,Bennett,1943-06-22,F,Uk,England,Home,4,No,Website,82.5,0,4,1462320.39,365580.0975,455019.48,5305.01,2024-02-01,2025-05-01,4,0,4,1,455,0.0,1,0,2,Global Investors,1.3214130475298302,-0.8926312928055901
C0873,Individual,Gerald,Murray,1940-09-09,M,Usa,New York,Home,2,No,Website,85.3,0,3,1325777.78,441925.9266666667,554502.82,4389.66,2024-02-01,2025-11-01,3,0,3,1,639,0.0,1,0,1,Global Investors,0.4102954806977523,0.7558467020419922
C0874,Individual,Debra,Murray,1953-07-26,F,Belgium,Flanders,Investment,2,No,Website,72.4,0,4,1490289.1099999999,372572.27749999997,604547.34,4746.09,2024-02-01,2025-03-01,4,0,4,1,394,0.0,1,0,1,Global Investors,0.9996747410073995,-0.31945744542922255
C0875,Individual,Jeffrey,Evans,1972-07-09,M,Canada,Manitoba,Home,4,No,Website,53.5,0,3,1308981.48,436327.16,551578.92,4111.66,2024-03-01,2024-08-01,3,0,3,1,153,0.0,1,0,1,Global Investors,0.16104484597244917,0.9139267826468488
C0876,Individual,Benjamin,Chavez,1973-08-22,M,Usa,California,Home,3,No,Client,52.4,0,3,873771.52,291257.17333333334,349877.5,2913.5699999999997,2024-01-01,2025-05-01,3,0,3,1,486,0.0,1,1,2,Personal-Use Buyers,-1.9303860098884658,-0.4141331618067353
C0877,Individual,Jennifer,Weaver,1998-12-22,F,Usa,Utah,Investment,2,Yes,Agency,27.0,1,3,1407650.4,469216.8,573266.03,4479.73,2025-05-01,2025-09-01,2,1,3,1,123,0.333,1,0,0,Global Investors,0.5131212211045609,2.683878970849088
C0878,Individual,Ashley,Hansen,1945-04-28,F,Usa,Nevada,Home,4,Yes,Website,80.7,1,3,970670.1499999999,323556.7166666666,532017.08,3024.39,2024-01-01,2025-07-01,3,0,3,1,547,0.0,1,2,0,First-Time Buyers,-1.418652190252009,-0.6109995255290123
C0879,Individual,Brandon,Adams,1945-03-15,M,Uk,Northern Ireland,Home,4,Yes,Website,80.8,1,3,1349121.32,449707.1066666667,610364.02,4389.66,2024-12-01,2025-10-01,3,0,3,1,304,0.0,1,0,0,Global Investors,0.5217289659916053,0.718601237316047
C0880,Individual,Judith,Bennett,1941-06-23,F,Usa,New York,Home,2,No,Website,84.5,0,4,1390002.6400000001,347500.66000000003,485278.06,4605.48,2024-06-01,2025-08-01,3,1,4,1,426,0.25,1,0,2,Global Investors,0.7128492179015549,-0.42040207440029637
C0881,Individual,Ruth,Weaver,1954-09-24,F,Usa,Colorado,Investment,1,No,Website,71.3,0,4,1247321.2,311830.3,542053.98,4546.77,2024-02-01,2025-08-01,3,1,4,1,547,0.25,1,1,2,Personal-Use Buyers,0.18352142425081863,-0.40120455289651624
C0882,Individual,Peter,Moore,2000-07-07,M,Uk,Wales,Home,3,No,Website,25.5,0,3,1142828.1400000001,380942.7133333334,466293.15,4306.99,2024-01-01,2025-08-01,2,1,3,1,578,0.333,1,1,2,Personal-Use Buyers,-0.383221474218493,1.4949964688950834
C0883,Individual,Gerald,Thompson,1946-10-22,M,Usa,Texas,Home,4,No,Client,79.2,0,4,1979258.27,494814.5675,555330.51,6797.47,2024-06-01,2025-01-01,4,0,4,1,214,0.0,1,0,1,Global Investors,3.5712498040102587,0.5158274158309711
C0884,Individual,Joe,Reed,1949-05-07,M,Usa,Nevada,Home,2,No,Website,76.7,0,3,1021697.5,340565.8333333333,423868.45,3628.92,2024-07-01,2025-05-01,2,1,3,1,304,0.333,1,1,2,Personal-Use Buyers,-0.9933951269497184,0.3565522049073598
C0885,Individual,Michael,Williams,1941-09-21,M,Canada,British Columbia,Investment,2,Yes,Agency,84.3,1,3,1540844.02,513614.67333333334,661095.49,5015.3,2024-02-01,2024-07-01,3,0,3,1,151,0.0,1,0,0,Global Investors,1.3744888963919077,1.6844105486970475
C0886,Individual,Joseph,Brooks,1961-07-20,M,Usa,California,Home,3,Yes,Agency,64.4,1,3,807556.47,269185.49,441789.19,2823.6299999999997,2024-10-01,2025-12-01,3,0,3,1,426,0.0,1,2,0,First-Time Buyers,-2.1729068221626893,-0.7055569987649455
C0887,Individual,Joan,Bryant,1993-04-23,F,Usa,California,Home,3,No,Agency,32.7,0,4,1247287.09,311821.7725,460816.43,4050.23,2024-03-01,2025-08-01,3,1,4,1,518,0.25,1,1,2,Personal-Use Buyers,-0.14521045355537854,-0.06461741056895447
C0888,Individual,Sharon,Montgomery,1987-05-24,F,Germany,Berlin,Home,4,Yes,Website,38.6,1,4,1104713.19,276178.2975,506626.34,3733.42,2024-06-01,2025-11-01,2,2,4,1,518,0.5,1,2,0,First-Time Buyers,-0.6515066041811943,-0.21033048955334419
C0889,Individual,Scott,Campbell,1985-10-15,M,Usa,Nevada,Investment,4,Yes,Website,40.2,1,3,1339350.5899999999,446450.1966666666,525586.98,4353.76,2024-01-01,2025-12-01,3,0,3,1,700,0.0,1,2,0,First-Time Buyers,0.3440505763429564,1.354719113164042
C0890,Individual,Julie,Nelson,1955-07-23,F,Usa,Virginia,Investment,3,Yes,Website,70.4,1,4,1138394.29,284598.5725,480775.4,3690.64,2024-02-01,2025-04-01,4,0,4,1,425,0.0,1,2,0,First-Time Buyers,-0.5302976966519779,-1.2702095263152016
C0891,Individual,Raymond,Roberts,1970-06-20,M,Germany,North Rhine-Westphalia,Investment,1,Yes,Website,55.5,1,4,1340373.08,335093.27,544032.25,4616.42,2024-12-01,2025-06-01,3,1,4,1,182,0.25,1,2,0,First-Time Buyers,0.4140922792250325,0.2522781812901526
C0892,Individual,Helen,Watson,1958-06-05,F,Usa,California,Investment,2,Yes,Website,67.6,1,3,984121.3999999999,328040.4666666666,448877.05,3501.7200000000003,2024-08-01,2025-10-01,2,1,3,1,426,0.333,1,2,0,First-Time Buyers,-1.2297859058215936,0.5062126385271747
C0893,Individual,Evelyn,Thompson,1995-06-23,F,Usa,Colorado,Home,3,Yes,Website,30.5,1,4,1695839.47,423959.8675,603155.94,5318.37,2024-03-01,2025-05-01,4,0,4,1,426,0.0,1,0,0,Global Investors,1.8091202021426718,0.8738690687961613
C0894,Individual,Carl,Evans,1953-06-14,M,Usa,Georgia,Home,5,No,Website,72.5,0,3,882067.47,294022.49,301693.78,2797.11,2024-10-01,2025-07-01,3,0,3,1,273,0.0,1,1,2,Personal-Use Buyers,-1.812123634917501,-1.0716479539692774
C0895,Individual,Amanda,Rogers,1953-08-25,F,Usa,Arizona,Investment,4,Yes,Website,72.4,1,3,1127680.6,375893.5333333334,502145.17,3840.84,2024-01-01,2025-12-01,3,0,3,1,700,0.0,1,2,0,First-Time Buyers,-0.51600731942054,0.07693431138870908
C0896,Individual,Timothy,Jones,1970-05-06,M,France,Brittany,Home,4,Yes,Agency,55.7,1,4,1157933.44,289483.36,403361.09,3743.06,2024-04-01,2025-11-01,3,1,4,1,579,0.25,1,2,0,First-Time Buyers,-0.4785181435033858,-0.716718145357201
C0897,Individual,Ann,Foster,1971-08-04,F,Australia,Victoria,Home,1,No,Website,54.4,0,3,745691.65,248563.88333333333,364650.23,2404.38,2024-01-01,2024-03-01,3,0,3,1,60,0.0,1,1,2,Personal-Use Buyers,-2.6765272677170984,-0.5479201743805416
C0898,Individual,Deborah,King,1953-09-27,F,Usa,Arizona,Investment,5,Yes,Agency,72.3,1,4,836494.02,209123.505,318001.46,2824.35,2024-09-01,2025-10-01,3,1,4,1,395,0.25,1,2,0,First-Time Buyers,-1.7923824103531447,-2.0298739964716512
C0899,Company,Apex,Co,1988-06-26,F,Usa,Washington,Investment,2,No,Website,37.5,0,3,1050407.63,350135.87666666665,481540.5,3230.0699999999997,2024-11-01,2025-02-01,3,0,3,1,92,0.0,1,1,2,Personal-Use Buyers,-1.2581653064490366,0.6191321775264483
C0900,Individual,Betty,Cook,1999-05-22,F,Germany,North Rhine-Westphalia,Home,4,No,Agency,26.6,0,3,606058.22,202019.40666666665,316820.96,2259.94,2024-02-01,2024-12-01,3,0,3,1,304,0.0,1,1,2,Personal-Use Buyers,-3.222592865067455,-1.0387781918433645
C0901,Individual,Gregory,Allen,1999-02-15,M,France,Brittany,Investment,4,No,Agency,26.9,0,3,909138.8400000001,303046.28,535623.53,2727.17,2024-04-01,2025-09-01,3,0,3,1,518,0.0,1,1,2,Personal-Use Buyers,-1.9921678936074363,0.005708489349732709
C0902,Company,Peerex,Co,1964-02-11,F,Uk,Northern Ireland,Home,3,Yes,Agency,61.9,1,4,1281064.76,320266.19,457348.2,4274.28,2024-03-01,2025-12-01,4,0,4,1,640,0.0,1,2,0,First-Time Buyers,0.12823159553790558,-0.6991735562636552
C0903,Individual,Christine,Morales,1992-04-28,F,Usa,Texas,Investment,3,No,Website,33.7,0,3,1108147.6099999999,369382.5366666666,427664.89,3721.8199999999997,2024-01-01,2024-11-01,3,0,3,1,305,0.0,1,1,2,Personal-Use Buyers,-0.791132673061908,0.7084757435639697
C0904,Individual,Nancy,Brooks,1984-03-08,F,Russia,Saint Petersburg,Home,1,Yes,Website,41.8,1,4,1050355.29,262588.8225,391528.7,3535.22,2024-07-01,2025-11-01,3,1,4,1,488,0.25,1,2,0,First-Time Buyers,-1.0144482512214803,-0.28489200610845217
C0905,Individual,Emma,Allen,1993-05-16,F,Usa,Virginia,Home,5,Yes,Website,32.6,1,3,877477.72,292492.5733333333,408310.1,2782.8199999999997,2024-07-01,2024-12-01,3,0,3,1,153,0.0,1,2,0,First-Time Buyers,-1.968089666587292,-0.2879558909037447
C0906,Individual,Jacqueline,Baker,1969-08-13,F,Usa,California,Investment,5,No,Website,56.4,0,4,1757967.56,439491.89,571612.79,5835.72,2024-02-01,2025-09-01,3,1,4,1,578,0.25,1,0,1,Global Investors,2.4171170364566192,0.5227182819400348
C0907,Individual,Danielle,Scott,1973-11-14,F,Usa,California,Home,3,No,Agency,52.1,0,3,1375380.46,458460.1533333333,574177.29,4377.57,2024-01-01,2025-12-01,3,0,3,1,700,0.0,1,0,1,Global Investors,0.46811102211237227,1.3449288623671352
C0908,Individual,Carl,Kim,1960-11-17,M,Usa,California,Home,4,Yes,Agency,65.1,1,4,1129941.35,282485.3375,467397.36,3300.53,2024-05-01,2025-12-01,3,1,4,1,579,0.25,1,2,0,First-Time Buyers,-0.7438729944857686,-0.9690871474572231
C0909,Individual,Brandon,Turner,1967-07-10,M,Usa,California,Investment,1,Yes,Agency,58.5,1,4,1529455.73,382363.9325,595281.62,4732.16,2024-01-01,2025-06-01,2,2,4,1,517,0.5,1,0,0,Global Investors,1.0318726059976218,1.0863680820572683
C0910,Individual,Victoria,Jackson,1971-11-24,F,Usa,Texas,Home,3,Yes,Agency,54.1,1,3,1293598.48,431199.49333333335,705817.01,3715.08,2024-12-01,2025-07-01,2,1,3,1,212,0.333,1,2,0,First-Time Buyers,-0.12781313443939896,1.6575780017077784
C0911,Individual,Donald,Long,1989-03-27,M,Usa,California,Home,4,No,Website,36.8,0,4,1310405.32,327601.33,589085.76,3889.34,2024-04-01,2025-07-01,4,0,4,1,456,0.0,1,1,2,Personal-Use Buyers,0.015827333672987685,-0.5436740834475511
C0912,Individual,Christina,Freeman,1949-05-11,F,Usa,California,Home,1,No,Agency,76.6,0,3,1322130.05,440710.01666666666,617512.0,4054.39,2024-01-01,2025-10-01,2,1,3,1,639,0.333,1,0,1,Global Investors,0.15203419717537608,1.5897713250359486
C0913,Individual,Nathan,Hansen,1999-01-13,M,Usa,California,Home,4,No,Agency,27.0,0,4,1935637.92,483909.48,586679.08,6208.6,2024-05-01,2025-07-01,3,1,4,1,426,0.25,1,0,1,Global Investors,2.979192858881397,1.6797189177692424
C0914,Individual,Helen,Freeman,1948-10-12,F,France,Provence,Investment,4,No,Website,77.2,0,4,1124290.78,281072.695,362803.25,3938.59,2024-02-01,2024-12-01,3,1,4,1,304,0.25,1,1,2,Personal-Use Buyers,-0.38147865323009206,-1.3149406384762605
C0915,Individual,Ronald,Harris,1948-01-23,M,Usa,Florida,Home,2,No,Agency,77.9,0,3,1309768.71,436589.57,589191.73,3850.38,2024-08-01,2025-04-01,3,0,3,1,243,0.0,1,0,2,Global Investors,0.026265783181984408,0.8477285366306133
C0916,Individual,Nathan,Hansen,1988-02-10,M,Russia,Moscow Oblast,Home,2,No,Website,37.9,0,4,1377591.46,344397.865,478922.56,4456.42,2024-04-01,2024-11-01,4,0,4,1,214,0.0,1,0,1,Global Investors,0.42477649516043553,-0.029850278947019932
C0917,Individual,Kenneth,Hughes,1969-08-01,M,Usa,Arizona,Home,2,Yes,Agency,56.4,1,3,756785.49,252261.83,300300.85,2554.28,2024-10-01,2025-05-01,3,0,3,1,212,0.0,1,2,0,First-Time Buyers,-2.53902933216517,-0.5780737536649174
C0918,Individual,Susan,Cook,2000-02-21,F,Australia,Western Australia,Home,4,No,Client,25.9,0,3,1461361.8699999999,487120.6233333333,591434.36,4749.65,2024-02-01,2024-12-01,2,1,3,1,304,0.333,1,0,1,Global Investors,0.9032661491398216,2.4252895305675066
C0919,Individual,Barbara,Foster,1975-08-17,F,Canada,Quebec,Investment,5,No,Agency,50.4,0,3,1059524.55,353174.85000000003,486833.55,3538.5699999999997,2024-01-01,2025-05-01,3,0,3,1,486,0.0,1,1,2,Personal-Use Buyers,-0.9707829985456714,-0.03917513940732466
C0920,Individual,Christian,Williams,1973-10-11,M,Usa,California,Home,4,No,Website,52.2,0,3,878368.79,292789.5966666667,447905.13,2803.3,2024-06-01,2025-09-01,3,0,3,1,457,0.0,1,1,2,Personal-Use Buyers,-1.9194495152066597,-0.5721808955004569
C0921,Individual,Christina,Reyes,1999-03-10,F,Australia,New South Wales,Home,4,No,Agency,26.8,0,3,802736.76,267578.92,331896.95,2701.38,2024-11-01,2025-10-01,3,0,3,1,334,0.0,1,1,2,Personal-Use Buyers,-2.347748306473682,-0.36348120613282225
C0922,Individual,Joe,Bell,1942-10-28,M,Australia,Victoria,Investment,4,Yes,Website,83.2,1,3,1105753.98,368584.66,442539.26,3601.05,2024-07-01,2025-10-01,3,0,3,1,457,0.0,1,2,0,First-Time Buyers,-0.6966669456423497,-0.16722648199500884
C0923,Individual,Ruth,Richardson,1950-08-26,F,Usa,Oregon,Home,3,No,Client,75.3,0,4,1183422.85,295855.7125,554198.64,4140.77,2024-04-01,2025-12-01,4,0,4,1,609,0.0,1,1,2,Personal-Use Buyers,-0.15252102846771248,-1.3504466346037156
C0924,Individual,Emily,Wright,1988-03-20,F,Usa,California,Home,4,No,Website,37.8,0,4,1558670.83,389667.7075,535687.32,5253.52,2024-03-01,2025-08-01,3,1,4,1,518,0.25,1,0,1,Global Investors,1.457128572718307,0.4787427939835282
C0925,Individual,Michael,Ward,1944-05-12,M,Germany,Hamburg,Home,2,No,Website,81.6,0,3,1308035.02,436011.67333333334,523966.96,4415.7,2024-05-01,2025-07-01,2,1,3,1,426,0.333,1,0,2,Global Investors,0.35435801337632983,1.282683912588116
C0926,Individual,Lauren,Harris,1961-04-04,F,Usa,California,Home,3,No,Website,64.7,0,3,1078841.73,359613.91,416303.05,3622.94,2024-03-01,2025-06-01,1,2,3,1,457,0.667,1,1,2,Personal-Use Buyers,-0.7947031012815848,1.0975477075952145
C0927,Individual,Carol,Hayes,1962-11-04,F,France,Ile-De-France,Home,4,No,Client,63.2,0,3,933499.38,311166.46,571089.66,2856.79,2024-11-01,2025-12-01,2,1,3,1,395,0.333,1,1,2,Personal-Use Buyers,-1.6929360731329348,-0.034412491156186234
C0928,Individual,Jordan,Jordan,1950-02-27,M,Usa,California,Home,1,Yes,Agency,75.8,1,3,758070.13,252690.04333333333,392319.37,2651.24,2024-03-01,2024-11-01,2,1,3,1,245,0.333,1,2,0,First-Time Buyers,-2.439783247248871,-0.22519978597498622
C0929,Individual,Jack,Hall,1954-05-23,M,Usa,Washington,Home,4,No,Website,71.6,0,3,1167841.72,389280.5733333333,407054.73,3353.8199999999997,2024-03-01,2025-10-01,3,0,3,1,579,0.0,1,1,2,Personal-Use Buyers,-0.6210759906148446,0.1006422241236974
C0930,Individual,Debra,Moore,1993-04-15,F,Usa,Washington,Investment,1,Yes,Agency,32.7,1,3,924305.53,308101.8433333333,410092.17,3331.87,2024-02-01,2025-01-01,3,0,3,1,335,0.0,1,2,0,First-Time Buyers,-1.7048963701974633,0.5751536628616041
C0931,Individual,Daniel,Parker,1977-12-25,M,Usa,Nevada,Investment,2,Yes,Client,48.0,1,3,997418.61,332472.87,380782.35,3272.84,2024-09-01,2025-08-01,3,0,3,1,334,0.0,1,2,0,First-Time Buyers,-1.4038464138801676,0.3830708953565178
C0932,Individual,Kathleen,Moore,1949-07-14,F,Usa,New York,Home,5,No,Website,76.5,0,4,1468310.6600000001,367077.66500000004,567793.82,4787.889999999999,2024-02-01,2025-01-01,4,0,4,1,335,0.0,1,0,2,Global Investors,1.0978367127488098,-0.9655415673784145
C0933,Individual,Kimberly,Johnson,1955-09-03,F,Usa,California,Home,4,No,Website,70.3,0,3,1077170.94,359056.98,411210.31,3466.39,2024-07-01,2025-12-01,2,1,3,1,518,0.333,1,1,2,Personal-Use Buyers,-0.8471733300373344,0.3183032394411376
C0934,Individual,Barbara,Allen,1943-10-02,F,Uk,Northern Ireland,Investment,5,Yes,Website,82.2,1,3,912489.5900000001,304163.1966666667,426691.03,3260.95,2024-04-01,2024-08-01,3,0,3,1,122,0.0,1,2,0,First-Time Buyers,-1.4711104460555076,-0.9836859078320493
C0935,Individual,Katherine,Cooper,2000-05-17,F,Canada,Manitoba,Home,4,No,Agency,25.6,0,3,1133032.49,377677.49666666664,459433.77,3665.0299999999997,2024-01-01,2024-08-01,2,1,3,1,213,0.333,1,1,2,Personal-Use Buyers,-0.7477739170523761,1.3094764608144105
C0936,Individual,Carolyn,Brooks,1951-04-10,F,Usa,California,Home,3,No,Client,74.7,0,3,782945.97,260981.99,312643.26,2638.0299999999997,2024-02-01,2025-06-01,2,1,3,1,486,0.333,1,1,2,Personal-Use Buyers,-2.2837598265716412,-0.5984985589733208
C0937,Individual,Gerald,Chavez,1982-04-03,M,Usa,Arizona,Home,5,No,Client,43.7,0,4,1370340.9100000001,342585.22750000004,462252.41,4509.27,2024-03-01,2025-09-01,4,0,4,1,549,0.0,1,0,1,Global Investors,0.5471708999039069,-0.6604838827389347
C0938,Individual,William,Chavez,1963-05-08,M,Russia,Krasnodar Krai,Home,4,No,Website,62.7,0,3,854217.7,284739.23333333334,448751.61,2555.61,2024-01-01,2025-04-01,3,0,3,1,456,0.0,1,1,2,Personal-Use Buyers,-2.108520607604742,-0.8182513318903887
C0939,Individual,Anna,Alexander,1978-02-02,F,Belgium,Brussels,Investment,1,No,Website,47.9,0,4,1190833.68,297708.42,478857.61,3985.45,2024-10-01,2025-11-01,4,0,4,1,396,0.0,1,1,1,Personal-Use Buyers,-0.37163278420039253,-0.5254450249770346
C0940,Individual,Kyle,Bell,1985-12-19,M,Usa,Virginia,Investment,5,No,Website,40.0,0,4,1628937.85,407234.4625,627200.92,5329.13,2024-04-01,2024-12-01,3,1,4,1,244,0.25,1,0,1,Global Investors,1.7297359793563443,0.4593440842614919
C0941,Individual,Grace,Moore,1955-07-17,F,Mexico,Jalisco,Home,1,No,Agency,70.5,0,3,1028314.09,342771.36333333334,410663.51,3268.38,2024-10-01,2025-10-01,2,1,3,1,365,0.333,1,1,2,Personal-Use Buyers,-1.255922303294885,0.6890252710523129
C0942,Individual,Joan,Jackson,1991-12-14,F,Usa,California,Home,1,No,Website,34.0,0,4,1402631.76,350657.94,500962.79,4034.65,2024-01-01,2025-11-01,4,0,4,1,670,0.0,1,0,1,Global Investors,0.24611341471805898,0.25199350579375956
C0943,Individual,Karen,Cox,1957-09-13,F,Canada,Manitoba,Investment,5,No,Website,68.3,0,3,975048.28,325016.0933333333,404116.95,3387.5299999999997,2024-09-01,2025-12-01,2,1,3,1,456,0.333,1,1,2,Personal-Use Buyers,-1.224365548162041,-0.151104596469351
C0944,Individual,Virginia,Hughes,1956-08-24,F,Usa,Florida,Home,2,No,Website,69.4,0,3,1256722.03,418907.3433333333,673008.78,3850.38,2024-09-01,2025-12-01,2,1,3,1,456,0.333,1,0,2,Global Investors,-0.12909105189991854,1.2918834790685862
C0945,Individual,Emily,Hayes,1945-09-04,F,France,Provence,Home,4,No,Website,80.3,0,3,973406.55,324468.85000000003,415439.74,3308.59,2024-03-01,2025-05-01,3,0,3,1,426,0.0,1,1,2,Personal-Use Buyers,-1.2715014779148146,-0.6999263246057089
C0946,Individual,Ashley,Weaver,1946-07-04,F,Usa,Nevada,Investment,3,Yes,Agency,79.5,1,3,827605.63,275868.54333333333,378567.66,2691.9300000000003,2024-12-01,2025-10-01,3,0,3,1,304,0.0,1,2,0,First-Time Buyers,-2.1383836623939017,-0.8909846079660909
C0947,Individual,Samantha,Cox,1981-05-16,F,Usa,Texas,Home,2,No,Website,44.6,0,3,1096583.29,365527.76333333337,488382.72,3570.94,2024-10-01,2025-07-01,3,0,3,1,273,0.0,1,1,2,Personal-Use Buyers,-0.8964207642949685,0.6501336249364708
C0948,Individual,Emma,Nelson,1989-12-16,F,Usa,California,Investment,3,Yes,Website,36.0,1,4,1532000.51,383000.1275,465555.5,5197.47,2024-02-01,2025-08-01,2,2,4,1,547,0.5,1,0,0,Global Investors,1.3061990107309818,1.1146305472509581
C0949,Individual,Julia,Price,1943-06-26,F,Usa,Colorado,Investment,5,Yes,Client,82.5,1,4,1397057.95,349264.4875,679222.65,4409.09,2024-03-01,2025-08-01,3,1,4,1,518,0.25,1,2,0,First-Time Buyers,0.6901033663218133,-0.740639051550814
C0950,Individual,Christina,Price,1991-12-11,F,Usa,Texas,Investment,5,No,Website,34.1,0,4,1418212.48,354553.12,518468.37,4587.97,2024-01-01,2025-09-01,3,1,4,1,609,0.25,1,0,2,Global Investors,0.7178524705795676,0.0027572753773521357
C0951,Individual,Rachel,Chavez,1998-11-15,F,Mexico,Nuevo Leon,Home,1,Yes,Client,27.1,1,4,1658301.92,414575.48,601046.95,5163.2,2024-04-01,2025-04-01,4,0,4,1,365,0.0,1,0,0,Global Investors,1.5063798725835815,1.190861797148222
C0952,Individual,Ann,Martin,1959-09-03,F,Usa,Oregon,Home,5,No,Website,66.3,0,4,1886501.9300000002,471625.48250000004,548316.4,6042.6,2024-06-01,2025-12-01,3,1,4,1,548,0.25,1,0,1,Global Investors,2.937800787764048,0.6915841228982584
C0953,Company,Helios,Co,1995-10-22,M,Usa,Washington,Home,5,Yes,Website,30.2,1,3,639815.0,213271.66666666666,294124.85,2517.4300000000003,2025-08-01,2025-09-01,3,0,3,1,31,0.0,1,2,0,First-Time Buyers,-2.894428667228897,-1.0603047616189685
C0954,Individual,Michael,Evans,1950-04-08,M,France,Brittany,Investment,4,Yes,Agency,75.7,1,4,1493788.0,373447.0,533253.25,4817.99,2024-05-01,2025-10-01,3,1,4,1,518,0.25,1,0,0,Global Investors,1.1017771923243254,-0.1672228153469403
C0955,Individual,Megan,Garcia,1969-01-11,F,Usa,California,Home,1,No,Website,57.0,0,3,1098111.78,366037.26,398094.9,3617.89,2024-03-01,2025-09-01,3,0,3,1,549,0.0,1,1,2,Personal-Use Buyers,-0.8620685753370275,0.6142803607059911
C0956,Individual,Donald,Jackson,1966-03-10,M,Usa,California,Home,1,Yes,Website,59.8,1,4,1647197.45,411799.3625,512614.55,5178.58,2024-07-01,2025-05-01,3,1,4,1,304,0.25,1,0,0,Global Investors,1.63348030750176,0.9679115255771679
C0957,Company,Crestwood,Co,1961-05-21,M,Usa,Oregon,Home,2,Yes,Client,64.6,1,4,1295242.02,323810.505,438504.35,4290.23,2024-03-01,2025-02-01,4,0,4,1,337,0.0,1,2,0,First-Time Buyers,0.1727135311052883,-0.5744757324046328
C0958,Individual,Betty,Rogers,1991-07-11,F,Usa,Nevada,Home,1,Yes,Website,34.5,1,4,936091.4500000001,234022.86250000002,319340.28,3338.63,2024-05-01,2025-09-01,4,0,4,1,488,0.0,1,2,0,First-Time Buyers,-1.468442633240232,-0.8594856105416915
C0959,Individual,Carl,Hayes,1952-09-13,M,Usa,California,Home,3,No,Agency,73.3,0,4,1840159.66,460039.915,590672.73,6291.16,2024-04-01,2025-11-01,4,0,4,1,579,0.0,1,0,1,Global Investors,2.845103869980406,0.43325000834111366
C0960,Individual,Linda,Bennett,1960-04-01,F,Usa,Arizona,Investment,1,Yes,Client,65.7,1,4,1380084.58,345021.145,499350.81,4592.99,2024-03-01,2025-04-01,3,1,4,1,396,0.25,1,2,0,First-Time Buyers,0.5465016830197525,0.1743672409467109
C0961,Individual,Brandon,Morales,1974-08-03,M,Uk,Wales,Home,2,Yes,Website,51.4,1,4,1681311.67,420327.9175,693731.35,5085.38,2024-02-01,2025-03-01,4,0,4,1,394,0.0,1,0,0,Global Investors,1.6659590271928306,0.668322144355689
C0962,Individual,Nicholas,Hansen,1940-07-18,M,Usa,California,Home,4,No,Website,85.5,0,4,1335726.82,333931.705,523288.27,4456.85,2024-01-01,2025-10-01,4,0,4,1,639,0.0,1,0,2,Global Investors,0.5373242786287641,-1.298774156015632
C0963,Individual,James,Davis,1941-08-09,M,Canada,Alberta,Home,4,No,Agency,84.4,0,3,598874.99,199624.99666666667,222973.92,2036.9099999999999,2024-06-01,2025-10-01,2,1,3,1,487,0.333,1,1,2,Personal-Use Buyers,-3.1622959819058907,-1.5365922221541541
C0964,Individual,Elizabeth,Hall,1953-09-19,F,Usa,California,Home,4,No,Website,72.3,0,3,1015121.6900000001,338373.89666666667,485910.88,3505.15,2024-02-01,2025-02-01,3,0,3,1,366,0.0,1,1,2,Personal-Use Buyers,-1.0423121610752848,-0.4371807080722201
C0965,Individual,Lauren,Adams,1961-09-26,F,Usa,New York,Investment,3,No,Website,64.3,0,3,840199.6100000001,280066.5366666667,359492.59,2586.3199999999997,2024-02-01,2025-04-01,2,1,3,1,425,0.333,1,1,2,Personal-Use Buyers,-2.1466003406384537,-0.2317018976473223
C0966,Company,Corvus,Co,1995-10-11,M,Usa,California,Investment,3,No,Website,30.2,0,4,1606785.0499999998,401696.26249999995,470809.32,6041.36,2024-07-01,2025-06-01,3,1,4,1,335,0.25,1,0,1,Global Investors,1.9359293612400175,0.9159748558827435
C0967,Individual,Jennifer,Moore,1959-01-20,F,Usa,California,Home,2,No,Agency,66.9,0,3,705599.66,235199.8866666667,283671.4,2638.0299999999997,2024-09-01,2025-11-01,2,1,3,1,426,0.333,1,1,2,Personal-Use Buyers,-2.6056449610941717,-0.5482809969834688
C0968,Individual,Julie,Hansen,1995-11-21,F,Usa,Arizona,Home,4,No,Website,30.1,0,3,1089074.71,363024.9033333333,514916.07,3505.15,2024-05-01,2025-09-01,2,1,3,1,488,0.333,1,1,2,Personal-Use Buyers,-0.9149934673686252,1.0400789290324484
C0969,Individual,Amber,Ward,1976-03-27,F,Russia,Tatarstan,Investment,1,Yes,Agency,49.8,1,3,1118760.19,372920.0633333333,635034.32,3559.31,2024-07-01,2025-12-01,2,1,3,1,518,0.333,1,2,0,First-Time Buyers,-0.8904636281941855,1.4815877221015894
C0970,Individual,Peter,Johnson,1986-12-01,M,Denmark,North Denmark,Home,3,Yes,Website,39.1,1,4,1596404.25,399101.0625,594737.23,5253.52,2024-02-01,2025-12-01,3,1,4,1,669,0.25,1,0,0,Global Investors,1.5158692051886307,0.8674409275940309
C0971,Individual,Cynthia,Mitchell,1969-06-02,F,Usa,Colorado,Investment,5,Yes,Website,56.6,1,4,1278450.05,319612.5125,539007.54,4044.92,2024-02-01,2025-12-01,4,0,4,1,669,0.0,1,2,0,First-Time Buyers,0.08290604364087473,-1.004551828983137
C0972,Individual,Sandra,Evans,1964-09-16,F,Usa,Arizona,Home,5,No,Agency,61.3,0,4,1298009.03,324502.2575,578906.36,4291.94,2024-04-01,2024-05-01,4,0,4,1,30,0.0,1,1,2,Personal-Use Buyers,0.2723119465693271,-1.1328364791188248
C0973,Individual,Charles,Stone,1992-12-03,M,Usa,California,Investment,2,No,Client,33.1,0,4,1595817.1600000001,398954.29000000004,617314.75,4842.950000000001,2024-06-01,2025-06-01,3,1,4,1,365,0.25,1,0,1,Global Investors,1.2379067510164528,1.000618506526616
C0974,Individual,Michael,Hansen,1961-05-22,M,Usa,New York,Home,1,No,Agency,64.6,0,4,1210990.11,302747.5275,589033.68,4033.58,2024-01-01,2025-03-01,4,0,4,1,425,0.0,1,1,2,Personal-Use Buyers,-0.2395502857986255,-0.744061191818784
C0975,Individual,Gregory,Reyes,1946-07-09,M,Usa,Utah,Home,4,No,Website,79.5,0,3,941310.61,313770.2033333333,387772.79,3150.24,2024-04-01,2025-12-01,3,0,3,1,609,0.0,1,1,2,Personal-Use Buyers,-1.4462911157698009,-0.8154600725435969
C0976,Individual,Ryan,Miller,1983-07-18,M,Usa,California,Home,4,Yes,Website,42.5,1,4,1206149.98,301537.495,437270.83,3790.9900000000002,2024-08-01,2025-08-01,3,1,4,1,365,0.25,1,2,0,First-Time Buyers,-0.312467522380132,-0.408709124521566
C0977,Individual,Ryan,James,1996-04-07,M,Usa,California,Home,1,No,Agency,29.7,0,3,944672.95,314890.98333333334,465826.16,3277.52,2024-02-01,2025-12-01,3,0,3,1,669,0.0,1,1,2,Personal-Use Buyers,-1.6575007837034477,0.5700443885795579
C0978,Individual,Lauren,Brown,1963-11-11,F,Usa,California,Home,4,Yes,Website,62.1,1,3,1449360.9100000001,483120.3033333334,511639.2,4580.87,2024-05-01,2025-04-01,3,0,3,1,335,0.0,1,0,0,Global Investors,0.9034484513589683,1.3628725153319126
C0979,Individual,Madison,Roberts,1940-02-25,F,Canada,Quebec,Investment,4,No,Website,85.8,0,3,864661.4500000001,288220.48333333334,387129.95,2817.99,2024-01-01,2024-02-01,3,0,3,1,31,0.0,1,1,2,Personal-Use Buyers,-1.8792076904067976,-1.1702608303722466
C0980,Individual,Daniel,Davis,1942-01-13,M,Usa,New York,Investment,1,Yes,Website,84.0,1,3,1156326.6400000001,385442.2133333334,459833.04,4177.67,2024-03-01,2025-08-01,2,1,3,1,518,0.333,1,2,0,First-Time Buyers,-0.29547607648978597,0.9945407135212246
C0981,Individual,Jessica,Stewart,1961-11-14,F,Usa,California,Investment,1,No,Website,64.1,0,4,2048324.19,512081.0475,529558.26,6221.1900000000005,2024-02-01,2025-06-01,3,1,4,1,486,0.25,1,0,1,Global Investors,3.343295047407384,1.8300550761827175
C0982,Individual,Joyce,Jackson,1961-07-08,F,Canada,Manitoba,Investment,5,Yes,Agency,64.5,1,3,1443503.73,481167.91,567471.58,4369.08,2024-10-01,2025-07-01,3,0,3,1,273,0.0,1,0,0,Global Investors,0.7593659452790728,1.174914011527137
C0983,Individual,Brittany,Freeman,1994-06-21,F,Germany,North Rhine-Westphalia,Home,4,No,Website,31.5,0,3,803219.7,267739.89999999997,354787.43,2698.86,2024-09-01,2025-06-01,3,0,3,1,273,0.0,1,1,2,Personal-Use Buyers,-2.3031203801856,-0.46403953121409774
C0984,Individual,Mark,Johnson,1962-12-03,M,Canada,British Columbia,Home,5,Yes,Agency,63.1,1,3,1206529.21,402176.4033333333,508281.75,4011.52,2024-02-01,2025-05-01,2,1,3,1,455,0.333,1,2,0,First-Time Buyers,-0.1810582917019236,0.8855375568162924
C0985,Individual,Ruth,Griffin,1954-10-15,F,Usa,California,Home,1,Yes,Website,71.2,1,3,886990.72,295663.5733333333,460231.54,2803.3,2024-01-01,2025-08-01,2,1,3,1,578,0.333,1,2,0,First-Time Buyers,-1.9234577119384277,0.27352309129174024
C0986,Individual,Jacqueline,Ward,1981-10-18,F,Russia,Saint Petersburg,Home,2,No,Website,44.2,0,3,1445226.07,481742.0233333334,667262.77,4531.13,2024-06-01,2024-12-01,2,1,3,1,183,0.333,1,0,1,Global Investors,0.7496495740813333,2.388368155922681
C0987,Individual,Maria,Johnson,1967-10-22,F,Germany,North Rhine-Westphalia,Home,1,Yes,Agency,58.2,1,4,1086018.36,271504.59,443461.13,3936.48,2024-07-01,2025-10-01,3,1,4,1,457,0.25,1,2,0,First-Time Buyers,-0.6823437374195745,-0.4411359008261577
C0988,Individual,Douglas,Cooper,1988-04-21,M,Usa,Texas,Home,3,Yes,Agency,37.7,1,3,695033.8,231677.93333333335,306320.78,2172.26,2024-02-01,2024-12-01,3,0,3,1,304,0.0,1,2,0,First-Time Buyers,-2.965074137424412,-0.6449995897815034
C0989,Individual,Amber,Cook,1946-10-19,F,Usa,Oregon,Home,4,No,Website,79.2,0,4,1129907.31,282476.8275,498692.85,4140.77,2024-03-01,2024-12-01,3,1,4,1,275,0.25,1,1,2,Personal-Use Buyers,-0.22788208176407193,-1.3523110733904102
C0990,Individual,Carl,Carter,1942-01-21,M,Usa,Utah,Home,4,No,Website,83.9,0,4,1588383.3599999999,397095.83999999997,495705.73,5287.04,2024-02-01,2025-05-01,4,0,4,1,455,0.0,1,0,2,Global Investors,1.6928180221756637,-0.6047952741895702
C0991,Individual,Heather,Adams,1975-03-27,F,Usa,Nevada,Home,1,No,Website,50.8,0,3,1223116.15,407705.3833333333,500394.39,4394.54,2024-12-01,2025-07-01,3,0,3,1,212,0.0,1,0,1,Global Investors,-0.06786188511829178,1.154356987222333
C0992,Individual,Scott,Hughes,1988-11-19,M,Denmark,Capital Region,Home,1,Yes,Website,37.1,1,4,1478482.61,369620.6525,484664.3,4821.86,2024-05-01,2025-05-01,4,0,4,1,365,0.0,1,2,0,First-Time Buyers,0.8632879849113223,0.5456682692402044
C0993,Individual,Ryan,Campbell,1954-03-11,M,Usa,California,Home,2,Yes,Website,71.8,1,3,530494.44,176831.47999999998,217783.6,1831.8600000000001,2024-01-01,2024-07-01,3,0,3,1,182,0.0,1,2,0,First-Time Buyers,-3.5806964467656925,-1.6475462524372473
C0994,Individual,Michael,Moore,1976-11-26,M,Usa,California,Home,3,No,Website,49.1,0,4,1379902.8699999999,344975.71749999997,578315.7,4751.570000000001,2025-03-01,2025-11-01,4,0,4,1,245,0.0,1,0,1,Global Investors,0.6685727837285392,-0.39666684282689085
C0995,Individual,Amanda,Kim,1949-10-14,F,Australia,New South Wales,Home,1,Yes,Website,76.2,1,3,1004120.77,334706.92333333334,570222.0,3111.33,2024-11-01,2025-12-01,2,1,3,1,395,0.333,1,2,0,First-Time Buyers,-1.3811796123053677,0.6099660830803231
C0996,Individual,Terry,Howard,1956-06-11,M,Canada,Manitoba,Home,2,Yes,Client,69.6,1,3,888968.0,296322.6666666667,463182.68,2823.6299999999997,2024-05-01,2025-03-01,2,1,3,1,304,0.333,1,2,0,First-Time Buyers,-1.9144441929357219,0.16336916075795702
C0997,Individual,Terry,Collins,1950-03-11,M,Usa,California,Investment,3,Yes,Agency,75.8,1,3,1607877.07,535959.0233333333,578538.26,4963.42,2024-02-01,2025-07-01,2,1,3,1,516,0.333,1,0,0,Global Investors,1.6106290734935216,2.3823008447563625
C0998,Company,Grandis,Co,1969-05-06,F,Usa,Virginia,Home,4,No,Agency,56.7,0,4,1230552.15,307638.0375,503618.69,4213.08,2024-01-01,2025-08-01,3,1,4,1,578,0.25,1,1,2,Personal-Use Buyers,0.0010970449637382682,-0.6744030450061643
C0999,Individual,Jacqueline,Cox,1969-09-15,F,Usa,California,Investment,3,No,Agency,56.3,0,3,661984.35,220661.44999999998,322054.98,2259.94,2024-01-01,2025-09-01,3,0,3,1,609,0.0,1,1,2,Personal-Use Buyers,-2.9728361805501726,-1.1958515379652823
C1000,Individual,Judith,Parker,1963-07-21,F,Usa,Utah,Home,2,Yes,Website,62.4,1,4,1629372.23,407343.0575,574257.04,5266.620000000001,2024-10-01,2025-06-01,4,0,4,1,243,0.0,1,0,0,Global Investors,1.6568720787271283,0.3278103591955995
C1001,Individual,Aaron,Nelson,1981-07-13,M,Usa,California,Home,3,No,Website,44.5,0,4,1650296.94,412574.235,574884.08,5305.49,2024-01-01,2025-07-01,4,0,4,1,547,0.0,1,0,1,Global Investors,1.7224894121161203,0.3932063488170446
C1002,Individual,Scott,Hughes,1967-06-08,M,Usa,California,Home,5,No,Website,58.6,0,3,1064050.72,354683.5733333333,570302.17,3156.26,2024-04-01,2024-12-01,2,1,3,1,244,0.333,1,1,2,Personal-Use Buyers,-1.053954491011563,0.30098086555960485
C1003,Individual,Lauren,Bennett,1977-08-11,F,Usa,Nevada,Home,2,No,Website,48.4,0,3,1164909.23,388303.07666666666,522271.82,3911.33,2024-07-01,2025-08-01,2,1,3,1,396,0.333,1,1,2,Personal-Use Buyers,-0.46561184813876727,1.3310193008891993
C1004,Individual,Alexander,Anderson,1982-09-17,M,Usa,Oregon,Home,3,Yes,Website,43.3,1,4,1553467.6600000001,388366.91500000004,554713.49,5016.18,2024-08-01,2025-10-01,4,0,4,1,426,0.0,1,0,0,Global Investors,1.281532733584189,0.2822381546746546
C1005,Individual,Barbara,Chavez,1988-06-07,F,Germany,Hamburg,Home,3,No,Client,37.6,0,3,778101.6000000001,259367.20000000004,325562.57,2979.01,2024-02-01,2025-08-01,2,1,3,1,547,0.333,1,1,2,Personal-Use Buyers,-2.2570957511759158,0.032031850031604844
C1006,Individual,Stephanie,Weaver,1992-12-24,F,Usa,Georgia,Home,1,No,Website,33.0,0,3,738938.8,246312.93333333335,317877.17,2485.17,2024-09-01,2025-06-01,3,0,3,1,273,0.0,1,1,2,Personal-Use Buyers,-2.706124952416614,-0.2240494261266591
C1007,Individual,Joyce,Brooks,1948-10-25,F,Uk,England,Home,4,No,Agency,77.2,0,3,813104.68,271034.89333333337,334696.9,2541.11,2024-05-01,2025-03-01,2,1,3,1,304,0.333,1,1,2,Personal-Use Buyers,-2.213736351831335,-0.6704340698960037
C1008,Company,Sterling,Co,1987-10-02,M,Usa,California,Home,2,No,Website,38.2,0,4,1018262.69,254565.6725,361077.2,3399.16,2024-12-01,2025-08-01,4,0,4,1,243,0.0,1,1,2,Personal-Use Buyers,-1.146314548620551,-0.9908971008683739
C1009,Individual,Evelyn,Bell,1950-02-11,F,Usa,Nevada,Investment,4,Yes,Agency,75.9,1,3,741160.04,247053.34666666668,306507.89,2913.5699999999997,2024-02-01,2024-10-01,3,0,3,1,243,0.0,1,2,0,First-Time Buyers,-2.284680308667265,-1.2956159496586064
C1010,Individual,Dennis,Moore,1964-03-10,M,Mexico,Jalisco,Home,4,No,Website,61.8,0,4,1331479.73,332869.9325,510151.14,4308.78,2024-04-01,2025-11-01,3,1,4,1,579,0.25,1,1,1,Personal-Use Buyers,0.3713938350999437,-0.5148205301520463
C1011,Individual,Virginia,Brooks,1952-12-18,F,Usa,California,Investment,1,No,Website,73.0,0,4,1281389.3900000001,320347.34750000003,476326.35,4302.02,2024-02-01,2025-02-01,4,0,4,1,366,0.0,1,1,2,Personal-Use Buyers,0.14709318243501796,-0.7231212353696141
C1012,Individual,Raymond,Morales,1960-10-20,M,Usa,New York,Home,4,Yes,Website,65.2,1,3,1690270.5,563423.5,599421.75,5208.1,2024-01-01,2024-07-01,2,1,3,1,182,0.333,1,0,0,Global Investors,2.048110352112878,2.652331608176736
C1013,Individual,Stephanie,Patterson,1994-06-19,F,Usa,Oregon,Home,1,Yes,Website,31.5,1,4,1627907.97,406976.9925,488639.08,5192.58,2024-03-01,2025-12-01,3,1,4,1,640,0.25,1,0,0,Global Investors,1.4955791684999526,1.3964646402878256
C1014,Individual,David,Weaver,1969-01-06,M,Usa,California,Home,3,Yes,Website,57.0,1,3,1278106.36,426035.45333333337,495367.08,4571.08,2024-02-01,2025-02-01,3,0,3,1,366,0.0,1,2,0,First-Time Buyers,0.2851492397982788,1.0270301469208631
C1015,Individual,Kyle,Davis,1977-09-01,M,Usa,California,Home,4,Yes,Website,48.3,1,3,884426.51,294808.83666666667,471331.07,2919.27,2024-02-01,2024-11-01,3,0,3,1,274,0.0,1,2,0,First-Time Buyers,-1.8590582410566636,-0.36052030473949176
C1016,Individual,Andrea,Wilson,1976-04-05,F,Usa,California,Home,4,Yes,Agency,49.7,1,4,1542774.6099999999,385693.65249999997,536215.12,4858.25,2024-03-01,2024-11-01,3,1,4,1,245,0.25,1,0,0,Global Investors,1.2081523805492584,0.38232195786260886
C1017,Individual,Megan,Baker,1968-12-22,F,Usa,California,Home,1,Yes,Agency,57.0,1,4,1116371.43,279092.8575,457871.48,3714.98,2024-04-01,2024-12-01,3,1,4,1,244,0.25,1,2,0,First-Time Buyers,-0.6963126584817219,-0.3597999390868556
C1018,Individual,Tiffany,Turner,1967-06-19,F,Usa,Colorado,Home,5,Yes,Client,58.5,1,3,845680.5700000001,281893.5233333334,347722.15,3100.45,2024-02-01,2025-04-01,3,0,3,1,425,0.0,1,2,0,First-Time Buyers,-1.8453978735008616,-0.8262693805093703
C1019,Individual,Carolyn,Stewart,1975-10-27,F,Usa,Nevada,Home,2,No,Client,50.2,0,3,1167255.18,389085.06,486688.21,3975.2400000000002,2024-04-01,2024-10-01,3,0,3,1,183,0.0,1,1,1,Personal-Use Buyers,-0.45612716413881627,0.8093345958408773
C1020,Individual,Deborah,Morales,1994-07-23,F,Usa,California,Home,3,No,Agency,31.4,0,4,1248826.8599999999,312206.71499999997,515392.69,3976.29,2024-02-01,2025-01-01,3,1,4,1,335,0.25,1,1,2,Personal-Use Buyers,-0.18323248602211614,-0.03894993326067479
C1021,Individual,Jeffrey,Bryant,1974-09-04,M,Usa,California,Investment,1,No,Client,51.3,0,4,1554739.9,388684.975,505490.44,5363.110000000001,2024-05-01,2024-12-01,3,1,4,1,214,0.25,1,0,1,Global Investors,1.4124168612252963,0.755991939128644
C1022,Individual,Christina,King,1984-04-17,F,Usa,Colorado,Home,1,No,Agency,41.7,0,4,1389709.13,347427.2825,623455.64,4488.37,2024-05-01,2025-12-01,3,1,4,1,579,0.25,1,0,1,Global Investors,0.4535132523521739,0.49589485704288516
C1023,Individual,Heather,Bell,1953-07-28,F,Usa,Nevada,Home,1,Yes,Website,72.4,1,3,1336237.87,445412.62333333335,549773.4,4798.03,2024-05-01,2025-07-01,3,0,3,1,426,0.0,1,0,0,Global Investors,0.5741917567703892,1.3050875597963796
C1024,Individual,Gregory,Long,1969-08-03,M,Usa,Arizona,Investment,2,No,Agency,56.4,0,3,1351032.92,450344.30666666664,598612.25,4531.13,2024-05-01,2025-11-01,3,0,3,1,549,0.0,1,0,1,Global Investors,0.43635285885266334,1.3592033314058356
C1025,Individual,Michelle,King,1947-01-20,F,Usa,California,Home,1,No,Client,78.9,0,3,738424.1799999999,246141.3933333333,276688.99,2206.07,2024-08-01,2024-12-01,2,1,3,1,122,0.333,1,1,2,Personal-Use Buyers,-2.70936903284057,-0.4882715365292965
C1026,Individual,Robert,Parker,1991-08-12,M,Usa,California,Investment,1,No,Agency,34.4,0,3,1440775.1,480258.3666666667,582011.89,4356.79,2024-12-01,2025-07-01,3,0,3,1,212,0.0,1,0,1,Global Investors,0.5371141939473717,2.208812829204935
C1027,Individual,Gerald,White,1976-12-10,M,Usa,California,Investment,1,Yes,Client,49.1,1,3,1554407.81,518135.9366666667,532123.09,4947.78,2024-03-01,2025-11-01,2,1,3,1,610,0.333,1,0,0,Global Investors,1.2827322490248227,2.9704763833089842
C1028,Individual,Nicholas,Cox,1942-04-07,M,Usa,California,Home,1,Yes,Website,83.7,1,4,1143826.71,285956.6775,479050.0,3936.48,2024-02-01,2025-09-01,4,0,4,1,578,0.0,1,2,0,First-Time Buyers,-0.40269531924715407,-1.1444716516719775
C1029,Individual,Ryan,Jackson,1949-11-06,M,Australia,Victoria,Home,1,No,Agency,76.2,0,3,946560.97,315520.3233333333,409647.06,3148.14,2024-01-01,2025-05-01,3,0,3,1,486,0.0,1,1,2,Personal-Use Buyers,-1.589771838827496,-0.19575593677382755
C1030,Individual,Christine,Owens,1960-04-20,F,Usa,Ohio,Home,4,No,Website,65.7,0,4,1353543.06,338385.765,406491.67,4281.9,2024-05-01,2024-12-01,4,0,4,1,214,0.0,1,0,2,Global Investors,0.43544331734482505,-0.9177591234499506
C1031,Individual,Alexander,Reed,1989-01-13,M,Uk,England,Home,1,No,Website,37.0,0,3,1011333.2,337111.06666666665,394120.88,3265.76,2024-05-01,2024-08-01,2,1,3,1,92,0.333,1,1,2,Personal-Use Buyers,-1.3877204015024636,1.1785543204349709
C1032,Individual,Larry,Freeman,1977-01-03,M,Usa,Nevada,Home,5,No,Website,49.0,0,4,1494289.73,373572.4325,566395.41,4344.91,2024-03-01,2025-07-01,4,0,4,1,487,0.0,1,0,1,Global Investors,0.8561410653121595,-0.4341387073026358
C1033,Individual,Eric,Jackson,1962-06-21,M,France,Ile-De-France,Home,2,No,Website,63.5,0,4,1496120.51,374030.1275,507541.5,5253.52,2024-08-01,2025-12-01,3,1,4,1,487,0.25,1,0,1,Global Investors,1.273841017083345,0.23428940147463334
C1034,Individual,Andrea,Wilson,1979-01-20,F,Usa,Colorado,Home,5,No,Client,46.9,0,4,1200049.6,300012.4,429156.03,3881.5,2024-06-01,2025-09-01,3,1,4,1,457,0.25,1,1,2,Personal-Use Buyers,-0.24709092143349531,-0.7832518328172866
C1035,Individual,Jacob,Williams,1961-02-10,M,Usa,Virginia,Home,2,No,Website,64.9,0,4,1528550.1300000001,382137.53250000003,550601.55,4908.68,2024-02-01,2025-06-01,2,2,4,1,486,0.5,1,0,2,Global Investors,1.2216540850729691,0.6575564537282257
C1036,Individual,Martha,Collins,1988-03-13,F,Usa,Oregon,Home,2,No,Agency,37.8,0,3,1176436.08,392145.36000000004,443662.17,4051.48,2024-06-01,2025-01-01,3,0,3,1,214,0.0,1,1,2,Personal-Use Buyers,-0.4343774916762587,1.0677063443018648
C1037,Company,Corvus,Co,1970-01-02,M,Mexico,Baja California,Home,2,Yes,Website,56.0,1,3,1115637.13,371879.0433333333,499833.64,3570.94,2024-08-01,2024-11-01,2,1,3,1,92,0.333,1,2,0,First-Time Buyers,-0.8025814234857911,1.1763420965645435
C1038,Individual,Gerald,Gray,1959-05-25,M,Usa,California,Investment,3,No,Website,66.6,0,3,907128.2000000001,302376.0666666667,419687.28,2817.99,2024-02-01,2024-09-01,3,0,3,1,213,0.0,1,1,2,Personal-Use Buyers,-1.8167816195899438,-0.546421454552655
C1039,Individual,Nicholas,Carter,1962-07-17,M,Usa,California,Home,1,Yes,Agency,63.5,1,4,1428452.94,357113.235,585383.34,4842.950000000001,2024-01-01,2025-11-01,4,0,4,1,670,0.0,1,2,0,First-Time Buyers,0.7976997748513774,-0.02680298044949091
C1040,Individual,Joseph,Young,1940-04-05,M,Usa,California,Investment,5,Yes,Website,85.7,1,3,901095.79,300365.26333333337,332452.89,2976.66,2024-09-01,2025-10-01,3,0,3,1,395,0.0,1,2,0,First-Time Buyers,-1.6328397929298863,-1.102688531645127
C1041,Individual,Evelyn,Morris,1990-12-07,F,Usa,Nevada,Home,5,Yes,Website,35.1,1,3,1150040.79,383346.93,402848.9,3911.33,2025-01-01,2025-12-01,3,0,3,1,334,0.0,1,2,0,First-Time Buyers,-0.4788394490256083,0.6155862302668261
C1042,Individual,Rebecca,Parker,1945-08-03,F,Usa,Nevada,Home,2,No,Agency,80.4,0,4,1325783.46,331445.865,530985.4,4488.37,2024-04-01,2025-02-01,4,0,4,1,306,0.0,1,0,2,Global Investors,0.412157014298214,-0.8766795538774315
C1043,Individual,Carol,Griffin,1999-07-14,F,Usa,Washington,Home,5,No,Website,26.5,0,3,1067911.8599999999,355970.61999999994,426620.64,4071.58,2024-10-01,2025-08-01,3,0,3,1,304,0.0,1,1,2,Personal-Use Buyers,-0.6854619729932974,0.3545645867376752
C1044,Individual,Eric,Howard,1971-05-15,M,Usa,Nevada,Investment,5,No,Website,54.6,0,4,1368036.3900000001,342009.09750000003,443365.72,4582.14,2024-02-01,2025-11-01,4,0,4,1,639,0.0,1,0,1,Global Investors,0.621445929624115,-0.8571424356740908
C1045,Individual,Rebecca,Allen,1942-04-01,F,Usa,New York,Home,3,No,Website,83.8,0,3,974840.03,324946.6766666667,425602.22,3180.34,2024-03-01,2024-06-01,1,2,3,1,92,0.667,1,1,2,Personal-Use Buyers,-1.3057968195644396,0.41324229928747613
C1046,Individual,Maria,Wood,1969-05-21,F,Canada,Quebec,Home,4,Yes,Website,56.6,1,4,1301128.39,325282.0975,517811.18,4198.799999999999,2024-01-01,2025-11-01,4,0,4,1,670,0.0,1,2,0,First-Time Buyers,0.1870510482669411,-0.7612478008994417
C1047,Individual,Ronald,Reyes,1984-12-12,M,Usa,Virginia,Home,3,No,Website,41.1,0,3,1333737.83,444579.2766666667,547111.08,4363.72,2024-05-01,2024-11-01,3,0,3,1,184,0.0,1,0,1,Global Investors,0.31752456140063784,1.3628563078271616
C1048,Individual,Angela,Turner,1970-01-27,F,Usa,Oregon,Investment,1,No,Agency,55.9,0,3,1349339.41,449779.8033333333,583294.59,4317.77,2024-06-01,2025-01-01,2,1,3,1,214,0.333,1,0,1,Global Investors,0.30191654249815775,2.0370942389262447
C1049,Individual,Tiffany,Sanders,1940-11-05,F,Usa,California,Investment,5,No,Website,85.2,0,3,1214294.1600000001,404764.72000000003,500013.28,4354.610000000001,2024-09-01,2025-11-01,3,0,3,1,426,0.0,1,0,2,Global Investors,0.11726208473783206,-0.131085337314558
C1050,Individual,Tyler,Watson,1955-10-03,M,Usa,Georgia,Home,4,Yes,Website,70.2,1,4,1274655.09,318663.7725,446439.12,4770.88,2024-09-01,2025-08-01,4,0,4,1,334,0.0,1,2,0,First-Time Buyers,0.468116216646141,-1.0741868612039784
C1051,Individual,Cheryl,Hansen,1958-07-19,F,Usa,Virginia,Home,1,Yes,Agency,67.5,1,3,894972.26,298324.08666666667,543773.78,3050.23,2024-03-01,2024-10-01,2,1,3,1,214,0.333,1,2,0,First-Time Buyers,-1.8090436628202196,0.3895332223076202
C1052,Individual,Kimberly,Parker,1953-04-24,F,Usa,Utah,Home,1,Yes,Agency,72.7,1,4,1008000.54,252000.135,296702.8,3347.77,2024-05-01,2025-03-01,4,0,4,1,304,0.0,1,2,0,First-Time Buyers,-1.1634834617347103,-1.2929196422373967
C1053,Individual,Adam,Kim,1974-11-10,M,Mexico,Nuevo Leon,Home,2,Yes,Website,51.1,1,3,1280976.9,426992.3,630342.5,4009.83,2024-02-01,2025-06-01,3,0,3,1,486,0.0,1,2,0,First-Time Buyers,-0.06463707420522069,1.3158943208796627
C1054,Individual,Edward,Foster,1989-09-04,M,Usa,Arizona,Home,2,Yes,Website,36.3,1,3,837920.5800000001,279306.86000000004,317911.69,2638.0299999999997,2024-07-01,2025-11-01,2,1,3,1,488,0.333,1,2,0,First-Time Buyers,-2.246568853323878,0.5256842409066022
C1055,Individual,Jonathan,Bennett,1972-11-20,M,Usa,New York,Investment,2,Yes,Website,53.1,1,3,811498.78,270499.5933333333,373299.4,2779.19,2025-01-01,2025-08-01,2,1,3,1,212,0.333,1,2,0,First-Time Buyers,-2.2178499100178874,0.15258975127124355
C1056,Individual,Larry,Wilson,1979-01-19,M,Usa,Colorado,Home,1,Yes,Website,46.9,1,3,1436352.77,478784.25666666665,499350.78,5264.81,2024-04-01,2025-02-01,2,1,3,1,306,0.333,1,0,0,Global Investors,1.0824531453245703,2.59226344903478
C1057,Individual,Jesse,Garcia,1994-04-17,M,Usa,Nevada,Investment,5,No,Website,31.7,0,4,1430593.53,357648.3825,521044.57,5205.6,2024-03-01,2025-02-01,4,0,4,1,337,0.0,1,0,1,Global Investors,1.0532347141710006,-0.3022262492329848
C1058,Individual,Rachel,Weaver,1973-06-12,F,Germany,Bavaria,Home,3,Yes,Website,52.6,1,4,1526007.8199999998,381501.95499999996,532913.83,4761.63,2024-06-01,2025-12-01,3,1,4,1,548,0.25,1,0,0,Global Investors,1.0957104345485151,0.450177862484234
C1059,Individual,Danielle,Davis,1978-06-26,F,Usa,California,Home,4,No,Website,47.5,0,3,1266979.76,422326.58666666667,580992.98,4268.91,2024-12-01,2025-11-01,1,2,3,1,335,0.667,1,0,1,Global Investors,0.1386676482747352,1.8723761308552083
C1060,Individual,Christian,Evans,1940-12-25,M,Usa,Nevada,Home,5,No,Agency,85.0,0,3,1167625.18,389208.3933333333,557611.23,3964.51,2024-06-01,2025-11-01,3,0,3,1,518,0.0,1,1,2,Personal-Use Buyers,-0.2566167282589236,-0.2677866844247781
C1061,Individual,Stephanie,Smith,1960-06-01,F,Uk,Scotland,Home,1,No,Website,65.6,0,4,1689767.29,422441.8225,575615.86,5691.97,2024-03-01,2025-07-01,4,0,4,1,487,0.0,1,0,1,Global Investors,2.0231110886998334,0.49760864203621
C1062,Individual,Billy,Foster,1975-12-20,M,Usa,California,Home,4,No,Agency,50.0,0,4,1766882.53,441720.6325,704808.48,5626.43,2024-02-01,2024-08-01,4,0,4,1,182,0.0,1,0,1,Global Investors,2.2491401997709954,0.4635511328924134
C1063,Individual,Nicole,Weaver,1988-12-05,F,Usa,New York,Investment,5,Yes,Website,37.1,1,3,1315820.94,438606.98,496232.48,4062.88,2024-03-01,2024-11-01,2,1,3,1,245,0.333,1,2,0,First-Time Buyers,0.15784921244571282,1.6638193290428156
C1064,Individual,Brandon,Pierce,1945-08-06,M,Usa,California,Home,5,Yes,Website,80.4,1,3,695434.77,231811.59,348131.23,2651.2400000000002,2024-01-01,2025-12-01,2,1,3,1,700,0.333,1,2,2,First-Time Buyers,-2.465994203935944,-1.2178768025747364
C1065,Individual,Mark,Reyes,1955-01-06,M,Usa,Georgia,Home,3,Yes,Client,71.0,1,3,1107631.34,369210.4466666667,450186.35,3790.73,2024-06-01,2025-04-01,3,0,3,1,304,0.0,1,2,0,First-Time Buyers,-0.6552247060920149,0.20624034293614696
C1066,Individual,Ashley,Moore,1941-09-21,F,Australia,Victoria,Home,1,No,Website,84.3,0,4,1208868.77,302217.1925,538035.23,3963.9500000000003,2024-04-01,2025-12-01,3,1,4,1,609,0.25,1,1,2,Personal-Use Buyers,-0.19638982908247377,-0.7112962311388594
C1067,Individual,Samuel,Howard,1942-12-24,M,Mexico,Jalisco,Investment,4,No,Agency,83.0,0,3,849001.36,283000.4533333333,324856.86,2712.1400000000003,2024-08-01,2025-04-01,2,1,3,1,243,0.333,1,1,2,Personal-Use Buyers,-2.002474527495745,-0.6478165574513308
C1068,Individual,Kathleen,Carter,1984-02-10,F,Usa,California,Home,3,No,Agency,41.9,0,3,1403831.31,467943.77,524955.14,4827.1,2024-01-01,2025-11-01,2,1,3,1,670,0.333,1,0,1,Global Investors,0.7802338426665641,2.1258362677983724
C1069,Individual,Lawrence,Cox,1992-06-13,M,Usa,Virginia,Home,3,Yes,Agency,33.5,1,3,1323760.8399999999,441253.6133333333,580190.12,4239.18,2024-05-01,2025-06-01,3,0,3,1,396,0.0,1,2,0,First-Time Buyers,0.16050219516312564,1.605201962983856
C1070,Individual,Virginia,Rogers,1951-06-26,F,Germany,Bavaria,Home,5,No,Agency,74.5,0,3,1286265.1400000001,428755.0466666667,453127.52,4415.7,2024-01-01,2025-11-01,3,0,3,1,670,0.0,1,0,1,Global Investors,0.3171657247161957,0.33892182659254166
C1071,Individual,Aaron,Johnson,1966-08-11,M,Usa,Texas,Home,2,No,Agency,59.4,0,4,1047375.62,261843.905,393101.99,3498.51,2024-02-01,2025-02-01,3,1,4,1,366,0.25,1,1,2,Personal-Use Buyers,-0.958758740698865,-0.8751923285573332
C1072,Individual,Kimberly,Jones,1962-06-10,F,Usa,Utah,Home,3,No,Agency,63.6,0,3,829884.93,276628.31,335251.84,2937.26,2024-02-01,2025-11-01,3,0,3,1,639,0.0,1,1,2,Personal-Use Buyers,-2.0357331193502506,-0.7385743641472112
C1073,Individual,Carl,Collins,1955-07-02,M,Usa,California,Investment,2,No,Website,70.5,0,4,1197808.83,299452.2075,333845.6,3808.21,2024-06-01,2025-08-01,4,0,4,1,426,0.0,1,1,2,Personal-Use Buyers,-0.32421791540759387,-1.0710799835069007
C1074,Individual,George,Foster,1954-07-10,M,Uk,Northern Ireland,Home,1,No,Website,71.5,0,3,1004700.45,334900.14999999997,467335.84,3277.6200000000003,2024-05-01,2025-06-01,2,1,3,1,396,0.333,1,1,2,Personal-Use Buyers,-1.294328286014051,0.5717092416950331
C1075,Individual,Carolyn,Watson,1975-02-17,F,Mexico,Baja California,Home,3,No,Website,50.9,0,4,1178400.08,294600.02,445987.2,3939.81,2024-10-01,2025-08-01,2,2,4,1,304,0.5,1,1,2,Personal-Use Buyers,-0.3176653298230246,-0.18388778487394866
C1076,Individual,Betty,Thompson,1980-10-28,F,Usa,Florida,Investment,3,No,Agency,45.2,0,3,884169.44,294723.14666666667,445754.21,2930.45,2024-01-01,2025-05-01,3,0,3,1,486,0.0,1,1,2,Personal-Use Buyers,-1.9297692817063188,-0.23818244297411492
C1077,Individual,Peter,Griffin,1982-03-07,M,Usa,Texas,Investment,2,No,Agency,43.8,0,4,1467449.24,366862.31,537661.98,4983.74,2024-11-01,2025-07-01,3,1,4,1,242,0.25,1,0,1,Global Investors,0.9651693484419196,0.4999337747171873
C1078,Individual,Joshua,Howard,1940-07-22,M,Usa,Ohio,Home,1,No,Agency,85.4,0,3,1247337.58,415779.19333333336,491669.54,3911.33,2024-03-01,2025-08-01,3,0,3,1,518,0.0,1,0,2,Global Investors,-0.1578281202315502,0.6742928214048359
C1079,Individual,Steven,Hayes,1959-06-19,M,Usa,California,Investment,4,Yes,Website,66.5,1,3,1151228.31,383742.77,557229.76,4009.83,2024-08-01,2025-08-01,3,0,3,1,365,0.0,1,2,0,First-Time Buyers,-0.3695834759346128,0.2588935225252236
C1080,Individual,Hannah,Stewart,1956-10-06,F,Uk,England,Investment,4,No,Agency,69.2,0,4,1594795.52,398698.88,482594.96,5701.12,2024-03-01,2025-04-01,4,0,4,1,396,0.0,1,0,1,Global Investors,1.8285516092072704,-0.2917161807038591
C1081,Company,Meridian,Co,1974-09-08,M,Russia,Novosibirsk,Home,4,Yes,Agency,51.3,1,3,1006584.7,335528.23333333334,455284.06,3610.17,2024-04-01,2024-12-01,3,0,3,1,244,0.0,1,2,0,First-Time Buyers,-1.132140683501215,0.06248835199193696
C1082,Individual,Patricia,Martin,1993-02-04,F,Usa,Oregon,Investment,5,Yes,Website,32.9,1,3,829499.85,276499.95,388642.3,2859.34,2024-03-01,2024-12-01,3,0,3,1,275,0.0,1,2,0,First-Time Buyers,-2.0959068090802084,-0.4564116033368861
C1083,Individual,Pamela,Jackson,1950-10-06,F,Usa,Colorado,Investment,4,No,Agency,75.2,0,4,1145122.1,286280.525,413563.21,3757.95,2024-02-01,2025-03-01,3,1,4,1,394,0.25,1,1,2,Personal-Use Buyers,-0.4341944275358452,-1.2203528228250384
C1084,Individual,Sarah,Hansen,1989-07-27,F,France,Ile-De-France,Home,4,No,Agency,36.4,0,4,1357921.15,339480.2875,498074.48,4546.77,2024-06-01,2025-10-01,3,1,4,1,487,0.25,1,0,2,Global Investors,0.46251361698971366,0.014467366308502937
C1085,Individual,Sarah,Flores,1947-10-18,F,Australia,Queensland,Investment,1,No,Client,78.2,0,3,797675.03,265891.6766666667,291083.4,2984.48,2024-10-01,2025-08-01,3,0,3,1,304,0.0,1,1,2,Personal-Use Buyers,-2.159700387219091,-0.7586635337756319
C1086,Individual,Timothy,Montgomery,1956-03-01,M,Usa,Colorado,Home,1,Yes,Website,69.8,1,4,1339827.27,334956.8175,464470.15,4120.84,2024-10-01,2025-11-01,3,1,4,1,396,0.25,1,2,0,First-Time Buyers,0.22843057654262183,-0.012927802942786368
C1087,Individual,Matthew,Owens,1984-01-03,M,Usa,Colorado,Home,3,No,Website,42.0,0,4,1878433.21,469608.3025,602057.55,6300.43,2024-09-01,2025-12-01,4,0,4,1,456,0.0,1,0,1,Global Investors,2.889782907746827,1.03895238207557
C1088,Individual,Nicholas,Stewart,1998-09-26,M,Usa,Utah,Home,4,Yes,Agency,27.3,1,3,802271.19,267423.73,460665.54,2651.24,2024-04-01,2025-04-01,3,0,3,1,365,0.0,1,2,0,First-Time Buyers,-2.3627529228529127,-0.26517155586136326
C1089,Individual,Madison,Ward,1962-09-17,F,Usa,Utah,Home,1,Yes,Website,63.3,1,4,959344.08,239836.02,273895.07,3313.5,2025-01-01,2025-12-01,3,1,4,1,334,0.25,1,2,0,First-Time Buyers,-1.3100551097260316,-0.9049257450200098
C1090,Individual,Laura,Moore,1962-09-07,F,Canada,Alberta,Home,3,Yes,Client,63.3,1,3,1217272.58,405757.5266666667,495437.61,4188.29,2024-03-01,2025-04-01,2,1,3,1,396,0.333,1,2,0,First-Time Buyers,-0.11305645953845062,1.240798811860443
C1091,Individual,Arthur,Phillips,1984-07-21,M,Usa,Nevada,Home,1,Yes,Agency,41.4,1,3,741797.49,247265.83,356627.2,2560.9700000000003,2024-03-01,2025-06-01,3,0,3,1,457,0.0,1,2,0,First-Time Buyers,-2.6664505862632035,-0.2072624568981057
C1092,Individual,Terry,Adams,1996-11-24,M,Usa,Oregon,Investment,2,No,Website,29.1,0,3,1213248.05,404416.01666666666,492551.34,4356.79,2025-02-01,2025-04-01,3,0,3,1,59,0.0,1,0,2,Global Investors,-0.16501606278656145,1.3206391183792232
C1093,Individual,Adam,Allen,1980-07-13,M,Usa,Oregon,Home,1,Yes,Website,45.5,1,3,805402.8300000001,268467.61000000004,334313.56,2701.38,2024-01-01,2025-06-01,2,1,3,1,517,0.333,1,2,0,First-Time Buyers,-2.3257252277820557,0.4266567386482953
C1094,Individual,Sarah,Cook,1960-02-12,F,Usa,Washington,Home,2,Yes,Website,65.9,1,4,1631407.56,407851.89,606086.6,5094.1900000000005,2024-05-01,2025-06-01,3,1,4,1,396,0.25,1,0,0,Global Investors,1.597586571862643,0.654257879593897
C1095,Individual,Cynthia,Howard,1940-02-26,F,Usa,California,Home,3,No,Agency,85.8,0,4,1454366.24,363591.56,566261.62,5056.05,2024-01-01,2024-11-01,4,0,4,1,305,0.0,1,0,1,Global Investors,1.1293962267571385,-0.7965000226795593
C1096,Individual,Grace,Edwards,1965-05-20,F,Usa,New York,Home,2,No,Client,60.6,0,4,1756661.91,439165.4775,561232.25,5358.78,2024-04-01,2025-09-01,4,0,4,1,518,0.0,1,0,1,Global Investors,2.054605204645307,0.5766255900998524
C1097,Individual,Teresa,Pierce,1962-07-16,F,Canada,Alberta,Home,3,Yes,Agency,63.5,1,3,1064342.81,354780.9366666667,453949.46,3487.85,2024-10-01,2025-12-01,3,0,3,1,426,0.0,1,2,0,First-Time Buyers,-1.0048880531303939,0.21495763943435453
C1098,Individual,Paul,Young,1976-10-24,M,Usa,California,Investment,3,No,Client,49.2,0,3,1187774.23,395924.74333333335,443496.6,3870.26,2024-02-01,2025-08-01,2,1,3,1,547,0.333,1,1,2,Personal-Use Buyers,-0.4052354286558557,1.2374755802799333
C1099,Individual,Joan,Scott,1972-06-26,F,Usa,Colorado,Home,3,No,Agency,53.5,0,4,1426501.12,356625.28,444521.07,4612.33,2024-03-01,2025-12-01,3,1,4,1,640,0.25,1,0,2,Global Investors,0.7298413570098884,0.05617584664949056
C1100,Individual,Frank,Thomas,1940-05-14,M,Russia,Novosibirsk,Home,1,No,Website,85.6,0,4,1314225.5899999999,328556.39749999996,548635.7,4168.6900000000005,2024-01-01,2025-07-01,4,0,4,1,547,0.0,1,1,2,Personal-Use Buyers,0.20899421202440666,-0.8364489044551223
C1101,Individual,Matthew,King,1964-01-03,M,Belgium,Flanders,Home,5,No,Website,62.0,0,4,1037914.4299999999,259478.60749999998,325612.79,3474.29,2024-01-01,2025-02-01,4,0,4,1,397,0.0,1,1,2,Personal-Use Buyers,-0.8863408131249689,-1.8437126351140625
C1102,Company,Harmon,Co,1960-05-06,M,Germany,Berlin,Home,2,No,Agency,65.7,0,4,1248456.03,312114.0075,516162.59,3972.25,2024-02-01,2025-12-01,4,0,4,1,669,0.0,1,1,1,Personal-Use Buyers,-0.14242220216450296,-0.8077237627176809
C1103,Individual,Jose,Johnson,1961-04-27,M,Belgium,Wallonia,Home,4,No,Agency,64.7,0,4,1206840.81,301710.2025,496697.45,3989.66,2024-03-01,2025-08-01,3,1,4,1,518,0.25,1,1,2,Personal-Use Buyers,-0.17168201791872362,-0.869365757337448
C1104,Individual,Christian,Weaver,1998-10-15,M,Usa,Utah,Investment,5,Yes,Website,27.2,1,3,893996.19,297998.73,381470.55,3075.04,2024-06-01,2025-05-01,3,0,3,1,334,0.0,1,2,0,First-Time Buyers,-1.790026908698368,-0.13636356050471662
C1105,Individual,Roger,Ward,1940-01-14,M,Usa,Nevada,Home,3,Yes,Website,86.0,1,4,1623510.31,405877.5775,550595.85,5463.780000000001,2024-05-01,2024-09-01,4,0,4,1,123,0.0,1,0,0,Global Investors,1.851038912075855,-0.25461263437420695
C1106,Individual,Sean,Martin,1982-05-16,M,Usa,California,Home,1,No,Agency,43.6,0,3,773499.85,257833.28333333333,329442.1,2528.04,2024-06-01,2025-08-01,3,0,3,1,426,0.0,1,1,2,Personal-Use Buyers,-2.5650224827204346,-0.2594823034884915
C1107,Individual,Frank,Hayes,1948-01-15,M,Canada,British Columbia,Home,1,No,Website,78.0,0,3,1156527.59,385509.1966666667,540584.92,3804.1400000000003,2024-05-01,2024-09-01,3,0,3,1,123,0.0,1,1,2,Personal-Use Buyers,-0.524816244298935,0.47742210422548176
C1108,Individual,Helen,Ward,1994-01-12,F,Australia,South Australia,Home,4,No,Website,32.0,0,3,1069904.1,356634.7,516476.18,3715.08,2025-04-01,2025-09-01,3,0,3,1,153,0.0,1,1,2,Personal-Use Buyers,-0.8990278691683822,0.450572956278185
C1109,Individual,Rebecca,Anderson,1967-09-05,F,Usa,California,Home,1,Yes,Client,58.3,1,4,1756965.37,439241.3425,531593.91,5835.72,2024-01-01,2024-10-01,3,1,4,1,274,0.25,1,0,0,Global Investors,2.2673072816214495,1.2927338844044052
C1110,Individual,Harold,Watson,1977-05-12,M,Usa,New York,Home,5,Yes,Website,48.6,1,4,1445458.33,361364.5825,441268.43,4611.639999999999,2024-04-01,2025-11-01,2,2,4,1,579,0.5,1,2,0,First-Time Buyers,0.8713082371198382,0.3325568570087923
C1111,Company,Corvus,Co,1967-01-23,M,Usa,California,Home,4,Yes,Website,58.9,1,3,885146.14,295048.7133333333,435943.19,2691.9300000000003,2024-03-01,2024-10-01,3,0,3,1,214,0.0,1,2,0,First-Time Buyers,-1.9410529690617744,-0.5305394797563182
C1112,Individual,Donald,Green,1982-01-05,M,Usa,Nevada,Investment,3,Yes,Website,44.0,1,3,961599.4199999999,320533.13999999996,388182.22,2927.83,2024-02-01,2025-07-01,2,1,3,1,516,0.333,1,2,0,First-Time Buyers,-1.6419220794418514,0.6565625132190557
C1113,Individual,Brenda,Martin,1974-08-18,F,Usa,Texas,Investment,2,No,Client,51.4,0,4,1162770.88,290692.72,523652.47,3768.1400000000003,2024-01-01,2025-11-01,3,1,4,1,670,0.25,1,1,2,Personal-Use Buyers,-0.5128005378850494,-0.4504287615480351
C1114,Individual,Cheryl,Wood,1992-02-04,F,Usa,California,Home,3,No,Website,33.9,0,3,872825.73,290941.91,367529.08,3218.1800000000003,2024-02-01,2024-10-01,3,0,3,1,243,0.0,1,1,2,Personal-Use Buyers,-1.814482041469759,-0.1108437369299446
C1115,Individual,Joseph,Bell,1973-10-24,M,Usa,Colorado,Home,3,Yes,Agency,52.2,1,3,1054599.19,351533.0633333333,472546.53,3326.9900000000002,2025-01-01,2025-06-01,3,0,3,1,151,0.0,1,2,0,First-Time Buyers,-1.1383342521335573,0.3556156124700334
C1116,Individual,Angela,Freeman,1991-12-17,F,Usa,California,Home,1,Yes,Agency,34.0,1,3,766951.9500000001,255650.65000000002,294707.51,2638.0299999999997,2024-03-01,2025-02-01,2,1,3,1,337,0.333,1,2,0,First-Time Buyers,-2.5495556413955613,0.5129727393302305
C1117,Individual,Rebecca,Patterson,1955-02-23,F,Mexico,Mexico City,Home,5,Yes,Website,70.9,1,4,1149629.49,287407.3725,410756.82,4191.96,2024-02-01,2025-09-01,3,1,4,1,578,0.25,1,2,0,First-Time Buyers,-0.15889334178921838,-1.1908037737435624
C1118,Company,Caldera,Co,1969-04-26,M,Uk,Scotland,Investment,2,Yes,Website,56.7,1,3,859368.99,286456.33,401356.84,2949.95,2024-02-01,2024-09-01,3,0,3,1,213,0.0,1,2,0,First-Time Buyers,-1.9902309649990741,-0.22307867717076577
C1119,Individual,Larry,Green,1941-03-14,M,Usa,Oregon,Home,1,Yes,Website,84.8,1,3,938703.6599999999,312901.22,394144.56,2849.71,2024-06-01,2025-01-01,3,0,3,1,214,0.0,1,2,0,First-Time Buyers,-1.7040510454549787,-0.28591390545678114
C1120,Individual,Kathleen,Carter,1979-07-16,F,Usa,Arizona,Home,1,No,Website,46.5,0,4,1371211.29,342802.8225,436572.8,4494.469999999999,2024-06-01,2025-02-01,4,0,4,1,245,0.0,1,0,1,Global Investors,0.43341911947564093,-0.039669152871311855
C1121,Individual,Carolyn,Gray,1985-06-02,F,Usa,California,Home,1,No,Client,40.6,0,3,1014661.78,338220.5933333333,568008.79,3373.5,2024-05-01,2024-12-01,2,1,3,1,214,0.333,1,1,2,Personal-Use Buyers,-1.3168001793443214,1.1188206583374314
C1122,Individual,Judith,Evans,1942-10-04,F,Usa,California,Home,4,No,Website,83.2,0,4,1558949.2,389737.3,625903.82,4835.51,2024-01-01,2025-11-01,4,0,4,1,670,0.0,1,0,2,Global Investors,1.3713203263261782,-0.6724506378297997
C1123,Individual,Robert,Pierce,1951-03-11,M,Usa,Virginia,Home,5,No,Agency,74.8,0,3,1241771.44,413923.8133333333,581087.19,3851.12,2024-02-01,2025-12-01,3,0,3,1,669,0.0,1,0,2,Global Investors,-0.1039786759100505,0.1600409798773357
C1124,Individual,Sharon,Murray,1976-02-04,F,Usa,Oregon,Investment,5,Yes,Website,49.9,1,4,1272190.01,318047.5025,531100.09,4163.5599999999995,2024-05-01,2025-03-01,4,0,4,1,304,0.0,1,2,0,First-Time Buyers,0.1051993603350353,-0.9069439868625837
C1125,Individual,Ronald,Price,1941-02-03,M,Usa,Oregon,Home,3,No,Agency,84.9,0,3,1186907.08,395635.69333333336,440465.95,3997.02,2024-10-01,2025-09-01,1,2,3,1,335,0.667,1,1,1,Personal-Use Buyers,-0.2098284019164927,1.154818407966554
C1126,Company,Elara,Co,1983-02-16,M,Usa,Virginia,Home,1,Yes,Website,42.9,1,3,893488.2,297829.39999999997,440625.12,3047.8199999999997,2024-03-01,2024-07-01,2,1,3,1,122,0.333,1,2,0,First-Time Buyers,-1.8645999371202784,0.7843568405028803
C1127,Individual,Ann,Cooper,1943-06-15,F,Uk,England,Investment,1,No,Website,82.5,0,3,838728.4,279576.13333333336,309658.36,2797.11,2024-01-01,2025-10-01,2,1,3,1,639,0.333,1,1,2,Personal-Use Buyers,-2.0651463912434753,-0.18769972784495495
C1128,Individual,Brian,Montgomery,1983-12-05,M,Usa,California,Investment,1,No,Website,42.1,0,3,1186634.53,395544.8433333333,467492.04,3992.56,2024-06-01,2025-07-01,3,0,3,1,395,0.0,1,1,1,Personal-Use Buyers,-0.43459098643554767,1.1754632826596703
C1129,Individual,Martha,Hansen,1945-09-03,F,Usa,Colorado,Investment,5,No,Agency,80.3,0,4,1463125.26,365781.315,507394.76,4877.75,2024-01-01,2025-04-01,4,0,4,1,456,0.0,1,0,2,Global Investors,1.102481084185913,-1.0167136496841864
C1130,Individual,Tiffany,Parker,1987-03-01,F,Usa,Arizona,Home,5,No,Website,38.8,0,4,1326217.01,331554.2525,678504.41,4036.92,2024-05-01,2025-10-01,2,2,4,1,518,0.5,1,1,2,Personal-Use Buyers,0.20507528032356437,0.058625958998793345
C1131,Individual,Cheryl,Kim,1984-05-28,F,Usa,California,Investment,3,No,Website,41.6,0,3,1210500.79,403500.26333333337,581631.78,3953.2,2024-03-01,2024-10-01,3,0,3,1,214,0.0,1,1,2,Personal-Use Buyers,-0.30970605729168754,0.9289500545374644
C1132,Individual,Terry,Roberts,1982-01-21,M,Usa,New York,Home,2,Yes,Website,43.9,1,3,1383901.27,461300.42333333334,574927.34,4346.46,2025-04-01,2025-08-01,3,0,3,1,122,0.0,1,0,0,Global Investors,0.4407157876445888,1.78108769545778
C1133,Individual,Jason,Hansen,1993-01-21,M,Usa,Oregon,Investment,3,No,Website,32.9,0,4,1427019.92,356754.98,502325.67,4842.950000000001,2024-08-01,2025-11-01,4,0,4,1,457,0.0,1,0,1,Global Investors,0.790114336376542,0.0033274016303697466
C1134,Individual,Dorothy,Bennett,1943-10-10,F,Usa,California,Investment,1,No,Website,82.2,0,4,1088583.78,272145.945,453416.1,3620.15,2024-06-01,2025-12-01,2,2,4,1,548,0.5,1,1,2,Personal-Use Buyers,-0.7080766540319064,-0.625545158517918
C1135,Individual,Melissa,Phillips,1999-09-22,F,Russia,Moscow Oblast,Investment,5,Yes,Client,26.3,1,3,1186082.75,395360.9166666667,484226.87,3910.42,2024-04-01,2024-10-01,3,0,3,1,183,0.0,1,2,0,First-Time Buyers,-0.4332517564540678,0.9149978612550588
C1136,Individual,Shirley,Weaver,1965-04-27,F,Usa,California,Home,3,Yes,Agency,60.7,1,3,1016844.64,338948.2133333333,430426.11,3071.6400000000003,2024-03-01,2025-10-01,2,1,3,1,579,0.333,1,2,0,First-Time Buyers,-1.3504150450468435,0.5880119219131457
C1137,Individual,Carol,Price,1986-12-24,F,Usa,Nevada,Home,4,Yes,Agency,39.0,1,3,1114902.43,371634.1433333333,554352.77,3420.52,2024-02-01,2025-10-01,3,0,3,1,608,0.0,1,2,0,First-Time Buyers,-0.8991030522712516,0.6189930671738485
C1138,Individual,George,Green,1964-08-24,M,Usa,Oregon,Home,1,No,Website,61.4,0,3,840602.9199999999,280200.9733333333,348889.77,2856.2200000000003,2024-02-01,2024-03-01,3,0,3,1,29,0.0,1,1,2,Personal-Use Buyers,-2.0897087066583424,-0.3522696112949519
C1139,Individual,Tiffany,Green,1996-03-03,F,Usa,California,Home,4,Yes,Client,29.8,1,3,1297382.59,432460.86333333334,568773.25,4317.77,2024-08-01,2025-08-01,2,1,3,1,365,0.333,1,2,0,First-Time Buyers,0.16351768430735386,1.9001173721269684
C1140,Individual,Billy,Jackson,1976-07-01,M,Usa,Florida,Home,1,Yes,Website,49.5,1,3,1275809.71,425269.9033333333,551828.54,3831.8199999999997,2025-01-01,2025-12-01,2,1,3,1,334,0.333,1,2,0,First-Time Buyers,-0.18045905683525393,1.9871988279112662
C1141,Individual,Kimberly,Montgomery,2000-01-26,F,Usa,Arizona,Investment,3,No,Website,25.9,0,3,990242.33,330080.7766666667,436787.87,3304.65,2024-02-01,2025-12-01,3,0,3,1,669,0.0,1,1,2,Personal-Use Buyers,-1.419750498012466,0.4317185507648145
C1142,Individual,Julia,Hughes,1948-03-10,F,Usa,Colorado,Home,2,Yes,Agency,77.8,1,4,1492680.13,373170.0325,492869.13,4889.48,2024-05-01,2024-12-01,4,0,4,1,214,0.0,1,0,0,Global Investors,1.0867871119286139,-0.26873657876796625
C1143,Individual,Michael,Garcia,1994-09-10,M,Usa,Arizona,Home,2,Yes,Website,31.3,1,3,1108329.67,369443.2233333333,404667.67,4031.45,2024-06-01,2025-10-01,2,1,3,1,487,0.333,1,2,0,First-Time Buyers,-0.6506634146726824,1.5501134397782865
C1144,Individual,Diane,Young,1978-11-10,F,Usa,Georgia,Investment,4,No,Client,47.1,0,4,1244666.12,311166.53,494178.87,4108.29,2024-04-01,2024-09-01,4,0,4,1,153,0.0,1,1,2,Personal-Use Buyers,-0.05813993674568483,-0.8794421983744656
C1145,Individual,Ethan,King,1993-04-04,M,Usa,Nevada,Home,5,No,Website,32.7,0,3,1118850.31,372950.10333333333,568314.74,3802.2200000000003,2024-05-01,2025-09-01,3,0,3,1,488,0.0,1,1,2,Personal-Use Buyers,-0.6381896718369026,0.42392405858261034
C1146,Individual,Richard,Weaver,1991-03-14,M,Usa,California,Investment,2,No,Website,34.8,0,3,1037824.43,345941.4766666667,565819.26,3408.26,2024-10-01,2025-10-01,2,1,3,1,365,0.333,1,1,1,Personal-Use Buyers,-1.1980695688122407,1.1220588251008965
C1147,Individual,Brittany,Edwards,1978-02-09,F,Usa,Utah,Home,3,No,Website,47.9,0,3,905314.84,301771.61333333334,555067.12,3031.59,2024-09-01,2025-09-01,3,0,3,1,365,0.0,1,1,2,Personal-Use Buyers,-1.7602544037350296,-0.2367361800878752
C1148,Individual,Joshua,Rogers,1991-07-15,M,Australia,New South Wales,Home,1,Yes,Agency,34.5,1,3,1083677.57,361225.8566666667,523867.62,3664.15,2024-09-01,2025-01-01,3,0,3,1,122,0.0,1,2,0,First-Time Buyers,-1.0105385345301472,1.1098759254490362
C1149,Individual,Kimberly,Thomas,1980-03-06,F,Russia,Tatarstan,Home,3,No,Agency,45.8,0,4,1277449.99,319362.4975,484921.76,4213.08,2024-06-01,2025-03-01,4,0,4,1,273,0.0,1,1,1,Personal-Use Buyers,0.04020762324202642,-0.5714348002979973
C1150,Individual,Tiffany,Cook,1992-11-08,F,Usa,Nevada,Investment,4,No,Agency,33.1,0,3,1476970.3,492323.43333333335,523968.19,4650.38,2024-02-01,2025-11-01,3,0,3,1,639,0.0,1,0,1,Global Investors,0.9069538175028021,1.8515206089297254
C1151,Individual,Tyler,Anderson,1963-12-14,M,Usa,Arizona,Investment,2,No,Website,62.0,0,4,1760000.3399999999,440000.08499999996,545707.37,5400.87,2024-06-01,2024-12-01,4,0,4,1,183,0.0,1,0,1,Global Investors,2.0991862449047956,0.5554292209128492
C1152,Individual,Jason,Williams,1977-09-16,M,Usa,Georgia,Home,1,No,Website,48.3,0,4,1654928.32,413732.08,585559.25,5498.34,2024-03-01,2025-05-01,4,0,4,1,426,0.0,1,0,1,Global Investors,1.7794893468842408,0.6791042059779241
C1153,Individual,Scott,Sanders,1991-09-14,M,Usa,California,Home,1,No,Website,34.3,0,3,1007630.0,335876.6666666667,492913.41,3511.06,2024-02-01,2025-09-01,2,1,3,1,578,0.333,1,1,2,Personal-Use Buyers,-1.2690087409496023,1.1937392508474
C1154,Individual,Jerry,Brown,1956-07-12,M,Usa,Utah,Home,5,Yes,Agency,69.5,1,4,1373889.96,343472.49,518104.03,4541.3,2024-04-01,2025-10-01,4,0,4,1,548,0.0,1,2,0,First-Time Buyers,0.6394335512024936,-0.9472055523262806
C1155,Individual,William,Young,1977-03-03,M,Usa,California,Home,5,No,Website,48.8,0,3,1577625.0,525875.0,589821.06,5037.32,2024-06-01,2025-11-01,2,1,3,1,518,0.333,1,0,1,Global Investors,1.5790112591831278,2.2478584519663483
C1156,Individual,Dorothy,Kim,1956-05-16,F,Usa,Virginia,Home,4,No,Agency,69.6,0,3,859956.66,286652.22000000003,441602.33,3024.39,2024-05-01,2025-11-01,3,0,3,1,549,0.0,1,1,2,Personal-Use Buyers,-1.8385045110748157,-0.9045257018106284
C1157,Individual,Kenneth,Davis,1944-11-02,M,Canada,Alberta,Investment,2,No,Website,81.2,0,4,894080.38,223520.095,329573.31,2865.81,2024-02-01,2025-09-01,4,0,4,1,578,0.0,1,1,2,Personal-Use Buyers,-1.6744455753058793,-2.037424585072464
C1158,Individual,Joan,Pierce,1955-05-19,F,Usa,California,Investment,2,No,Website,70.6,0,3,941360.29,313786.76333333337,596516.36,2916.16,2024-04-01,2025-05-01,2,1,3,1,395,0.333,1,1,2,Personal-Use Buyers,-1.657288678548864,0.18079453275923382
C1159,Individual,Gerald,Howard,1940-03-24,M,Usa,Nevada,Investment,1,Yes,Website,85.8,1,3,1170550.92,390183.63999999996,558548.42,3527.05,2024-06-01,2025-09-01,2,1,3,1,457,0.333,1,2,0,First-Time Buyers,-0.5805857928678908,1.0098061145862969
C1160,Individual,Walter,Griffin,1980-11-21,M,Usa,Florida,Home,2,Yes,Website,45.1,1,4,1359425.8599999999,339856.46499999997,510079.55,4407.95,2024-06-01,2025-01-01,3,1,4,1,214,0.25,1,2,0,First-Time Buyers,0.39015591780258413,0.2895251705683937
C1161,Individual,Stephen,White,1994-02-12,M,Canada,Alberta,Investment,3,Yes,Website,31.9,1,4,2022416.31,505604.0775,724345.49,5945.3099999999995,2024-01-01,2024-11-01,3,1,4,1,305,0.25,1,0,0,Global Investors,3.066887470286564,2.1090535987509367
C1162,Individual,Charles,Nelson,1962-01-25,M,Usa,California,Investment,2,No,Website,63.9,0,4,1116223.63,279055.9075,446838.6,3490.7200000000003,2024-02-01,2025-04-01,4,0,4,1,425,0.0,1,1,2,Personal-Use Buyers,-0.7454670696773713,-1.174951500414134
C1163,Individual,Noah,Morales,1998-10-26,M,Usa,California,Home,3,Yes,Website,27.2,1,4,1202709.18,300677.295,498755.52,4239.35,2024-03-01,2025-07-01,2,2,4,1,487,0.5,1,2,0,First-Time Buyers,-0.1591363892150826,0.39334798726574294
C1164,Individual,Emma,Watson,1968-04-11,F,Belgium,Wallonia,Home,3,Yes,Agency,57.7,1,4,1315287.03,328821.7575,411818.69,4678.46,2024-07-01,2025-12-01,2,2,4,1,518,0.5,1,2,0,First-Time Buyers,0.44846789149539806,0.21101834467081795
C1165,Individual,Victoria,Alexander,1994-09-26,F,Russia,Moscow Oblast,Home,1,No,Website,31.3,0,3,970705.3999999999,323568.4666666666,509155.44,3239.7799999999997,2025-03-01,2025-12-01,3,0,3,1,275,0.0,1,1,2,Personal-Use Buyers,-1.5725958345095727,0.624212820726508
C1166,Individual,Scott,Hall,1991-11-15,M,Usa,New York,Investment,1,No,Website,34.1,0,4,1163601.79,290900.4475,408434.17,3757.95,2024-02-01,2024-11-01,4,0,4,1,274,0.0,1,1,1,Personal-Use Buyers,-0.5983712725602043,-0.37631358769636375
C1167,Individual,Kevin,Alexander,1967-12-20,M,Uk,Scotland,Home,3,No,Website,58.0,0,3,1163104.83,387701.61000000004,662126.19,3581.32,2024-01-01,2025-08-01,2,1,3,1,578,0.333,1,1,2,Personal-Use Buyers,-0.5903457695414536,1.0110528616095722
C1168,Individual,Brittany,Reyes,1998-12-25,F,Germany,Hamburg,Home,2,Yes,Agency,27.0,1,4,1081069.19,270267.2975,382048.18,3604.98,2024-01-01,2024-12-01,4,0,4,1,335,0.0,1,2,0,First-Time Buyers,-0.9462481847490928,-0.4774314870556779
C1169,Individual,Noah,Bryant,1994-01-05,M,Russia,Saint Petersburg,Home,5,Yes,Agency,32.0,1,4,900300.22,225075.055,269707.97,3330.46,2024-02-01,2025-02-01,3,1,4,1,366,0.25,1,2,0,First-Time Buyers,-1.4764630625550441,-1.1631975416714726
C1170,Individual,Amanda,Collins,1990-02-09,F,Usa,Nevada,Home,1,Yes,Website,35.9,1,4,1165955.62,291488.905,366328.69,4039.73,2024-03-01,2024-12-01,3,1,4,1,275,0.25,1,2,0,First-Time Buyers,-0.4230477555521012,0.10450992003269326
C1171,Individual,Anna,Patterson,1984-08-21,F,Usa,California,Investment,4,Yes,Website,41.4,1,4,1561809.25,390452.3125,527403.68,5107.95,2024-04-01,2025-11-01,4,0,4,1,579,0.0,1,0,0,Global Investors,1.3706850577789578,0.1699142519569635
C1172,Individual,Victoria,Freeman,1942-11-05,F,Usa,Nevada,Home,5,No,Website,83.2,0,4,1240274.79,310068.6975,454693.74,3961.79,2024-01-01,2025-05-01,3,1,4,1,486,0.25,1,1,2,Personal-Use Buyers,0.04493663096376437,-1.3000209622968815
C1173,Individual,Cheryl,Price,1984-11-02,F,Canada,Manitoba,Investment,1,No,Website,41.2,0,4,1261072.17,315268.0425,468922.65,4059.93,2024-07-01,2025-08-01,4,0,4,1,396,0.0,1,1,1,Personal-Use Buyers,-0.15545202576428194,-0.22311893363786775
C1174,Individual,Kenneth,White,1982-07-06,M,Usa,Nevada,Home,2,No,Agency,43.5,0,4,1414798.99,353699.7475,446099.24,4979.219999999999,2025-02-01,2025-10-01,3,1,4,1,242,0.25,1,0,1,Global Investors,0.8205592244335641,0.36518929658807114
C1175,Individual,Evelyn,Long,1959-09-27,F,Usa,California,Home,2,No,Website,66.3,0,4,1766232.62,441558.155,675388.05,5797.51,2024-02-01,2025-10-01,4,0,4,1,608,0.0,1,0,1,Global Investors,2.347333324975121,0.4992974065332422
C1176,Individual,Lauren,Baker,1975-06-03,F,Usa,California,Investment,4,Yes,Agency,50.6,1,3,1003328.89,334442.9633333333,441387.41,3511.06,2024-01-01,2024-10-01,1,2,3,1,274,0.667,1,2,0,First-Time Buyers,-1.1576545740571005,1.0571183726950115
C1177,Individual,Larry,Sanders,1998-09-05,M,Usa,California,Investment,2,No,Agency,27.3,0,4,1047224.2699999999,261806.06749999998,321100.73,3264.6400000000003,2024-02-01,2024-08-01,2,2,4,1,182,0.5,1,1,2,Personal-Use Buyers,-1.1795240697548186,0.0495682188266459
C1178,Individual,Jessica,Richardson,1950-07-16,F,Usa,California,Home,1,No,Agency,75.5,0,3,744651.07,248217.02333333332,390678.42,2404.38,2024-05-01,2025-01-01,3,0,3,1,245,0.0,1,1,2,Personal-Use Buyers,-2.6231773251261883,-0.8996313541145362
C1179,Individual,Melissa,Anderson,1991-02-09,F,Usa,California,Home,4,No,Agency,34.9,0,3,848152.02,282717.34,361461.89,3137.6000000000004,2024-08-01,2024-11-01,3,0,3,1,92,0.0,1,1,2,Personal-Use Buyers,-1.928240682187944,-0.3572482418015615
C1180,Individual,Deborah,Miller,1995-07-11,F,Belgium,Brussels,Home,2,Yes,Website,30.5,1,4,1111089.24,277772.31,413510.38,4202.29,2024-11-01,2025-12-01,3,1,4,1,395,0.25,1,2,0,First-Time Buyers,-0.4936159840222299,-0.10379747797423262
C1181,Individual,Judith,Hansen,1956-03-23,F,Usa,Nevada,Investment,5,No,Website,69.8,0,3,743723.3099999999,247907.77,352725.16,2817.99,2025-02-01,2025-06-01,3,0,3,1,120,0.0,1,1,2,Personal-Use Buyers,-2.2753055872354775,-1.5012850432193727
C1182,Individual,Christopher,Murray,1961-03-11,M,Germany,Bavaria,Investment,3,Yes,Website,64.8,1,4,1522183.38,380545.845,539392.07,5076.26,2024-02-01,2025-07-01,4,0,4,1,516,0.0,1,0,0,Global Investors,1.262452992789215,-0.14429861973286437
C1183,Individual,Carl,Rogers,1993-11-14,M,Usa,Arizona,Investment,1,No,Website,32.1,0,4,1364593.88,341148.47,546764.12,4353.53,2024-06-01,2025-11-01,4,0,4,1,518,0.0,1,1,1,Personal-Use Buyers,0.28489871128066113,0.1877356275361726
C1184,Individual,David,Nelson,1953-04-14,M,France,Ile-De-France,Home,2,No,Website,72.7,0,3,500255.63,166751.87666666668,202634.18,1872.71,2024-03-01,2025-08-01,2,1,3,1,518,0.333,1,1,2,Personal-Use Buyers,-3.6464480734204594,-1.3656467690055767
C1185,Individual,Ronald,Peterson,2000-06-27,M,Usa,California,Home,3,No,Website,25.5,0,4,1218570.99,304642.7475,388613.55,4119.65,2024-07-01,2025-06-01,4,0,4,1,335,0.0,1,1,1,Personal-Use Buyers,-0.19989699896856383,-0.423517266669843
C1186,Individual,Victoria,Bennett,1978-06-27,F,Usa,Nevada,Home,3,Yes,Website,47.5,1,3,1141153.96,380384.6533333333,585004.16,3665.0299999999997,2024-03-01,2025-01-01,2,1,3,1,306,0.333,1,2,0,First-Time Buyers,-0.647458270131032,1.2186691001398875
C1187,Individual,Melissa,Pierce,1962-03-18,F,Usa,Nevada,Home,4,No,Website,63.8,0,3,1097539.23,365846.41,564972.81,3277.52,2024-03-01,2025-03-01,3,0,3,1,365,0.0,1,1,2,Personal-Use Buyers,-0.9163844514981303,-0.010186546185809182
C1188,Individual,Matthew,White,1995-11-01,M,Canada,Alberta,Home,1,No,Client,30.2,0,4,1437535.25,359383.8125,581530.71,4761.63,2024-02-01,2025-11-01,2,2,4,1,639,0.5,1,0,1,Global Investors,0.7013627102184165,1.198441723465553
C1189,Individual,Peter,Alexander,1963-01-22,M,Usa,Florida,Home,2,Yes,Client,62.9,1,4,1180295.09,295073.7725,382331.32,3956.87,2024-01-01,2025-04-01,2,2,4,1,456,0.5,1,2,0,First-Time Buyers,-0.3112733333269132,-0.09449796904643137
C1190,Individual,Sandra,Baker,1946-08-04,F,Usa,Texas,Home,4,No,Client,79.4,0,4,1358669.02,339667.255,495056.58,4462.44,2024-04-01,2025-09-01,4,0,4,1,518,0.0,1,0,2,Global Investors,0.5677700053072546,-1.1271314962266985
C1191,Individual,Mary,Cox,1950-04-17,F,Usa,California,Investment,3,No,Website,75.7,0,3,1095538.81,365179.60333333333,409260.76,4071.58,2024-04-01,2025-09-01,2,1,3,1,518,0.333,1,1,2,Personal-Use Buyers,-0.5007454613423795,0.46359382503590346
C1192,Individual,Adam,Jones,2000-01-05,M,Usa,Florida,Home,5,No,Website,26.0,0,4,1111237.94,277809.485,462493.65,3764.54,2024-06-01,2025-11-01,2,2,4,1,518,0.5,1,1,2,Personal-Use Buyers,-0.5976936708162012,-0.28991612430032654
C1193,Individual,Amy,Owens,1975-04-20,F,Uk,England,Home,1,No,Website,50.7,0,4,946796.24,236699.06,360341.5,2865.81,2024-02-01,2025-02-01,2,2,4,1,366,0.5,1,1,2,Personal-Use Buyers,-1.609951961204802,-0.4507371595329512
C1194,Individual,Melissa,Brooks,1943-06-17,F,Usa,Colorado,Home,1,No,Website,82.5,0,3,1084957.53,361652.51,431485.71,3791.59,2024-11-01,2025-12-01,2,1,3,1,395,0.333,1,1,2,Personal-Use Buyers,-0.7169659855011786,0.645935580989767
C1195,Individual,Anna,Pierce,1990-06-07,F,Usa,California,Home,4,Yes,Agency,35.6,1,4,1118238.91,279559.7275,475030.73,3643.7,2024-07-01,2025-07-01,3,1,4,1,365,0.25,1,2,0,First-Time Buyers,-0.6928723193017619,-0.49863922782696807
C1196,Individual,William,Freeman,1955-09-03,M,Usa,Nevada,Home,2,No,Agency,70.3,0,4,1731153.76,432788.44,588124.15,5425.28,2024-03-01,2025-11-01,4,0,4,1,610,0.0,1,0,1,Global Investors,2.037290229737679,0.36226367721343483
C1197,Individual,Deborah,Roberts,1959-04-10,F,Usa,Arizona,Home,4,No,Website,66.7,0,3,1439595.57,479865.19,584272.04,4414.34,2024-08-01,2024-09-01,3,0,3,1,31,0.0,1,0,1,Global Investors,0.8068520876912004,1.126315776971991
C1198,Individual,Lisa,Young,1960-01-21,F,Usa,New York,Home,1,No,Agency,65.9,0,3,1415391.5899999999,471797.1966666666,674268.09,4479.73,2024-04-01,2025-04-01,2,1,3,1,365,0.333,1,0,1,Global Investors,0.6454211297959259,2.0947463909865656
C1199,Individual,Justin,Campbell,1943-03-03,M,Usa,Colorado,Home,2,No,Website,82.8,0,4,1013002.89,253250.7225,367400.47,3641.17,2024-06-01,2025-04-01,3,1,4,1,304,0.25,1,1,2,Personal-Use Buyers,-0.8818416453888805,-1.3853221047424433
C1200,Individual,Henry,Taylor,1969-11-03,M,Usa,Utah,Home,4,No,Agency,56.2,0,4,1789601.3299999998,447400.33249999996,635580.39,5691.97,2024-02-01,2025-10-01,3,1,4,1,608,0.25,1,0,1,Global Investors,2.381597806857051,0.7997553030538566
C1201,Individual,Timothy,Stewart,2000-03-22,M,Usa,Oregon,Investment,1,Yes,Website,25.8,1,4,1063833.91,265958.4775,353358.62,3585.01,2024-02-01,2025-09-01,4,0,4,1,578,0.0,1,2,0,First-Time Buyers,-1.0098820968960454,-0.37420293056020254
C1202,Company,Telnox,Co,1985-05-09,M,Canada,Quebec,Investment,5,Yes,Website,40.6,1,4,1527115.1600000001,381778.79000000004,581236.54,5055.1,2024-07-01,2025-08-01,4,0,4,1,396,0.0,1,0,0,Global Investors,1.2570744619765382,-0.05204821205301795
C1203,Individual,Ashley,Green,1962-01-18,F,Usa,Arizona,Home,2,Yes,Website,64.0,1,3,1083378.55,361126.18333333335,437211.33,3988.71,2024-04-01,2024-10-01,2,1,3,1,183,0.333,1,2,0,First-Time Buyers,-0.6514964834010489,0.9102785825689689
C1204,Individual,William,Reed,1992-04-03,M,Mexico,Puebla,Investment,2,Yes,Website,33.7,1,3,1231356.24,410452.08,603910.96,3840.84,2024-08-01,2025-03-01,3,0,3,1,212,0.0,1,2,0,First-Time Buyers,-0.3811699326816033,1.4401500866938022
C1205,Individual,Patrick,Pierce,1959-05-15,M,Belgium,Flanders,Home,4,No,Website,66.6,0,3,968123.38,322707.79333333333,498260.56,3230.07,2024-03-01,2025-12-01,3,0,3,1,640,0.0,1,1,2,Personal-Use Buyers,-1.3710881332255165,-0.49230084750589104
C1206,Individual,Melissa,Baker,1957-12-09,F,Usa,California,Investment,5,No,Website,68.1,0,3,941726.19,313908.73,396440.12,3421.2,2024-05-01,2025-10-01,3,0,3,1,518,0.0,1,1,2,Personal-Use Buyers,-1.316927772025685,-0.786493292844359
C1207,Individual,Lauren,Price,1973-10-24,F,Usa,Texas,Home,5,Yes,Agency,52.2,1,4,1084392.98,271098.245,328706.37,4040.38,2024-02-01,2025-09-01,3,1,4,1,578,0.25,1,2,0,First-Time Buyers,-0.49815152981954375,-1.0349388411048155
C1208,Individual,Noah,Ward,1977-11-27,M,Usa,Colorado,Home,1,No,Website,48.1,0,3,1277019.82,425673.2733333334,561711.27,4431.09,2024-10-01,2025-07-01,2,1,3,1,273,0.333,1,0,2,Global Investors,0.1373635535510212,1.8939807008283873
C1209,Individual,Tiffany,Kim,1978-07-01,F,Usa,California,Home,4,Yes,Website,47.5,1,4,1201633.01,300408.2525,401888.63,4493.27,2024-10-01,2025-09-01,4,0,4,1,335,0.0,1,2,0,First-Time Buyers,0.041408122549243,-0.8828490823846161
C1210,Individual,Dennis,Cox,1991-06-04,M,Usa,California,Investment,1,No,Website,34.6,0,4,1146800.83,286700.2075,409323.23,3589.88,2024-06-01,2025-03-01,3,1,4,1,273,0.25,1,1,1,Personal-Use Buyers,-0.7192878680024494,-0.048461307981960314
C1211,Individual,Kathleen,Owens,1996-07-10,F,Canada,British Columbia,Home,5,Yes,Website,29.5,1,4,1447927.02,361981.755,457810.49,4668.42,2024-03-01,2025-10-01,4,0,4,1,579,0.0,1,2,0,First-Time Buyers,0.803316100114951,-0.0836220146390912
C1212,Individual,Lawrence,Gray,1957-07-11,M,Usa,California,Home,1,No,Agency,68.5,0,4,1052290.76,263072.69,396779.8,3616.0400000000004,2024-06-01,2024-12-01,4,0,4,1,183,0.0,1,1,2,Personal-Use Buyers,-0.9022765797761962,-1.2284418709976308
C1213,Individual,Ruth,Martin,1993-08-06,F,Canada,Manitoba,Home,5,No,Website,32.4,0,3,829461.56,276487.1866666667,351625.35,2699.97,2024-03-01,2025-08-01,3,0,3,1,518,0.0,1,1,2,Personal-Use Buyers,-2.1799153615159073,-0.5585557724957005
C1214,Individual,Jennifer,Peterson,2000-08-10,F,Usa,Florida,Home,1,No,Agency,25.4,0,4,1725018.4100000001,431254.60250000004,563581.06,5784.45,2024-07-01,2025-11-01,4,0,4,1,488,0.0,1,0,1,Global Investors,2.029779570870455,1.2766378992025949
C1215,Individual,Charles,Patterson,1994-07-24,M,Usa,California,Home,3,No,Website,31.4,0,3,1140423.3800000001,380141.1266666667,664530.42,3313.53,2024-08-01,2024-12-01,1,2,3,1,122,0.667,1,1,2,Personal-Use Buyers,-0.8580695660200591,1.872082487362344
C1216,Individual,Martha,Jordan,1997-07-10,F,France,Normandy,Home,4,No,Website,28.5,0,3,1191384.37,397128.12333333335,551096.05,4394.54,2024-02-01,2025-12-01,3,0,3,1,669,0.0,1,0,2,Global Investors,-0.15536174501584,0.934338811061715
C1217,Individual,William,Carter,1997-01-05,M,Usa,California,Investment,4,Yes,Website,29.0,1,3,1007204.78,335734.9266666667,461132.81,3559.31,2024-11-01,2025-09-01,3,0,3,1,304,0.0,1,2,0,First-Time Buyers,-1.1952181381168119,0.3946540341334481
C1218,Individual,Teresa,Smith,1941-12-28,F,Usa,California,Home,1,Yes,Website,84.0,1,4,1308613.5699999998,327153.39249999996,449085.55,4486.1,2024-04-01,2025-09-01,4,0,4,1,518,0.0,1,2,0,First-Time Buyers,0.3594150605136805,-0.7145492935485058
C1219,Individual,Danielle,Howard,1983-12-06,F,Usa,Arizona,Home,1,Yes,Website,42.1,1,3,867409.27,289136.42333333334,430666.39,3223.87,2024-05-01,2025-05-01,3,0,3,1,365,0.0,1,2,0,First-Time Buyers,-1.879218212636566,0.19293790116617418
C1220,Individual,Christina,Martin,1967-09-08,F,Usa,Colorado,Investment,4,Yes,Website,58.3,1,4,1471199.75,367799.9375,508492.43,5016.18,2024-01-01,2025-09-01,3,1,4,1,609,0.25,1,0,0,Global Investors,1.127980361064265,0.026950839941241183
C1221,Individual,Cynthia,Thomas,1984-05-23,F,Usa,Nevada,Investment,2,No,Agency,41.6,0,3,1354868.93,451622.9766666666,506860.65,4695.97,2024-05-01,2025-07-01,3,0,3,1,426,0.0,1,0,1,Global Investors,0.4877060944780513,1.6238162254838147
C1222,Individual,Christopher,Taylor,1969-01-07,M,Usa,Utah,Home,4,No,Website,57.0,0,3,1319349.8599999999,439783.2866666666,626423.06,4087.15,2024-01-01,2024-10-01,3,0,3,1,274,0.0,1,0,1,Global Investors,0.2112195907159909,0.874109880744446
C1223,Individual,Sharon,Stone,1952-09-17,F,Usa,Washington,Home,4,No,Website,73.3,0,3,1072582.78,357527.5933333333,403699.08,4109.1900000000005,2024-10-01,2025-05-01,3,0,3,1,212,0.0,1,1,2,Personal-Use Buyers,-0.5369034955234345,-0.25283369285156004
C1224,Individual,Paul,Carter,1942-06-13,M,Usa,New York,Investment,5,Yes,Client,83.6,1,3,827238.27,275746.09,432388.36,2892.7999999999997,2024-01-01,2024-04-01,3,0,3,1,91,0.0,1,2,0,First-Time Buyers,-1.9451869018081114,-1.3141295569090268
C1225,Individual,Larry,James,1990-11-10,M,Usa,Oregon,Home,2,No,Website,35.1,0,3,1122587.7,374195.89999999997,606790.94,3505.01,2025-02-01,2025-09-01,2,1,3,1,212,0.333,1,1,2,Personal-Use Buyers,-0.8575546880225494,1.4081193179021332
C1226,Individual,Michael,Sanders,1989-05-01,M,Usa,Utah,Home,4,No,Website,36.7,0,3,972596.1300000001,324198.71,413286.53,3248.69,2024-07-01,2024-10-01,3,0,3,1,92,0.0,1,1,2,Personal-Use Buyers,-1.4276566709531293,0.017483922190294637
C1227,Individual,Alexander,Reyes,1987-03-13,M,Usa,Colorado,Home,3,Yes,Agency,38.8,1,4,2151534.73,537883.6825,627385.67,6705.53,2024-07-01,2024-12-01,4,0,4,1,153,0.0,1,0,1,Global Investors,3.8431387248835556,1.9602044006375074
C1228,Individual,Joseph,Howard,1954-07-07,M,Usa,California,Home,2,No,Website,71.5,0,3,1058718.77,352906.25666666665,508674.8,3373.5,2024-06-01,2025-02-01,3,0,3,1,245,0.0,1,1,2,Personal-Use Buyers,-1.0382895457516357,0.06315324863390025
C1229,Individual,Madison,Reyes,1994-11-02,F,Uk,Scotland,Home,1,Yes,Website,31.2,1,3,1185126.78,395042.26,556269.12,3910.42,2024-04-01,2024-07-01,3,0,3,1,91,0.0,1,2,0,First-Time Buyers,-0.5253527503255394,1.4958063167315478
C1230,Individual,Lawrence,Parker,1985-02-18,M,Usa,California,Home,5,No,Client,40.9,0,3,759973.15,253324.38333333333,341233.68,2404.38,2024-03-01,2025-10-01,1,2,3,1,579,0.667,1,1,2,Personal-Use Buyers,-2.501194662934957,0.06549380483240978
C1231,Individual,Betty,Carter,1954-12-09,F,Usa,California,Home,2,No,Agency,71.1,0,3,859705.1699999999,286568.38999999996,372010.36,2768.0,2024-07-01,2025-08-01,1,2,3,1,396,0.667,1,1,2,Personal-Use Buyers,-2.000747237397532,0.4221452380420349
C1232,Individual,Mary,Jackson,1989-09-23,F,Canada,British Columbia,Home,3,No,Website,36.3,0,4,1527373.03,381843.2575,516863.32,4695.25,2024-10-01,2025-09-01,4,0,4,1,335,0.0,1,0,1,Global Investors,1.007137293895051,0.2227077557033026
C1233,Individual,Brian,Scott,1979-08-05,M,Usa,Utah,Home,4,No,Website,46.4,0,3,936287.8,312095.93333333335,421407.86,3236.3599999999997,2024-02-01,2025-09-01,3,0,3,1,578,0.0,1,1,2,Personal-Use Buyers,-1.5227345241011236,-0.2720152269011817
C1234,Individual,Karen,King,1957-01-20,F,Usa,Colorado,Investment,1,No,Website,68.9,0,4,1463190.28,365797.57,539693.29,5112.18,2024-01-01,2025-12-01,4,0,4,1,700,0.0,1,0,2,Global Investors,1.0796165812315663,-0.1727594663570687
C1235,Individual,Michael,Morales,1957-05-27,M,Usa,Arizona,Home,2,No,Website,68.6,0,4,1271344.1099999999,317836.02749999997,611112.1,4101.29,2024-01-01,2025-02-01,3,1,4,1,397,0.25,1,1,2,Personal-Use Buyers,0.05825229328657113,-0.4650273224294719
C1236,Individual,Brandon,Cook,1972-08-24,M,Usa,Arizona,Home,4,Yes,Website,53.4,1,4,1747766.02,436941.505,560683.85,5661.93,2024-04-01,2024-09-01,4,0,4,1,153,0.0,1,0,1,Global Investors,2.243959678923399,0.4556079090765522
C1237,Individual,Helen,Cook,1943-09-25,F,Uk,Wales,Investment,4,Yes,Website,82.3,1,3,688233.74,229411.24666666667,340807.81,2326.7,2024-09-01,2025-05-01,2,1,3,1,242,0.333,1,2,2,First-Time Buyers,-2.7091774290040544,-1.0872748360618272
C1238,Individual,Joshua,Bennett,1946-04-22,M,Usa,Nevada,Home,1,Yes,Agency,79.7,1,4,1648873.57,412218.3925,524988.7,5374.63,2024-07-01,2025-06-01,4,0,4,1,335,0.0,1,0,0,Global Investors,1.7614620295159986,0.2797793748664238
C1239,Individual,Catherine,Adams,1953-02-07,F,Usa,Oregon,Home,3,No,Agency,72.9,0,4,1457041.08,364260.27,555539.4,4456.85,2024-01-01,2025-09-01,4,0,4,1,609,0.0,1,0,1,Global Investors,0.7854778934948337,-0.5741704133872557
C1240,Individual,Gloria,Wright,1984-11-12,F,Usa,Nevada,Investment,4,Yes,Website,41.1,1,3,1018594.4400000001,339531.48000000004,534650.14,3313.53,2024-04-01,2025-02-01,2,1,3,1,306,0.333,1,2,0,First-Time Buyers,-1.2294284605712722,0.7356603091623314
C1241,Individual,Danielle,Martin,1973-08-19,F,Usa,California,Home,1,No,Agency,52.4,0,4,1157084.5899999999,289271.14749999996,410171.8,3795.34,2024-04-01,2024-11-01,4,0,4,1,214,0.0,1,1,2,Personal-Use Buyers,-0.5574256834457094,-0.6801324066367629
C1242,Individual,Gerald,Collins,1961-09-22,M,Usa,California,Home,3,Yes,Website,64.3,1,3,1055842.78,351947.5933333333,424910.39,3415.27,2024-03-01,2024-12-01,3,0,3,1,275,0.0,1,2,0,First-Time Buyers,-1.0219665143708727,0.13093839254795592
C1243,Individual,Jeffrey,Edwards,1948-10-04,M,Usa,Colorado,Home,1,No,Website,77.2,0,4,1419502.04,354875.51,541890.18,4986.47,2024-06-01,2025-06-01,4,0,4,1,365,0.0,1,0,2,Global Investors,0.9252002802979746,-0.4302021596796154
C1244,Individual,Joseph,Phillips,1992-06-10,M,Usa,Utah,Investment,5,Yes,Website,33.6,1,3,1438309.93,479436.6433333333,598240.7,4539.51,2024-03-01,2025-03-01,1,2,3,1,365,0.667,1,0,0,Global Investors,0.8143455480328448,2.657316849931243
C1245,Individual,Edward,Reyes,1963-02-10,M,Usa,California,Home,3,Yes,Agency,62.9,1,3,1422519.51,474173.17,500160.52,4588.39,2024-01-01,2025-10-01,3,0,3,1,639,0.0,1,0,0,Global Investors,0.7591984518103946,1.449920633297846
C1246,Individual,Joyce,Jackson,1943-05-10,F,Canada,Alberta,Home,2,No,Agency,82.6,0,3,859984.47,286661.49,360318.53,2942.6099999999997,2024-04-01,2025-03-01,2,1,3,1,334,0.333,1,1,2,Personal-Use Buyers,-1.9083210211879666,-0.26380780519531627
C1247,Individual,Judy,Moore,1957-04-09,F,Usa,Nevada,Investment,2,No,Website,68.7,0,4,1774416.3199999998,443604.07999999996,544990.2,5958.92,2024-01-01,2025-04-01,4,0,4,1,456,0.0,1,0,1,Global Investors,2.4515292222781095,0.48266993933671437
C1248,Individual,Sara,Scott,1976-07-04,F,Usa,Arizona,Home,3,No,Agency,49.5,0,3,786895.89,262298.63,371938.81,2698.86,2024-08-01,2025-02-01,3,0,3,1,184,0.0,1,1,2,Personal-Use Buyers,-2.3452790392712126,-0.6493759401953029
C1249,Individual,Janet,James,1971-07-14,F,Usa,California,Investment,1,No,Website,54.5,0,4,1289938.6400000001,322484.66000000003,465116.85,4584.0599999999995,2024-08-01,2025-10-01,2,2,4,1,426,0.5,1,1,2,Personal-Use Buyers,0.2861096824434183,0.37639660414927767
C1250,Individual,Jordan,Stewart,1950-04-19,M,Usa,Nevada,Home,5,No,Agency,75.7,0,3,1582661.61,527553.87,554882.17,5023.62,2024-05-01,2025-01-01,2,1,3,1,245,0.333,1,0,1,Global Investors,1.6452405683391154,1.8343714478771875
C1251,Individual,Aaron,Thompson,1975-11-01,M,Usa,Texas,Investment,5,No,Website,50.2,0,4,1246714.37,311678.5925,448815.67,3868.0,2024-07-01,2025-07-01,2,2,4,1,365,0.5,1,1,2,Personal-Use Buyers,-0.08695877799107415,-0.34202284664199195
C1252,Individual,Margaret,Cook,1962-02-27,F,Usa,Arizona,Home,3,Yes,Website,63.8,1,3,1137673.55,379224.51666666666,513716.25,3665.0299999999997,2024-10-01,2025-10-01,3,0,3,1,365,0.0,1,2,0,First-Time Buyers,-0.6250059753954097,0.4229211061137002
C1253,Individual,Jason,Flores,1991-09-24,M,Usa,California,Home,2,No,Agency,34.3,0,3,767162.2200000001,255720.74000000002,378213.4,2443.06,2024-05-01,2025-01-01,2,1,3,1,245,0.333,1,1,2,Personal-Use Buyers,-2.6074886323602424,0.21492283602145804
C1254,Individual,Ethan,Freeman,1956-04-04,M,Usa,California,Home,5,Yes,Agency,69.7,1,4,1604050.8800000001,401012.72000000003,471923.26,5119.6,2024-07-01,2025-04-01,4,0,4,1,274,0.0,1,0,0,Global Investors,1.6049501634734848,-0.3439848921982485
C1255,Individual,Mark,Patterson,1999-09-15,M,Usa,California,Home,3,No,Agency,26.3,0,4,1105130.19,276282.5475,469476.95,3768.14,2024-03-01,2025-05-01,3,1,4,1,426,0.25,1,1,2,Personal-Use Buyers,-0.722431813931277,-0.3305573130289204
C1256,Company,Triton,Co,1972-02-18,F,Usa,California,Investment,4,No,Agency,53.9,0,3,1227293.02,409097.67333333334,483098.81,4071.58,2025-04-01,2025-10-01,2,1,3,1,183,0.333,1,0,2,Global Investors,-0.13052573555575164,1.1512041214377924
C1257,Individual,Michael,Scott,1991-12-22,M,Usa,California,Home,5,Yes,Agency,34.0,1,3,850550.13,283516.71,426820.06,2680.13,2024-03-01,2025-09-01,3,0,3,1,549,0.0,1,2,0,First-Time Buyers,-2.133684153024688,-0.38047189080296634
C1258,Individual,Betty,Stone,1969-06-22,F,Usa,Nevada,Home,1,No,Website,56.5,0,4,1015636.19,253909.0475,364302.2,3285.42,2024-08-01,2025-04-01,3,1,4,1,243,0.25,1,1,2,Personal-Use Buyers,-1.176147162099752,-0.7664706847810278
C1259,Individual,William,Edwards,1971-02-19,M,Usa,California,Investment,3,Yes,Agency,54.9,1,4,1256766.51,314191.6275,464754.23,4016.63,2024-05-01,2025-12-01,3,1,4,1,579,0.25,1,2,0,First-Time Buyers,-0.08322649184239464,-0.2898709455414225
C1260,Individual,Elizabeth,Ward,1992-08-24,F,Usa,California,Home,2,No,Agency,33.4,0,4,1633449.34,408362.335,541416.84,5692.69,2024-08-01,2025-12-01,3,1,4,1,487,0.25,1,0,1,Global Investors,1.7904001854559184,1.1132736293066061
C1261,Individual,Patrick,Kim,1976-09-03,M,Usa,Utah,Home,3,No,Client,49.3,0,3,1491163.72,497054.5733333333,596435.43,4512.84,2025-02-01,2025-08-01,3,0,3,1,181,0.0,1,0,1,Global Investors,0.9187879034735076,1.7759626649008415
C1262,Individual,Dorothy,Evans,1950-11-10,F,Usa,California,Investment,4,No,Agency,75.1,0,3,961425.37,320475.12333333335,443089.55,3231.9700000000003,2024-01-01,2025-02-01,3,0,3,1,397,0.0,1,1,2,Personal-Use Buyers,-1.3906892785085285,-0.6448833718558521
C1263,Individual,Lawrence,Alexander,1951-11-17,M,Usa,California,Investment,3,No,Agency,74.1,0,4,1975384.2000000002,493846.05000000005,599817.91,6410.68,2024-01-01,2025-10-01,4,0,4,1,639,0.0,1,0,1,Global Investors,3.289486062205023,0.7766885043602914
C1264,Individual,Sarah,Garcia,1999-12-06,F,Usa,California,Investment,1,No,Agency,26.1,0,3,1287173.46,429057.82,564663.44,4356.79,2024-01-01,2024-10-01,2,1,3,1,274,0.333,1,0,1,Global Investors,0.023648542629235818,2.3273425246717316
C1265,Individual,Gary,White,1943-03-24,M,Usa,Washington,Home,1,Yes,Agency,82.8,1,3,1070432.96,356810.98666666663,421254.04,3977.13,2024-04-01,2025-08-01,3,0,3,1,487,0.0,1,2,0,First-Time Buyers,-0.7207183585910765,0.23263516953137622
C1266,Individual,Christopher,Hughes,1952-06-20,M,Uk,England,Home,2,No,Website,73.5,0,4,1204291.73,301072.9325,444502.63,4407.95,2024-04-01,2025-10-01,4,0,4,1,548,0.0,1,1,2,Personal-Use Buyers,0.013763966974739743,-1.084507459480602
C1267,Individual,Dorothy,Peterson,1965-04-07,F,Usa,Colorado,Home,3,Yes,Website,60.7,1,3,1399933.8800000001,466644.6266666667,555003.81,4588.39,2024-01-01,2024-12-01,3,0,3,1,335,0.0,1,0,0,Global Investors,0.7062471734931957,1.3846786722631947
C1268,Individual,Gloria,Green,1995-10-01,F,Uk,Northern Ireland,Investment,1,Yes,Website,30.3,1,3,968928.25,322976.0833333333,396573.07,3009.94,2024-01-01,2025-01-01,3,0,3,1,366,0.0,1,2,0,First-Time Buyers,-1.7167527424021294,0.7624629564899065
C1269,Individual,Jack,Bennett,1964-09-28,M,Usa,California,Home,5,No,Website,61.3,0,3,1046535.0,348845.0,535553.54,3507.1400000000003,2024-04-01,2025-11-01,3,0,3,1,579,0.0,1,1,2,Personal-Use Buyers,-0.9385755370526203,-0.31115759847768865
C1270,Individual,Cheryl,Ward,1978-10-18,F,Usa,Texas,Home,4,No,Agency,47.2,0,3,1310435.53,436811.8433333333,556733.5,4397.76,2024-05-01,2025-01-01,3,0,3,1,245,0.0,1,0,1,Global Investors,0.2838588913302918,1.0354329298276075
C1271,Individual,Noah,Anderson,1992-09-10,M,Usa,California,Home,2,Yes,Agency,33.3,1,4,1296911.85,324227.9625,477444.0,4162.07,2024-09-01,2025-06-01,3,1,4,1,273,0.25,1,2,0,First-Time Buyers,0.01647759867776003,0.34865009336873615
C1272,Individual,Ryan,Collins,1941-05-13,M,France,Occitanie,Home,1,Yes,Website,84.6,1,3,778830.7999999999,259610.26666666663,361880.91,2698.86,2024-06-01,2025-04-01,3,0,3,1,304,0.0,1,2,0,First-Time Buyers,-2.323803233818699,-0.8171508815877528
C1273,Individual,Gerald,Jordan,1968-05-13,M,Canada,Alberta,Home,5,No,Website,57.6,0,3,1462080.32,487360.1066666667,584971.87,4776.37,2024-02-01,2025-12-01,3,0,3,1,669,0.0,1,0,1,Global Investors,1.0562912901916093,1.207423141035146
C1274,Individual,Linda,Jones,1979-07-09,F,Usa,California,Investment,1,Yes,Website,46.5,1,3,1038831.8500000001,346277.2833333334,514067.14,3581.32,2024-01-01,2025-11-01,3,0,3,1,670,0.0,1,2,0,First-Time Buyers,-1.127200211089236,0.7132449673957587
C1275,Individual,Jessica,Roberts,1969-02-26,F,Usa,Georgia,Investment,1,No,Website,56.8,0,4,1737593.0,434398.25,567459.84,5251.29,2024-01-01,2025-10-01,3,1,4,1,639,0.25,1,0,1,Global Investors,1.9194314242857171,1.1337102969587949
C1276,Individual,Arthur,Griffin,1940-03-09,M,Australia,Victoria,Home,1,Yes,Agency,85.8,1,3,1635917.97,545305.99,569679.58,5264.81,2024-07-01,2025-03-01,1,2,3,1,243,0.667,1,0,0,Global Investors,1.8324540660835353,3.1715083541373663
C1277,Individual,Lauren,Griffin,1981-04-01,F,Usa,California,Investment,2,No,Agency,44.8,0,3,1270250.68,423416.8933333333,534790.76,3802.2200000000003,2024-12-01,2025-12-01,2,1,3,1,365,0.333,1,0,1,Global Investors,-0.22636872472852462,1.7810333653824277
C1278,Individual,Arthur,Griffin,1997-07-25,M,Usa,Utah,Home,4,No,Website,28.4,0,3,685587.81,228529.27000000002,366304.94,2373.1200000000003,2024-05-01,2025-05-01,3,0,3,1,365,0.0,1,1,2,Personal-Use Buyers,-2.8514879094802743,-0.8364043017622603
C1279,Individual,Peter,Martin,1943-10-12,M,Usa,California,Home,4,Yes,Website,82.2,1,3,1278123.59,426041.1966666667,498957.88,4099.6900000000005,2024-05-01,2025-07-01,3,0,3,1,426,0.0,1,2,0,First-Time Buyers,0.15450913848821873,0.42953937585780544
C1280,Individual,Jacob,Bennett,1953-09-19,M,Usa,Texas,Home,2,Yes,Website,72.3,1,3,1295836.68,431945.56,522661.73,4335.88,2024-07-01,2025-06-01,3,0,3,1,335,0.0,1,2,0,First-Time Buyers,0.23553576820315675,0.9965246130317579
C1281,Individual,Deborah,Edwards,1998-06-12,F,Canada,Manitoba,Investment,2,Yes,Website,27.6,1,3,889312.14,296437.38,372974.76,2699.97,2024-02-01,2025-10-01,3,0,3,1,608,0.0,1,2,0,First-Time Buyers,-2.119163165251273,0.36063682602089614
C1282,Individual,Ashley,Taylor,1996-05-18,F,Usa,Colorado,Investment,3,Yes,Agency,29.6,1,4,1302998.6,325749.65,387508.03,4621.88,2024-03-01,2025-09-01,4,0,4,1,549,0.0,1,2,0,First-Time Buyers,0.27113962772686456,-0.11847576339946177
C1283,Individual,Janice,Collins,1945-11-08,F,Usa,New York,Home,3,No,Agency,80.1,0,4,1479050.94,369762.735,705490.95,4742.36,2024-01-01,2025-05-01,2,2,4,1,486,0.5,1,0,2,Global Investors,1.0464041951244603,0.1256097442819916
C1284,Individual,Patrick,Bennett,1955-10-16,M,Usa,California,Home,2,No,Website,70.2,0,4,1443865.51,360966.3775,575967.88,4446.59,2024-08-01,2025-12-01,3,1,4,1,487,0.25,1,0,2,Global Investors,0.7408095783652013,-0.037870196527248226
C1285,Individual,Steven,Cox,1954-03-02,M,Usa,Utah,Home,4,Yes,Website,71.8,1,3,1609592.58,536530.86,634786.2,5041.58,2024-06-01,2025-11-01,2,1,3,1,518,0.333,1,0,0,Global Investors,1.7174045837637335,2.2614874769494664
C1286,Individual,Stephen,Evans,1963-07-10,M,Usa,California,Home,5,No,Agency,62.5,0,3,1203306.91,401102.3033333333,558250.19,3577.7799999999997,2024-05-01,2025-03-01,3,0,3,1,304,0.0,1,1,2,Personal-Use Buyers,-0.4110917824808347,0.23419528732402076
C1287,Individual,Diane,Hughes,1998-04-07,F,Usa,California,Investment,4,No,Website,27.7,0,3,843581.37,281193.79,473066.31,2704.88,2025-05-01,2025-10-01,1,2,3,1,153,0.667,1,1,2,Personal-Use Buyers,-2.1377517577618366,0.7409357861766893
C1288,Individual,Sean,Cooper,1941-01-20,M,Belgium,Wallonia,Home,3,No,Agency,84.9,0,3,971136.6900000001,323712.23000000004,408970.7,3466.39,2024-06-01,2025-12-01,3,0,3,1,548,0.0,1,1,2,Personal-Use Buyers,-1.2431968751736642,-0.597358245034573
C1289,Individual,Samuel,Freeman,1973-07-26,M,Mexico,Jalisco,Investment,1,Yes,Agency,52.4,1,4,1076161.8599999999,269040.46499999997,501437.39,3418.32,2024-05-01,2025-07-01,4,0,4,1,426,0.0,1,2,0,First-Time Buyers,-1.0200858011776033,-0.7550247855931281
C1290,Individual,Teresa,Long,1973-10-24,F,Usa,Washington,Home,3,Yes,Website,52.2,1,4,1332432.9100000001,333108.22750000004,498675.17,4780.75,2024-08-01,2025-12-01,4,0,4,1,487,0.0,1,2,0,First-Time Buyers,0.5490255296322658,-0.44934315003575037
C1291,Individual,Paul,Johnson,1983-11-09,M,Usa,California,Investment,5,Yes,Website,42.1,1,3,1123403.46,374467.82,493844.01,3721.8199999999997,2024-03-01,2025-04-01,3,0,3,1,396,0.0,1,2,0,First-Time Buyers,-0.6533588787627157,0.4059567338414228
C1292,Individual,Jordan,Evans,1977-05-22,M,Usa,Texas,Investment,5,Yes,Website,48.6,1,4,1099365.94,274841.485,398499.79,4001.66,2024-09-01,2025-08-01,3,1,4,1,334,0.25,1,2,0,First-Time Buyers,-0.46890110484642517,-0.9577965906067115
C1293,Individual,Anna,Wright,1972-08-01,F,Usa,California,Home,1,No,Agency,53.4,0,4,1853570.08,463392.52,545279.84,6208.6,2024-06-01,2025-04-01,3,1,4,1,304,0.25,1,0,1,Global Investors,2.7229035874877074,1.5232077560919255
C1294,Individual,Henry,Davis,1963-02-09,M,Canada,Ontario,Investment,3,Yes,Agency,62.9,1,3,1220533.28,406844.4266666667,466941.91,4114.84,2024-03-01,2024-08-01,3,0,3,1,153,0.0,1,2,0,First-Time Buyers,-0.1788965520093513,0.7687467727871488
C1295,Individual,Anna,Bryant,1992-04-21,F,Usa,California,Investment,1,Yes,Website,33.7,1,4,1478836.57,369709.1425,555296.53,4809.0599999999995,2024-02-01,2024-06-01,4,0,4,1,121,0.0,1,2,0,First-Time Buyers,0.8489382306506691,0.5867600253660157
C1296,Individual,Keith,Hughes,1963-06-02,M,Usa,Virginia,Home,1,No,Website,62.6,0,3,1025127.71,341709.23666666663,398516.06,3268.38,2024-03-01,2024-08-01,2,1,3,1,153,0.333,1,1,2,Personal-Use Buyers,-1.2479591129555834,0.7737777453169588
C1297,Company,Vertex,Co,1983-09-06,M,Germany,Berlin,Home,5,No,Website,42.3,0,3,1169866.19,389955.39666666667,475302.44,3802.2200000000003,2024-01-01,2025-11-01,2,1,3,1,670,0.333,1,1,2,Personal-Use Buyers,-0.43952008235287804,0.9707372864063682
C1298,Individual,Margaret,Taylor,1968-08-04,F,Usa,California,Home,2,No,Agency,57.4,0,4,1571360.11,392840.0275,531754.05,5107.29,2024-03-01,2025-10-01,4,0,4,1,579,0.0,1,0,1,Global Investors,1.3699533741127559,0.15991818073111705
C1299,Individual,Karen,James,1944-05-05,F,Usa,California,Investment,3,No,Website,81.7,0,3,1296600.42,432200.13999999996,592203.73,4320.58,2024-05-01,2024-07-01,3,0,3,1,61,0.0,1,0,2,Global Investors,0.2906273342205861,0.5489657691233895
C1300,Individual,Judith,Collins,1961-01-06,F,Usa,California,Home,2,No,Website,65.0,0,3,1428770.88,476256.95999999996,608055.99,4354.610000000001,2024-05-01,2025-05-01,1,2,3,1,365,0.667,1,0,1,Global Investors,0.7017735949273044,2.4716943642925973
C1301,Individual,Benjamin,Hayes,1955-12-17,M,Usa,Virginia,Home,2,No,Agency,70.0,0,3,742139.88,247379.96,361857.17,2555.6099999999997,2024-01-01,2024-08-01,2,1,3,1,213,0.333,1,1,2,Personal-Use Buyers,-2.5185073709253594,-0.47514928337315904
C1302,Individual,Jerry,Anderson,1996-04-19,M,Usa,Arizona,Investment,5,No,Website,29.7,0,4,1709532.6,427383.15,562560.39,5945.3099999999995,2024-06-01,2024-09-01,3,1,4,1,92,0.25,1,0,1,Global Investors,2.249675240340392,0.8482335368069684
C1303,Individual,Christian,Miller,1962-08-22,M,Usa,Arizona,Home,3,Yes,Website,63.4,1,3,979418.98,326472.99333333335,461029.16,3319.06,2024-08-01,2025-07-01,3,0,3,1,334,0.0,1,2,0,First-Time Buyers,-1.3259162145317043,-0.1179108441294285
C1304,Individual,Angela,Cook,1985-06-08,F,Usa,California,Investment,1,No,Website,40.6,0,3,965747.81,321915.9366666667,399943.02,3148.14,2024-01-01,2025-04-01,3,0,3,1,456,0.0,1,1,2,Personal-Use Buyers,-1.6034405742543656,0.4346811949607197
C1305,Individual,Catherine,Anderson,1978-09-17,F,Usa,Georgia,Home,4,No,Website,47.3,0,4,1034190.9,258547.725,354247.08,3412.28,2024-11-01,2025-10-01,4,0,4,1,334,0.0,1,1,2,Personal-Use Buyers,-0.9963788120248456,-1.4482971547054528
C1306,Individual,Kathleen,Morales,1948-03-18,F,Usa,Washington,Home,5,No,Website,77.8,0,3,967094.76,322364.92,448817.69,3272.3199999999997,2024-05-01,2025-05-01,2,1,3,1,365,0.333,1,1,2,Personal-Use Buyers,-1.2517332248846356,-0.3578613496244271
C1307,Individual,Rachel,Rogers,1993-02-14,F,Usa,Colorado,Home,5,No,Agency,32.9,0,3,920439.02,306813.00666666665,357710.2,3038.88,2024-08-01,2025-11-01,3,0,3,1,457,0.0,1,1,2,Personal-Use Buyers,-1.7139649825523913,-0.24311768072965342
C1308,Individual,Timothy,Sanders,2000-03-04,M,Usa,California,Investment,5,No,Agency,25.8,0,4,1363559.13,340889.7825,599958.23,4168.79,2024-10-01,2025-12-01,3,1,4,1,426,0.25,1,1,1,Personal-Use Buyers,0.2880322468349296,0.022363839925617645
C1309,Individual,David,Reyes,1999-12-06,M,Usa,California,Home,5,No,Website,26.1,0,3,1460171.4100000001,486723.8033333334,541188.53,5023.62,2024-05-01,2025-07-01,3,0,3,1,426,0.0,1,0,1,Global Investors,1.0964862405421887,1.7191421357149885
C1310,Individual,Ann,Roberts,1955-05-04,F,Usa,New York,Home,5,No,Agency,70.7,0,4,1244334.1400000001,311083.53500000003,411257.15,4308.78,2024-01-01,2024-12-01,4,0,4,1,335,0.0,1,1,2,Personal-Use Buyers,0.15571020804620767,-1.4326521670999026
C1311,Individual,Christopher,Ward,1940-08-14,M,Uk,England,Home,4,Yes,Client,85.4,1,3,1352275.6400000001,450758.5466666667,660723.3,3990.65,2024-01-01,2025-08-01,3,0,3,1,578,0.0,1,0,0,Global Investors,0.32017603892794516,0.657751200267788
C1312,Individual,Timothy,Stone,1942-09-03,M,Usa,New York,Home,5,No,Website,83.3,0,3,786877.06,262292.35333333333,375142.73,2404.38,2024-01-01,2025-05-01,3,0,3,1,486,0.0,1,1,2,Personal-Use Buyers,-2.294615784255113,-1.584802090795368
C1313,Individual,Heather,Reed,1972-03-17,F,Australia,Western Australia,Investment,3,No,Website,53.8,0,3,997579.61,332526.5366666667,408030.78,3415.27,2024-07-01,2025-09-01,3,0,3,1,427,0.0,1,1,2,Personal-Use Buyers,-1.2683819264441625,0.0008072175984873801
C1314,Individual,Rachel,Miller,1964-09-17,F,Usa,Arizona,Home,3,No,Website,61.3,0,3,803329.23,267776.41,446138.39,3111.33,2024-01-01,2024-12-01,3,0,3,1,335,0.0,1,1,2,Personal-Use Buyers,-2.0117392386827535,-0.8149272033612095
C1315,Individual,Joshua,Garcia,1948-12-24,M,Usa,Colorado,Home,3,No,Agency,77.0,0,3,1066308.48,355436.16,500985.77,3408.63,2024-04-01,2025-09-01,3,0,3,1,518,0.0,1,1,2,Personal-Use Buyers,-0.9717500706546021,-0.14755797441274965
C1316,Individual,Emma,King,1993-05-09,F,Usa,Colorado,Home,2,Yes,Website,32.6,1,4,1238162.97,309540.7425,476167.41,4211.33,2024-03-01,2025-12-01,4,0,4,1,640,0.0,1,2,0,First-Time Buyers,-0.11487871856074325,-0.19915522426098617
C1317,Company,Atlas,Co,1973-11-27,M,Usa,Utah,Home,2,Yes,Website,52.1,1,3,1315200.12,438400.04000000004,510290.62,4381.48,2024-08-01,2025-03-01,3,0,3,1,212,0.0,1,2,0,First-Time Buyers,0.259079413579782,1.4135981200540326
C1318,Individual,William,Montgomery,1943-01-18,M,Usa,Texas,Home,1,No,Website,83.0,0,4,1423923.98,355980.995,453584.44,4678.46,2024-02-01,2025-04-01,3,1,4,1,425,0.25,1,0,2,Global Investors,0.8097372695270175,-0.13712320841309564
C1319,Individual,Grace,James,1954-08-17,F,Usa,Florida,Home,3,Yes,Client,71.4,1,4,1424704.13,356176.0325,477046.12,4910.58,2024-05-01,2025-03-01,4,0,4,1,304,0.0,1,2,0,First-Time Buyers,0.9241582743923088,-0.5235216210321575
C1320,Individual,Peter,Reyes,1969-05-03,M,Usa,California,Investment,1,No,Website,56.7,0,3,1077693.04,359231.01333333337,429318.55,3387.5299999999997,2024-03-01,2024-11-01,3,0,3,1,245,0.0,1,1,2,Personal-Use Buyers,-1.0604144267646343,0.5494677406726033
C1321,Individual,Christopher,Reed,1990-09-11,M,Usa,Colorado,Investment,5,No,Client,35.3,0,3,787847.37,262615.79,334266.66,2561.44,2024-02-01,2024-07-01,3,0,3,1,151,0.0,1,1,2,Personal-Use Buyers,-2.3918668139813817,-0.7581993449615484
C1322,Individual,Barbara,Reyes,1994-12-26,F,Usa,California,Home,5,No,Agency,31.0,0,3,1094026.3399999999,364675.4466666666,461651.6,3765.36,2024-06-01,2025-04-01,3,0,3,1,304,0.0,1,1,2,Personal-Use Buyers,-0.7725141612926191,0.3914779602325464
C1323,Individual,Nicholas,Moore,1963-07-28,M,Usa,Utah,Home,3,No,Website,62.4,0,4,1180654.6,295163.65,496038.87,3901.69,2024-10-01,2025-10-01,4,0,4,1,365,0.0,1,1,2,Personal-Use Buyers,-0.3058800745523554,-1.148732425856991
C1324,Individual,Carl,Edwards,1992-04-21,M,Usa,Arizona,Investment,2,Yes,Agency,33.7,1,3,1323306.51,441102.17,487388.83,4414.860000000001,2024-06-01,2025-09-01,3,0,3,1,457,0.0,1,2,0,First-Time Buyers,0.2057941848551722,1.7714057839224442
C1325,Individual,George,Jones,1974-12-09,M,Canada,Alberta,Home,5,Yes,Agency,51.1,1,4,1380292.56,345073.14,448348.86,4392.67,2024-05-01,2025-06-01,4,0,4,1,396,0.0,1,2,0,First-Time Buyers,0.5049125083135818,-0.6034867803768562
C1326,Individual,Brandon,Mitchell,1944-05-22,M,Usa,Colorado,Investment,4,No,Website,81.6,0,4,1489578.01,372394.5025,578726.68,4956.58,2024-08-01,2025-02-01,3,1,4,1,184,0.25,1,0,2,Global Investors,1.231148515780045,-0.44373704690202187
C1327,Individual,Betty,Carter,1993-05-14,F,Usa,California,Home,4,Yes,Website,32.6,1,3,664017.81,221339.27000000002,294967.99,2326.7,2024-03-01,2025-06-01,3,0,3,1,457,0.0,1,2,0,First-Time Buyers,-2.9405532500600913,-0.8579839601401672
C1328,Individual,Sandra,Cooper,1956-07-23,F,Usa,Washington,Home,4,No,Website,69.4,0,4,1337283.29,334320.8225,477048.94,4695.25,2024-12-01,2025-12-01,4,0,4,1,365,0.0,1,0,2,Global Investors,0.6146206628769054,-1.0209270784447655
C1329,Individual,Scott,Parker,1968-04-28,M,Usa,California,Investment,3,Yes,Agency,57.7,1,3,1041797.56,347265.85333333333,457406.52,3381.45,2024-03-01,2024-12-01,3,0,3,1,275,0.0,1,2,0,First-Time Buyers,-1.1455441017625667,0.22034596289462918
C1330,Individual,Kelly,James,1975-05-02,F,Usa,Colorado,Investment,2,No,Agency,50.7,0,4,835096.87,208774.2175,237035.97,2798.18,2024-04-01,2025-01-01,3,1,4,1,275,0.25,1,1,2,Personal-Use Buyers,-1.9735669612093194,-1.2865330143045093
C1331,Individual,Christina,Bennett,1986-10-06,F,Usa,California,Investment,1,No,Agency,39.2,0,3,1047958.11,349319.37,512206.73,3339.87,2024-10-01,2025-11-01,0,3,3,1,396,1.0,1,1,2,Personal-Use Buyers,-1.2134909752611773,2.2924552316103584
C1332,Individual,Michael,Howard,1995-12-11,M,Usa,Washington,Investment,5,Yes,Agency,30.1,1,3,1227353.63,409117.87666666665,463019.11,4051.48,2024-02-01,2024-08-01,3,0,3,1,182,0.0,1,2,0,First-Time Buyers,-0.20682593414364647,0.9939002340164325
C1333,Individual,Jack,Hansen,1988-03-27,M,Usa,Nevada,Investment,2,Yes,Website,37.8,1,4,1364310.45,341077.6125,521531.29,4587.97,2024-04-01,2024-12-01,3,1,4,1,244,0.25,1,2,0,First-Time Buyers,0.4638194963624375,0.4285452633228104
C1334,Individual,Victoria,Nelson,1965-12-08,F,Usa,California,Home,5,Yes,Agency,60.1,1,4,1906641.78,476660.445,586460.03,6208.6,2024-04-01,2025-12-01,3,1,4,1,609,0.25,1,0,1,Global Investors,3.026908964991091,0.9989477649807544
C1335,Individual,Elizabeth,Hall,1982-05-01,F,Usa,Oregon,Investment,2,Yes,Website,43.7,1,3,1001510.5800000001,333836.86000000004,565457.28,3210.58,2024-04-01,2025-05-01,3,0,3,1,395,0.0,1,2,0,First-Time Buyers,-1.4168417923639773,0.46147863547783613
C1336,Individual,Joyce,Thompson,1948-12-09,F,Usa,California,Home,5,No,Client,77.1,0,4,1371591.4,342897.85,469331.42,4729.49,2024-06-01,2025-07-01,3,1,4,1,395,0.25,1,0,2,Global Investors,0.7838317369588771,-0.840246654119191
C1337,Individual,Jennifer,Johnson,1953-09-20,F,Usa,California,Investment,5,No,Website,72.3,0,4,1310989.71,327747.4275,472750.27,4295.62,2024-07-01,2025-02-01,3,1,4,1,215,0.25,1,1,2,Personal-Use Buyers,0.37718173567506735,-0.9266172293069058
C1338,Individual,Christine,James,1968-12-01,F,Usa,California,Home,2,Yes,Website,57.1,1,3,1096818.64,365606.2133333333,596755.57,3507.1400000000003,2024-03-01,2025-04-01,3,0,3,1,396,0.0,1,2,0,First-Time Buyers,-0.8966004979647783,0.5631684959868124
C1339,Company,Rexon,Co,1961-02-24,M,Usa,Nevada,Home,4,Yes,Website,64.8,1,4,1532340.63,383085.1575,480760.06,5355.6,2024-03-01,2025-08-01,3,1,4,1,518,0.25,1,0,0,Global Investors,1.5120910665414506,0.08539610173494226
C1340,Company,Forsyte,Co,1988-12-05,M,Usa,Colorado,Home,5,No,Website,37.1,0,4,1746049.93,436512.4825,528732.35,5685.860000000001,2024-06-01,2025-12-01,3,1,4,1,548,0.25,1,0,1,Global Investors,2.2547991744863314,0.8238021457396502
C1341,Individual,Julie,Cox,1952-09-23,F,Usa,Colorado,Home,5,Yes,Website,73.3,1,3,756694.8300000001,252231.61000000002,432814.05,2856.79,2024-02-01,2024-11-01,3,0,3,1,274,0.0,1,2,0,First-Time Buyers,-2.198067585433913,-1.393154485569843
C1342,Individual,Maria,Griffin,1964-02-21,F,Usa,California,Home,1,Yes,Agency,61.9,1,3,922722.19,307574.0633333333,392025.92,3009.94,2024-03-01,2025-01-01,3,0,3,1,306,0.0,1,2,0,First-Time Buyers,-1.7740627995952996,0.0720271033348137
C1343,Individual,Megan,Turner,1995-03-13,F,Canada,Ontario,Home,5,No,Agency,30.8,0,3,1005148.6399999999,335049.54666666663,503297.17,3484.63,2024-06-01,2025-10-01,3,0,3,1,487,0.0,1,1,2,Personal-Use Buyers,-1.2286667398248914,0.10308523982216754
C1344,Individual,Carl,Phillips,1974-05-24,M,Usa,Florida,Home,1,No,Agency,51.6,0,4,1319490.92,329872.73,531318.81,4557.87,2024-06-01,2025-10-01,4,0,4,1,487,0.0,1,1,1,Personal-Use Buyers,0.3047923750124421,-0.23674444119147656
C1345,Individual,Mary,Parker,1956-04-25,F,Usa,Texas,Home,5,No,Website,69.7,0,3,942467.41,314155.80333333334,476279.51,3147.92,2024-01-01,2025-09-01,2,1,3,1,609,0.333,1,1,2,Personal-Use Buyers,-1.422819612552438,-0.30631935946192934
C1346,Company,Triton,Co,1987-03-18,F,Usa,Colorado,Investment,4,No,Agency,38.8,0,3,1037623.3900000001,345874.4633333334,402065.13,3265.76,2024-01-01,2024-04-01,1,2,3,1,91,0.667,1,1,2,Personal-Use Buyers,-1.2020498913394078,1.2578521520220118
C1347,Individual,Mark,James,1956-02-13,M,Usa,Washington,Home,2,No,Client,69.9,0,3,1001705.48,333901.82666666666,375916.09,3272.84,2024-04-01,2025-02-01,3,0,3,1,306,0.0,1,1,2,Personal-Use Buyers,-1.3024087772464326,-0.09874040595760615
C1348,Individual,Peter,Harris,1998-07-16,M,Usa,Oregon,Home,4,Yes,Client,27.5,1,3,1021309.9299999999,340436.6433333333,398340.41,3558.1499999999996,2025-04-01,2025-09-01,3,0,3,1,153,0.0,1,2,0,First-Time Buyers,-1.1628757413556499,0.4751582438288459
C1349,Individual,Joyce,Johnson,1982-02-14,F,Usa,Virginia,Investment,3,No,Website,43.9,0,3,773186.34,257728.78,313612.06,2856.2200000000003,2024-07-01,2025-01-01,2,1,3,1,184,0.333,1,1,2,Personal-Use Buyers,-2.291307297188818,-0.11611941978827263
C1350,Individual,Julia,King,1991-05-17,F,Germany,Hamburg,Home,5,No,Website,34.6,0,4,743296.88,185824.22,213732.45,2528.86,2024-09-01,2025-09-01,4,0,4,1,365,0.0,1,1,2,Personal-Use Buyers,-2.3179806095734854,-2.151851498412216
C1351,Individual,Judith,Long,1987-06-24,F,Australia,South Australia,Home,2,No,Client,38.5,0,4,1400457.41,350114.3525,482951.02,4939.2300000000005,2024-01-01,2025-11-01,4,0,4,1,670,0.0,1,0,2,Global Investors,0.7198197201405494,0.029886156976241984
C1352,Individual,Benjamin,Gray,1989-03-16,M,Usa,California,Home,2,Yes,Agency,36.8,1,3,1535963.18,511987.7266666666,629513.2,4906.87,2024-03-01,2025-07-01,2,1,3,1,487,0.333,1,0,0,Global Investors,1.1982113285141116,2.9610146867206195
C1353,Individual,Debra,Jackson,1997-10-15,F,Canada,Alberta,Home,1,No,Agency,28.2,0,3,532598.24,177532.74666666667,256968.41,1692.03,2024-06-01,2025-02-01,3,0,3,1,245,0.0,1,1,2,Personal-Use Buyers,-3.856975801337737,-0.817746491011408
C1354,Individual,Patrick,Johnson,1941-04-09,M,Usa,Florida,Home,5,No,Website,84.7,0,3,1545799.94,515266.64666666667,693830.82,5055.83,2025-01-01,2025-12-01,2,1,3,1,334,0.333,1,0,1,Global Investors,1.597476102966568,1.5304568963422294
C1355,Individual,Shirley,Owens,1966-11-22,F,Usa,California,Investment,2,Yes,Client,59.1,1,3,1245446.7799999998,415148.9266666666,565996.94,4571.08,2025-05-01,2025-11-01,2,1,3,1,184,0.333,1,2,0,First-Time Buyers,0.13762717238015038,1.565084385423347
C1356,Individual,Jonathan,Morales,1994-03-26,M,Usa,Oregon,Investment,4,No,Agency,31.8,0,3,1490237.62,496745.87333333335,615554.68,4945.79,2024-05-01,2025-06-01,3,0,3,1,396,0.0,1,0,1,Global Investors,1.0997151800794789,1.9207972268731404
C1357,Individual,Danielle,Patterson,1987-03-01,F,Usa,California,Home,5,Yes,Website,38.8,1,3,1077383.54,359127.8466666667,617600.77,3313.53,2024-07-01,2025-04-01,3,0,3,1,274,0.0,1,2,0,First-Time Buyers,-1.0161028487968162,0.29929473005643853
C1358,Individual,Gregory,Taylor,1943-01-05,M,Usa,Texas,Home,4,No,Agency,83.0,0,3,965180.83,321726.9433333333,442609.68,3236.3599999999997,2024-12-01,2025-12-01,2,1,3,1,365,0.333,1,1,2,Personal-Use Buyers,-1.3227030894129543,-0.2595429350287774
C1359,Individual,Gary,Owens,1975-07-25,M,Usa,Virginia,Home,3,No,Agency,50.4,0,4,1381335.3,345333.825,558406.39,4372.2,2024-03-01,2024-07-01,4,0,4,1,122,0.0,1,0,1,Global Investors,0.4517601109259355,-0.39227097830626895
C1360,Individual,Billy,Nelson,1990-11-27,M,Usa,Virginia,Home,4,No,Agency,35.1,0,3,1001006.54,333668.8466666667,490050.27,3333.89,2024-06-01,2025-11-01,3,0,3,1,518,0.0,1,1,2,Personal-Use Buyers,-1.3233676300845163,0.1675792617121419
C1361,Individual,Ashley,Owens,1943-07-21,F,Usa,California,Home,3,No,Client,82.4,0,4,1529260.3,382315.075,425691.8,5186.25,2024-01-01,2024-07-01,3,1,4,1,182,0.25,1,0,2,Global Investors,1.4245644976354936,-0.17701579156051425
C1362,Individual,Laura,Jordan,1965-04-13,F,Usa,California,Investment,1,Yes,Agency,60.7,1,4,993131.84,248282.96,443196.31,3579.62,2024-02-01,2025-07-01,4,0,4,1,516,0.0,1,2,0,First-Time Buyers,-1.1348446955831009,-1.1258790574107607
C1363,Individual,James,Stone,1981-06-04,M,Usa,Georgia,Home,5,Yes,Agency,44.6,1,4,1109919.3599999999,277479.83999999997,468875.36,3768.14,2024-01-01,2025-04-01,3,1,4,1,456,0.25,1,2,0,First-Time Buyers,-0.5896771745539089,-0.8407253495669451
C1364,Individual,Andrea,Watson,1998-12-23,F,Usa,California,Investment,1,No,Website,27.0,0,4,1201578.93,300394.7325,375792.14,4482.48,2024-01-01,2024-09-01,4,0,4,1,244,0.0,1,1,1,Personal-Use Buyers,-0.1352119384206911,-0.1528160273032307
C1365,Individual,Tiffany,Sanders,1969-03-16,F,Belgium,Brussels,Investment,5,Yes,Website,56.8,1,4,1443894.02,360973.505,549656.89,5040.25,2025-04-01,2025-06-01,4,0,4,1,61,0.0,1,2,0,First-Time Buyers,1.0642683784704159,-0.5570402537502405
C1366,Individual,George,Thompson,1995-07-27,M,Usa,California,Home,1,No,Website,30.4,0,3,1488525.13,496175.0433333333,568157.47,5035.84,2024-03-01,2024-11-01,3,0,3,1,245,0.0,1,0,1,Global Investors,1.0727256239662744,2.4183940705786426
C1367,Individual,Stephanie,Jordan,1953-01-11,F,Germany,Berlin,Home,2,No,Client,73.0,0,3,1035889.5,345296.5,511596.53,3373.5,2024-02-01,2025-04-01,2,1,3,1,425,0.333,1,1,2,Personal-Use Buyers,-1.127467312079158,0.49246573637991864
C1368,Individual,Jose,Gray,1947-11-22,M,Usa,California,Home,5,Yes,Client,78.1,1,4,1378979.49,344744.8725,508149.11,4170.65,2024-01-01,2025-05-01,2,2,4,1,486,0.5,1,2,0,First-Time Buyers,0.5242719247062028,-0.3352600579608844
C1369,Individual,Peter,Garcia,1983-10-07,M,France,Brittany,Home,4,Yes,Agency,42.2,1,4,1615394.12,403848.53,581627.97,5355.6,2024-03-01,2025-12-01,4,0,4,1,640,0.0,1,0,0,Global Investors,1.623634296517642,0.33861339154510633
C1370,Individual,Frank,Evans,1965-06-04,M,Usa,Colorado,Investment,1,No,Agency,60.6,0,4,834659.23,208664.8075,234080.49,2803.13,2024-06-01,2025-08-01,4,0,4,1,426,0.0,1,1,2,Personal-Use Buyers,-1.9884267953087698,-1.6679394306800528
C1371,Individual,Timothy,Thomas,1989-06-19,M,Uk,England,Home,2,Yes,Website,36.5,1,4,1036681.19,259170.2975,312372.65,3795.34,2024-11-01,2025-12-01,4,0,4,1,395,0.0,1,2,0,First-Time Buyers,-0.9125359159186681,-0.7767326437091491
C1372,Individual,Lisa,Turner,1981-11-21,F,Usa,Washington,Investment,2,No,Website,44.1,0,3,874872.8,291624.26666666666,394401.98,3147.92,2024-07-01,2024-12-01,3,0,3,1,153,0.0,1,1,2,Personal-Use Buyers,-1.8569600439087965,-0.10655269572612099
C1373,Individual,Melissa,Evans,1992-10-11,F,Usa,California,Home,3,Yes,Website,33.2,1,3,1275663.27,425221.09,609943.05,3665.0299999999997,2024-04-01,2025-03-01,3,0,3,1,334,0.0,1,2,0,First-Time Buyers,-0.26817415081141677,1.4168691942644875
C1374,Company,Quasar,Co,1990-01-25,M,France,Ile-De-France,Home,3,Yes,Agency,35.9,1,3,1230590.28,410196.76,525078.29,3964.5699999999997,2024-06-01,2025-11-01,2,1,3,1,518,0.333,1,2,0,First-Time Buyers,-0.27829283576227276,1.7752940285557848
C1375,Individual,Carolyn,Flores,1972-11-22,F,Usa,California,Investment,4,Yes,Agency,53.1,1,4,1097182.3900000001,274295.59750000003,385581.71,3950.02,2024-06-01,2025-07-01,3,1,4,1,395,0.25,1,2,0,First-Time Buyers,-0.5502351745416851,-0.846833982847668
C1376,Individual,Carolyn,Edwards,1987-06-23,F,Usa,Arizona,Investment,3,Yes,Agency,38.5,1,3,1272387.2999999998,424129.0999999999,540188.44,4479.73,2025-04-01,2025-08-01,2,1,3,1,122,0.333,1,2,0,First-Time Buyers,0.13910547340223772,1.8541203996289473
C1377,Individual,Laura,Long,1984-01-04,F,Usa,Utah,Investment,2,No,Website,42.0,0,3,828441.4099999999,276147.13666666666,333823.75,2586.3199999999997,2024-09-01,2025-10-01,3,0,3,1,395,0.0,1,1,2,Personal-Use Buyers,-2.3075743802297075,-0.23401913681350836
C1378,Individual,Maria,Morales,1976-11-19,F,Usa,California,Investment,1,No,Website,49.1,0,3,1399739.87,466579.9566666667,657622.51,4394.54,2025-02-01,2025-08-01,3,0,3,1,181,0.0,1,0,1,Global Investors,0.4965215139009062,1.7940398743096095
C1379,Individual,Kevin,Gray,1970-06-11,M,Uk,Scotland,Home,2,No,Website,55.6,0,3,827767.69,275922.5633333333,353529.48,3231.9700000000003,2024-01-01,2024-10-01,3,0,3,1,274,0.0,1,1,2,Personal-Use Buyers,-1.9332129269447402,-0.4459793845228946
C1380,Individual,Michael,Hughes,1949-10-15,M,Canada,Alberta,Investment,4,No,Website,76.2,0,3,1012542.1799999999,337514.06,349143.67,3157.36,2024-02-01,2025-08-01,2,1,3,1,547,0.333,1,1,2,Personal-Use Buyers,-1.2297985593301335,0.01185201140544213
C1381,Individual,Eric,Cox,1962-06-16,M,Germany,Hesse,Home,3,Yes,Website,63.5,1,3,1082639.9100000001,360879.97000000003,537510.16,3393.29,2024-01-01,2025-01-01,3,0,3,1,366,0.0,1,2,0,First-Time Buyers,-0.9648834405851411,0.2542490778298082
C1382,Individual,Adam,James,1951-05-19,M,Usa,Oregon,Home,2,No,Website,74.6,0,4,1176910.13,294227.5325,348186.07,4097.35,2024-05-01,2025-04-01,4,0,4,1,335,0.0,1,1,2,Personal-Use Buyers,-0.21084738487328872,-1.1955328224671338
C1383,Individual,Noah,Moore,1992-11-11,M,Usa,California,Home,2,No,Agency,33.1,0,3,864768.8300000001,288256.2766666667,340376.82,2699.97,2024-09-01,2025-11-01,2,1,3,1,426,0.333,1,1,2,Personal-Use Buyers,-2.1571788737960267,0.5732043567659747
C1384,Individual,Mary,Young,1988-03-10,F,Usa,California,Home,2,Yes,Agency,37.8,1,3,905480.04,301826.68,344081.34,3050.29,2024-04-01,2025-09-01,3,0,3,1,518,0.0,1,2,0,First-Time Buyers,-1.8517488127920827,0.2521903921913659
C1385,Individual,Kenneth,Owens,1946-06-01,M,Usa,California,Home,1,No,Agency,79.6,0,3,1182983.03,394327.6766666667,666248.73,3559.31,2024-01-01,2025-03-01,2,1,3,1,425,0.333,1,1,2,Personal-Use Buyers,-0.5526877940067882,1.0565248280684993
C1386,Individual,Harold,Howard,1947-08-23,M,Usa,Washington,Home,4,Yes,Website,78.4,1,3,1284366.78,428122.26,551266.41,4295.37,2024-02-01,2025-09-01,2,1,3,1,578,0.333,1,2,0,First-Time Buyers,0.2821662732848059,1.024211741123457
C1387,Individual,Jose,Reed,1943-05-27,M,Germany,Hamburg,Investment,4,No,Website,82.6,0,3,804550.47,268183.49,463001.84,2704.88,2024-06-01,2024-10-01,3,0,3,1,122,0.0,1,1,2,Personal-Use Buyers,-2.144889378818822,-1.3227462186444532
C1388,Individual,Hannah,Stone,1999-04-20,F,Usa,Washington,Home,3,No,Website,26.7,0,3,1183031.06,394343.6866666667,567781.4,3850.38,2024-07-01,2025-12-01,3,0,3,1,518,0.0,1,1,2,Personal-Use Buyers,-0.48965946100627283,1.0841993921917743
C1389,Individual,Jordan,Montgomery,1952-07-03,M,Uk,Scotland,Home,2,No,Website,73.5,0,4,1742522.83,435630.7075,705388.85,5131.16,2024-03-01,2025-07-01,3,1,4,1,487,0.25,1,0,1,Global Investors,1.9569687417714017,0.7120658967974104
C1390,Individual,Lauren,Thomas,1979-07-21,F,Usa,Nevada,Home,3,No,Website,46.4,0,3,906492.19,302164.0633333333,378139.97,2913.5699999999997,2024-10-01,2025-09-01,2,1,3,1,335,0.333,1,1,2,Personal-Use Buyers,-1.804730528746421,0.29992545040034824
C1391,Individual,Barbara,Campbell,1974-03-06,F,Usa,Utah,Home,1,No,Website,51.8,0,4,1579627.98,394906.995,578903.12,5374.63,2024-04-01,2025-08-01,4,0,4,1,487,0.0,1,0,1,Global Investors,1.5088525524415228,0.4217298655293455
C1392,Individual,Jose,Johnson,1990-06-05,M,Usa,Colorado,Home,4,Yes,Agency,35.6,1,4,1434978.2000000002,358744.55000000005,520703.06,4502.0599999999995,2024-02-01,2025-12-01,3,1,4,1,669,0.25,1,2,0,First-Time Buyers,0.6674058824727869,0.33647035985096235
C1393,Individual,Virginia,Miller,1981-07-09,F,Mexico,Baja California,Investment,1,No,Agency,44.5,0,4,1187799.99,296949.9975,459972.28,4109.3,2024-03-01,2025-02-01,4,0,4,1,337,0.0,1,1,2,Personal-Use Buyers,-0.35672044926245916,-0.44911632775585725
C1394,Individual,Debra,Hansen,1977-02-26,F,Usa,Nevada,Home,4,No,Website,48.8,0,4,1325404.6,331351.15,439396.11,3868.0,2024-04-01,2025-07-01,4,0,4,1,456,0.0,1,1,2,Personal-Use Buyers,0.08601026967816033,-0.7075843775601636
C1395,Individual,Megan,Campbell,1988-09-27,F,Canada,Alberta,Investment,4,No,Website,37.3,0,4,1497964.92,374491.23,548965.53,5112.18,2024-07-01,2025-07-01,3,1,4,1,365,0.25,1,0,2,Global Investors,1.1783397559417947,0.34518528618948535
C1396,Individual,Steven,Foster,1971-06-02,M,Canada,Manitoba,Investment,3,Yes,Website,54.6,1,3,977070.1199999999,325690.04,451060.97,3227.5,2024-02-01,2024-09-01,3,0,3,1,213,0.0,1,2,0,First-Time Buyers,-1.4374733379061135,0.040405603213165595
C1397,Individual,Linda,Chavez,1983-03-10,F,Usa,Nevada,Home,4,No,Website,42.8,0,4,1551369.83,387842.4575,583905.11,4700.94,2024-12-01,2025-05-01,4,0,4,1,151,0.0,1,0,1,Global Investors,1.151922448456244,-0.009110894600293119
C1398,Individual,Alexander,Jones,1966-12-13,M,Usa,California,Home,5,Yes,Website,59.0,1,3,926545.71,308848.57,338606.44,3546.24,2024-03-01,2025-05-01,3,0,3,1,426,0.0,1,2,0,First-Time Buyers,-1.3273004307657632,-0.5617236477812494
C1399,Individual,Lauren,Evans,1978-08-23,F,Canada,British Columbia,Home,5,No,Agency,47.4,0,4,1259614.96,314903.74,619157.65,4244.53,2024-06-01,2025-11-01,4,0,4,1,518,0.0,1,1,2,Personal-Use Buyers,0.07512602578674887,-0.9822680088346318
C1400,Individual,Maria,Jones,1991-10-24,F,Uk,Northern Ireland,Home,4,No,Client,34.2,0,4,1146194.54,286548.635,426811.39,3757.95,2024-09-01,2025-04-01,4,0,4,1,212,0.0,1,1,2,Personal-Use Buyers,-0.5665030347564446,-0.9038311759540715
C1401,Individual,Virginia,Brooks,1999-03-24,F,Usa,Virginia,Investment,1,No,Website,26.8,0,4,1223523.71,305880.9275,368829.15,4022.25,2024-05-01,2025-12-01,2,2,4,1,579,0.5,1,1,1,Personal-Use Buyers,-0.2847626148332743,0.6682528562598192
C1402,Individual,Helen,Jordan,1968-09-28,F,Usa,Utah,Home,3,No,Agency,57.3,0,4,1394159.93,348539.9825,491592.98,4530.95,2024-02-01,2025-08-01,4,0,4,1,547,0.0,1,0,1,Global Investors,0.5929756820611022,-0.47462992671519255
C1403,Individual,Pamela,Scott,1983-09-22,F,Usa,Oregon,Home,2,No,Website,42.3,0,4,1463350.69,365837.6725,607483.38,4842.950000000001,2024-03-01,2025-12-01,4,0,4,1,640,0.0,1,0,1,Global Investors,0.9013206216165195,0.10632128500433895
C1404,Individual,Sharon,Williams,1950-07-22,F,Usa,California,Home,4,No,Agency,75.4,0,4,1193678.04,298419.51,368901.23,4097.35,2024-04-01,2025-05-01,4,0,4,1,395,0.0,1,1,2,Personal-Use Buyers,-0.11967679448492713,-1.4776067486635844
C1405,Individual,Ryan,Williams,1955-06-08,M,Usa,Oregon,Home,5,No,Agency,70.6,0,3,1306722.3599999999,435574.11999999994,556748.94,4314.88,2024-08-01,2025-12-01,2,1,3,1,487,0.333,1,0,1,Global Investors,0.3544588414322844,0.9653432043206355
C1406,Individual,Sara,Wood,1970-09-01,F,Usa,California,Home,3,No,Website,55.3,0,4,1364413.45,341103.3625,474806.32,4606.4400000000005,2024-03-01,2025-10-01,3,1,4,1,579,0.25,1,0,2,Global Investors,0.5813615987634831,-0.16174921742550685
C1407,Individual,Sharon,Hansen,1956-03-22,F,Usa,California,Home,1,No,Agency,69.8,0,4,1429717.0899999999,357429.27249999996,517271.54,4493.27,2024-09-01,2025-09-01,2,2,4,1,365,0.5,1,0,2,Global Investors,0.673668642534128,0.5064028358886672
C1408,Company,Grandis,Co,1963-11-13,F,Usa,California,Home,2,No,Agency,62.1,0,4,1345035.74,336258.935,595268.86,4413.21,2024-04-01,2025-08-01,4,0,4,1,487,0.0,1,0,1,Global Investors,0.3710229269162404,-0.5086797377150277
C1409,Individual,Katherine,Price,1957-08-01,F,Usa,Oregon,Investment,2,No,Website,68.4,0,3,1072801.12,357600.37333333335,395005.44,3353.8199999999997,2024-01-01,2025-02-01,2,1,3,1,397,0.333,1,1,2,Personal-Use Buyers,-1.0051573036208583,0.6736255337192717
C1410,Individual,Jennifer,Edwards,1965-12-16,F,Usa,Nevada,Home,2,No,Agency,60.0,0,4,1439196.49,359799.1225,577676.3,4656.0599999999995,2024-02-01,2024-12-01,4,0,4,1,304,0.0,1,0,1,Global Investors,0.7622918798810118,-0.23303154460937936
C1411,Individual,Anthony,Watson,1987-04-04,M,Usa,California,Home,2,No,Client,38.7,0,4,1318823.1600000001,329705.79000000004,461367.86,4397.97,2024-07-01,2025-11-01,3,1,4,1,488,0.25,1,1,1,Personal-Use Buyers,0.23537663048748442,0.17535155043973655
C1412,Company,Optima,Co,1985-06-28,F,Usa,Nevada,Home,2,No,Agency,40.5,0,4,1498125.2,374531.3,573336.74,4634.91,2024-01-01,2025-12-01,3,1,4,1,700,0.25,1,0,1,Global Investors,0.873229913902433,0.6408588373128324
C1413,Individual,Margaret,Rogers,1968-09-18,F,Usa,California,Home,4,No,Agency,57.3,0,4,1489065.1600000001,372266.29000000004,530069.18,5703.07,2024-01-01,2025-10-01,4,0,4,1,639,0.0,1,0,1,Global Investors,1.509457526237623,-0.3882760385791079
C1414,Individual,Michelle,Wright,1975-05-01,F,Usa,Florida,Home,4,No,Website,50.7,0,4,1188718.7,297179.675,479065.61,3889.34,2024-02-01,2025-07-01,2,2,4,1,516,0.5,1,1,2,Personal-Use Buyers,-0.2652859637143091,-0.3356508289551026
C1415,Individual,Tyler,Murray,1959-07-14,M,Usa,California,Investment,1,No,Website,66.5,0,3,748797.26,249599.08666666667,318935.71,2638.0299999999997,2024-05-01,2025-07-01,2,1,3,1,426,0.333,1,1,2,Personal-Use Buyers,-2.4816828267975217,-0.24684237145238516
C1416,Individual,Bryan,Peterson,1954-07-01,M,Usa,Oregon,Home,2,No,Agency,71.5,0,3,1418066.3900000001,472688.7966666667,606381.67,4356.79,2024-03-01,2024-12-01,3,0,3,1,275,0.0,1,0,2,Global Investors,0.6247242909323574,1.332186983772601
C1417,Individual,Dennis,Williams,1953-10-26,M,Uk,Scotland,Home,5,No,Website,72.2,0,3,1023021.48,341007.16,575664.65,3199.77,2024-04-01,2025-11-01,3,0,3,1,579,0.0,1,1,2,Personal-Use Buyers,-1.153029399030783,-0.5593454307684803
C1418,Individual,Kyle,Cox,1954-04-06,M,Usa,Ohio,Investment,2,No,Website,71.7,0,3,1443234.8900000001,481078.2966666667,542134.93,4588.39,2024-06-01,2025-08-01,3,0,3,1,426,0.0,1,0,2,Global Investors,0.8457031303414493,1.3939211848242337
C1419,Individual,Jason,Peterson,1971-08-08,M,Germany,Hamburg,Investment,4,Yes,Website,54.4,1,4,1143605.72,285901.43,451642.29,3714.98,2024-09-01,2025-02-01,2,2,4,1,153,0.5,1,2,0,First-Time Buyers,-0.5095609108735865,-0.3741758965243228
C1420,Company,Terova,Co,1981-10-20,M,Uk,Wales,Home,5,No,Website,44.2,0,4,1196856.69,299214.1725,431727.12,3718.79,2024-08-01,2025-02-01,1,3,4,1,184,0.75,1,1,2,Personal-Use Buyers,-0.3154186558815035,0.034652414742446944
C1421,Individual,James,Jones,1957-11-14,M,Usa,Colorado,Home,1,No,Website,68.1,0,3,938557.1900000001,312852.39666666667,396446.03,3294.2,2024-03-01,2024-09-01,3,0,3,1,184,0.0,1,1,2,Personal-Use Buyers,-1.5193460284819615,-0.1255978670145211
C1422,Individual,Billy,Hansen,1955-01-15,M,Usa,Florida,Investment,1,Yes,Website,71.0,1,4,2032565.11,508141.2775,649524.31,6221.1900000000005,2024-03-01,2024-11-01,4,0,4,1,245,0.0,1,0,1,Global Investors,3.2989881622203923,1.4148314098028383
C1423,Individual,Jack,Brooks,1955-09-21,M,Uk,Northern Ireland,Home,4,Yes,Website,70.3,1,4,1822778.3599999999,455694.58999999997,588224.19,6016.389999999999,2024-12-01,2025-10-01,3,1,4,1,304,0.25,1,0,1,Global Investors,2.699037255091723,0.7683093773464627
C1424,Individual,Judy,Harris,1954-03-12,F,Usa,Utah,Home,2,Yes,Agency,71.8,1,3,1382756.57,460918.8566666667,602654.49,4395.44,2024-10-01,2025-11-01,3,0,3,1,396,0.0,1,0,0,Global Investors,0.522308208210993,1.3296726567845905
C1425,Individual,Raymond,Taylor,1971-12-16,M,Belgium,Flanders,Home,3,No,Website,54.0,0,3,1449563.3199999998,483187.77333333326,576814.21,4564.92,2024-05-01,2025-11-01,2,1,3,1,549,0.333,1,0,1,Global Investors,0.8474315239697937,2.0647087279180885
C1426,Individual,Christina,Campbell,1964-05-20,F,Usa,Washington,Home,2,No,Website,61.6,0,4,1709098.18,427274.545,507717.69,6042.6,2024-02-01,2025-12-01,4,0,4,1,669,0.0,1,0,1,Global Investors,2.29459361516356,0.4302645002036838
C1427,Individual,Julia,Richardson,1955-05-10,F,Australia,Victoria,Home,5,No,Website,70.6,0,4,1378636.21,344659.0525,487252.76,4739.79,2024-08-01,2025-08-01,3,1,4,1,365,0.25,1,0,1,Global Investors,0.7901100916667364,-0.7043447855080801
C1428,Individual,Nicole,Allen,1953-12-05,F,Usa,Oregon,Home,4,Yes,Agency,72.1,1,4,1136052.54,284013.135,474549.83,3786.61,2024-11-01,2025-11-01,3,1,4,1,365,0.25,1,2,0,First-Time Buyers,-0.45191055383007556,-1.069073958203409
C1429,Individual,Jesse,Stewart,1991-10-01,M,Usa,Nevada,Investment,5,No,Agency,34.3,0,4,1697550.01,424387.5025,499234.71,5685.860000000001,2024-05-01,2024-08-01,2,2,4,1,92,0.5,1,0,1,Global Investors,2.0799897630576654,1.1434342215564557
C1430,Individual,Patrick,Allen,1963-09-11,M,Usa,Nevada,Home,4,No,Website,62.3,0,3,928463.2,309487.73333333334,438596.72,3068.0099999999998,2024-07-01,2025-09-01,3,0,3,1,427,0.0,1,1,2,Personal-Use Buyers,-1.585541889392852,-0.5690242973284939
C1431,Individual,Melissa,Griffin,1943-07-01,F,Germany,Hesse,Home,3,Yes,Website,82.5,1,4,1620159.73,405039.9325,567788.73,5463.780000000001,2024-06-01,2025-10-01,3,1,4,1,487,0.25,1,0,0,Global Investors,1.8264688055028961,0.1945430807438641
C1432,Individual,Larry,Weaver,1951-12-26,M,Usa,Utah,Home,3,No,Agency,74.0,0,3,863383.74,287794.58,301035.57,3100.86,2024-07-01,2025-12-01,2,1,3,1,518,0.333,1,1,2,Personal-Use Buyers,-1.7902556452802112,-0.2904414353079665
C1433,Individual,Christian,Mitchell,1953-04-12,M,Germany,Hamburg,Home,4,No,Website,72.7,0,3,1358111.0699999998,452703.68999999994,626692.98,4479.73,2024-04-01,2025-03-01,3,0,3,1,334,0.0,1,0,1,Global Investors,0.5748553645196994,0.7614860619762803
C1434,Company,Terova,Co,1985-06-25,F,Usa,California,Investment,5,No,Agency,40.5,0,4,1038640.05,259660.0125,531069.6,3579.62,2024-08-01,2025-12-01,4,0,4,1,487,0.0,1,1,2,Personal-Use Buyers,-0.922901533054573,-1.4548093552767958
C1435,Individual,Zachary,Morales,1967-04-08,M,Usa,Texas,Investment,2,No,Agency,58.7,0,3,903765.87,301255.29,410695.68,2836.95,2024-01-01,2025-07-01,2,1,3,1,547,0.333,1,1,2,Personal-Use Buyers,-1.8877967020058957,0.2767548549525107
C1436,Individual,Kyle,Wright,1998-10-09,M,Usa,California,Home,2,No,Website,27.2,0,3,969917.19,323305.73,363203.22,2976.66,2024-06-01,2025-10-01,2,1,3,1,487,0.333,1,1,2,Personal-Use Buyers,-1.6584368675319021,1.0125781860843812
C1437,Individual,Gerald,Stewart,1997-04-08,M,Usa,Arizona,Investment,5,No,Agency,28.7,0,4,1668948.58,417237.145,614304.54,5329.13,2024-05-01,2025-07-01,3,1,4,1,426,0.25,1,0,1,Global Investors,1.7813620221972373,0.7801565511648024
C1438,Individual,Benjamin,Taylor,1988-08-04,M,Usa,California,Home,2,Yes,Agency,37.4,1,3,1255115.0,418371.6666666667,574838.1,3964.51,2024-02-01,2025-06-01,2,1,3,1,486,0.333,1,2,0,First-Time Buyers,-0.21189532895202462,1.977369641620313
C1439,Individual,Helen,Morales,2000-10-14,F,Usa,Virginia,Home,2,No,Agency,25.2,0,3,1040682.81,346894.27,420285.34,3415.27,2024-04-01,2025-07-01,3,0,3,1,456,0.0,1,1,2,Personal-Use Buyers,-1.2504700239501898,0.8095266233855586
C1440,Individual,Mary,Phillips,1952-07-20,F,Usa,Colorado,Investment,2,No,Agency,73.4,0,3,901013.4199999999,300337.80666666664,472362.72,3031.59,2024-10-01,2025-04-01,2,1,3,1,182,0.333,1,1,2,Personal-Use Buyers,-1.7494010738291663,0.01940893590511945
C1441,Individual,Helen,Campbell,1945-09-08,F,Usa,California,Investment,5,No,Website,80.3,0,3,1201777.78,400592.5933333333,424676.81,4004.52,2024-04-01,2025-10-01,3,0,3,1,548,0.0,1,1,2,Personal-Use Buyers,-0.1209953759064045,-0.09309540993668154
C1442,Individual,Timothy,Foster,2000-06-17,M,Usa,Colorado,Home,2,Yes,Client,25.5,1,3,1007348.75,335782.9166666667,534107.07,3331.87,2024-02-01,2025-12-01,3,0,3,1,669,0.0,1,2,0,First-Time Buyers,-1.400923939767395,0.7967986406488378
C1443,Individual,Betty,Hughes,1979-11-22,F,Usa,Florida,Home,2,No,Website,46.1,0,3,1045348.1100000001,348449.37000000005,618238.68,3217.45,2024-03-01,2025-03-01,3,0,3,1,365,0.0,1,1,2,Personal-Use Buyers,-1.2434756731330658,0.44621969844039416
C1444,Individual,Frank,Alexander,1981-06-25,M,Usa,Colorado,Home,3,No,Website,44.5,0,3,1089631.7,363210.56666666665,387724.0,3558.1499999999996,2024-03-01,2025-08-01,3,0,3,1,518,0.0,1,1,2,Personal-Use Buyers,-0.8919999522919787,0.45923771463340546
C1445,Individual,Gregory,Hall,1988-07-26,M,Usa,Florida,Home,5,No,Website,37.4,0,4,1249138.91,312284.7275,404402.26,3907.87,2024-03-01,2025-03-01,4,0,4,1,365,0.0,1,1,2,Personal-Use Buyers,-0.11541880147950159,-0.8829687376550917
C1446,Individual,Amber,Gray,1951-12-09,F,Usa,Ohio,Home,4,No,Website,74.1,0,4,1550820.49,387705.1225,605564.38,5542.59,2024-01-01,2025-01-01,4,0,4,1,366,0.0,1,0,2,Global Investors,1.685921615265872,-0.5361089924759982
C1447,Individual,Janet,Rogers,1972-05-14,F,Usa,Nevada,Investment,4,Yes,Client,53.6,1,4,1372408.9,343102.225,470911.04,4605.48,2024-09-01,2025-09-01,4,0,4,1,365,0.0,1,2,0,First-Time Buyers,0.5819971874701072,-0.5277467550674152
C1448,Individual,Henry,Ward,1959-03-15,M,Russia,Tatarstan,Home,1,No,Website,66.8,0,4,1221304.62,305326.155,456799.28,3939.81,2024-07-01,2025-09-01,3,1,4,1,427,0.25,1,1,1,Personal-Use Buyers,-0.22435438012748218,-0.38183256628674606
C1449,Individual,Nicole,Cox,1999-06-14,F,Usa,California,Investment,5,No,Website,26.5,0,3,1110557.49,370185.83,543452.8,3665.0299999999997,2024-01-01,2025-01-01,3,0,3,1,366,0.0,1,1,2,Personal-Use Buyers,-0.7669893856175447,0.5012883612630277
C1450,Individual,Pamela,White,1996-04-06,F,Usa,Virginia,Home,5,No,Website,29.7,0,3,1028509.6,342836.5333333333,374768.98,3112.75,2024-03-01,2025-08-01,3,0,3,1,518,0.0,1,1,2,Personal-Use Buyers,-1.3023106610630408,0.15959223051551621
C1451,Individual,Hannah,Turner,1983-10-19,F,Usa,California,Home,1,No,Website,42.2,0,4,1529673.3199999998,382418.32999999996,483688.37,5039.5,2024-04-01,2025-12-01,4,0,4,1,609,0.0,1,0,1,Global Investors,1.1603393259581511,0.45151188075660936
C1452,Individual,Kelly,Edwards,1993-08-05,F,Belgium,Wallonia,Home,3,No,Client,32.4,0,3,1320005.77,440001.92333333334,545747.26,4462.98,2024-01-01,2025-07-01,3,0,3,1,547,0.0,1,0,1,Global Investors,0.2633726368088964,1.4833523005207787
C1453,Individual,Kenneth,Stone,1981-10-07,M,Usa,California,Home,2,No,Agency,44.2,0,3,1145044.9,381681.6333333333,526401.55,3731.47,2025-01-01,2025-06-01,3,0,3,1,151,0.0,1,1,2,Personal-Use Buyers,-0.6833523798603224,0.8494583876052895
C1454,Individual,Ann,Kim,1948-05-23,F,Usa,California,Investment,1,No,Client,77.6,0,3,1188825.44,396275.14666666667,478984.35,3964.51,2024-06-01,2024-10-01,3,0,3,1,122,0.0,1,1,2,Personal-Use Buyers,-0.34918950502958734,0.590099290081397
C1455,Individual,Christina,Nelson,1989-06-15,F,Usa,Colorado,Home,3,Yes,Agency,36.5,1,3,985992.4299999999,328664.1433333333,472251.6,2950.28,2024-02-01,2025-06-01,2,1,3,1,486,0.333,1,2,0,First-Time Buyers,-1.5912692405161293,0.8906460098725737
C1456,Company,Quasar,Co,1992-06-26,F,Usa,Oregon,Investment,1,Yes,Website,33.5,1,4,1598853.55,399713.3875,586824.88,5253.52,2024-07-01,2025-09-01,4,0,4,1,427,0.0,1,0,0,Global Investors,1.425670635162724,0.915290726662172
C1457,Individual,Julie,Foster,1949-01-27,F,Usa,California,Home,3,Yes,Agency,76.9,1,4,1537205.06,384301.265,538355.66,4908.68,2024-04-01,2025-10-01,2,2,4,1,548,0.5,1,0,0,Global Investors,1.283206459969519,0.45730700267870744
C1458,Individual,Keith,Reed,1950-09-16,M,Usa,Arizona,Home,1,No,Website,75.3,0,3,917921.54,305973.8466666667,344813.48,2937.26,2024-01-01,2025-07-01,2,1,3,1,547,0.333,1,1,2,Personal-Use Buyers,-1.73197546582414,0.18733098696535613
C1459,Individual,Terry,Hall,1949-09-28,M,Usa,Arizona,Home,5,No,Website,76.3,0,4,1556253.48,389063.37,530674.29,5542.59,2024-01-01,2025-12-01,4,0,4,1,700,0.0,1,0,2,Global Investors,1.7427898790157945,-0.7276487807799364
C1460,Individual,Pamela,Long,1972-12-05,F,Uk,England,Home,1,Yes,Agency,53.1,1,4,1569390.69,392347.6725,517417.7,5178.58,2024-04-01,2025-07-01,4,0,4,1,456,0.0,1,0,0,Global Investors,1.33392760644351,0.5396119300826226
C1461,Individual,Gloria,Reyes,1944-01-13,F,Usa,California,Home,5,No,Website,82.0,0,4,1507966.87,376991.7175,538246.86,5178.58,2024-02-01,2025-05-01,4,0,4,1,455,0.0,1,0,2,Global Investors,1.4324683550576918,-0.9526434998953682
C1462,Individual,Virginia,Allen,1984-04-19,F,Germany,Hamburg,Investment,3,No,Agency,41.7,0,4,1220331.12,305082.78,563520.95,3826.69,2024-11-01,2025-12-01,2,2,4,1,395,0.5,1,1,2,Personal-Use Buyers,-0.3252081366738569,0.11159294881864772
C1463,Individual,Lawrence,Ward,1943-12-28,M,Usa,California,Home,2,Yes,Website,82.0,1,4,1639044.0,409761.0,560165.35,5546.35,2024-02-01,2025-06-01,4,0,4,1,486,0.0,1,0,0,Global Investors,1.8918855217037693,0.022810195339039423
C1464,Individual,Terry,Weaver,1940-01-25,M,Usa,Arizona,Home,1,No,Website,85.9,0,3,1094818.68,364939.56,516866.8,3258.7200000000003,2024-01-01,2025-07-01,3,0,3,1,547,0.0,1,1,2,Personal-Use Buyers,-0.9678946341270291,0.11185706829307092
C1465,Individual,Edward,Stewart,1990-07-09,M,Usa,Ohio,Home,3,Yes,Website,35.5,1,3,1312191.47,437397.1566666667,561841.89,4373.5,2025-07-01,2025-08-01,3,0,3,1,31,0.0,1,2,0,First-Time Buyers,0.22672075568520894,1.5075433518209431
C1466,Individual,Ashley,Howard,1999-08-28,F,Belgium,Flanders,Investment,2,No,Website,26.3,0,4,1387827.15,346956.7875,536046.25,4213.08,2024-08-01,2025-09-01,4,0,4,1,396,0.0,1,1,1,Personal-Use Buyers,0.2814626896254024,0.1894860730233561
C1467,Individual,Rebecca,Adams,1951-07-19,F,Usa,California,Home,5,No,Client,74.5,0,3,761353.26,253784.42,375027.09,2548.91,2024-02-01,2024-10-01,3,0,3,1,243,0.0,1,1,2,Personal-Use Buyers,-2.350783162703437,-1.5149483214647663
C1468,Individual,Jason,Martin,1940-08-24,M,Canada,Manitoba,Home,3,No,Website,85.4,0,3,1072452.07,357484.0233333334,438900.24,3556.06,2024-02-01,2024-06-01,1,2,3,1,121,0.667,1,1,2,Personal-Use Buyers,-0.8027293458614612,0.74095413724454
C1469,Individual,Keith,Richardson,1970-05-17,M,Usa,Colorado,Home,1,No,Website,55.6,0,3,1512121.6400000001,504040.5466666667,581837.55,4616.33,2024-10-01,2025-09-01,3,0,3,1,335,0.0,1,0,1,Global Investors,1.012281071825106,2.071042314256692
C1470,Individual,Alexander,Richardson,1940-05-27,M,Usa,Colorado,Investment,3,Yes,Agency,85.6,1,3,1440682.21,480227.4033333333,555106.11,4772.59,2024-01-01,2024-05-01,3,0,3,1,121,0.0,1,0,0,Global Investors,0.9754350193350861,1.130944999825538
C1471,Individual,Judith,Williams,1940-05-24,F,Uk,Northern Ireland,Home,1,Yes,Website,85.6,1,4,1048588.76,262147.19,354725.76,3204.2599999999998,2024-02-01,2025-12-01,3,1,4,1,669,0.25,1,2,0,First-Time Buyers,-1.0506049378133169,-1.0299188903230263
C1472,Individual,Paul,Flores,1991-03-23,M,Usa,Washington,Home,1,No,Website,34.8,0,4,1610320.87,402580.2175,566227.62,4948.41,2024-05-01,2025-07-01,4,0,4,1,426,0.0,1,0,1,Global Investors,1.3226547487808027,0.7878336129428146
C1473,Individual,Maria,Freeman,1974-03-14,F,Usa,California,Home,2,No,Agency,51.8,0,4,1415300.74,353825.185,736652.27,4036.92,2024-01-01,2025-02-01,4,0,4,1,397,0.0,1,0,1,Global Investors,0.3461299457143766,-0.16005480002019548
C1474,Individual,Kevin,Brown,1969-04-10,M,Usa,Oregon,Home,3,No,Website,56.7,0,4,1563434.47,390858.6175,517206.46,5229.2,2024-06-01,2025-11-01,4,0,4,1,518,0.0,1,0,1,Global Investors,1.470552798347616,-0.04152690424017587
C1475,Individual,Raymond,Brown,1944-08-02,M,Mexico,Jalisco,Home,4,Yes,Agency,81.4,1,4,1579186.25,394796.5625,661652.26,5148.22,2024-02-01,2025-10-01,4,0,4,1,608,0.0,1,0,0,Global Investors,1.5355628945915365,-0.42516006855108696
C1476,Individual,Kevin,Jackson,2000-06-08,M,Usa,Nevada,Home,1,No,Agency,25.6,0,4,1505369.42,376342.355,610193.44,4564.9,2024-02-01,2025-10-01,3,1,4,1,608,0.25,1,0,1,Global Investors,0.7764349569711809,1.0721790567697256
C1477,Company,Zynex,Co,1968-04-10,F,Usa,California,Investment,1,No,Agency,57.7,0,4,1051466.92,262866.73,458559.81,3682.83,2024-07-01,2025-11-01,3,1,4,1,488,0.25,1,1,2,Personal-Use Buyers,-0.9015923449022867,-0.6563819482932095
C1478,Individual,Emily,Reed,1958-09-12,F,Canada,British Columbia,Investment,1,No,Agency,67.3,0,3,965772.74,321924.24666666664,398549.19,3248.69,2024-04-01,2025-02-01,3,0,3,1,306,0.0,1,1,2,Personal-Use Buyers,-1.512791298489594,0.02408180687339016
C1479,Individual,Paul,Carter,1968-03-26,M,Usa,California,Investment,1,No,Website,57.8,0,4,1275455.51,318863.8775,612698.53,4074.09,2024-05-01,2025-12-01,4,0,4,1,579,0.0,1,1,2,Personal-Use Buyers,-0.03634172391778163,-0.4825377061444794
C1480,Individual,Danielle,White,1985-04-09,F,Usa,Virginia,Investment,3,No,Client,40.7,0,4,1466467.79,366616.9475,573332.74,4881.68,2024-03-01,2025-09-01,3,1,4,1,549,0.25,1,0,1,Global Investors,0.9425968851618364,0.3643648467690378
C1481,Company,Caldera,Co,1984-12-04,F,Usa,Arizona,Investment,3,No,Website,41.1,0,4,1059700.8800000001,264925.22000000003,367368.12,3604.98,2024-02-01,2025-05-01,1,3,4,1,455,0.75,1,1,2,Personal-Use Buyers,-0.8475191753630326,0.04662846009942352
C1482,Individual,Kimberly,Murray,1953-01-24,F,Usa,Oregon,Home,2,Yes,Website,72.9,1,4,1665015.1700000002,416253.79250000004,610377.15,5251.29,2024-03-01,2025-10-01,3,1,4,1,579,0.25,1,0,0,Global Investors,1.7982968814434577,0.6247059391663417
C1483,Individual,Gary,Hall,1975-06-01,M,Usa,Colorado,Home,3,Yes,Agency,50.6,1,4,1831769.62,457942.405,623318.65,5945.3099999999995,2024-06-01,2025-11-01,4,0,4,1,518,0.0,1,0,1,Global Investors,2.5623311341966426,0.9179056151323374
C1484,Individual,Christina,Nelson,1971-10-09,F,Usa,Colorado,Home,3,No,Client,54.2,0,4,1117191.81,279297.9525,452777.15,3980.11,2024-05-01,2025-11-01,4,0,4,1,549,0.0,1,1,2,Personal-Use Buyers,-0.49387992194377167,-1.1677855575992184
C1485,Individual,Rachel,Scott,1984-06-26,F,Usa,Washington,Investment,4,No,Website,41.5,0,4,1604885.52,401221.38,526180.38,5400.87,2024-01-01,2024-07-01,3,1,4,1,182,0.25,1,0,1,Global Investors,1.667996838189327,0.5397818641675084
C1486,Individual,Madison,Campbell,1996-06-14,F,Uk,Wales,Home,5,Yes,Website,29.5,1,3,1019385.69,339795.23,416556.23,3469.69,2024-03-01,2024-07-01,2,1,3,1,122,0.333,1,2,0,First-Time Buyers,-1.1496317352077057,0.7842999198431236
C1487,Individual,Sandra,Martin,1965-12-10,F,Usa,New York,Home,3,No,Agency,60.1,0,4,1553533.51,388383.3775,506031.7,5178.58,2024-01-01,2025-10-01,4,0,4,1,639,0.0,1,0,1,Global Investors,1.3981994314614619,-0.10072529162350154
C1488,Individual,Keith,Scott,1975-09-07,M,Usa,Florida,Investment,2,No,Website,50.3,0,3,1029238.79,343079.5966666667,554297.11,3420.5600000000004,2024-01-01,2024-12-01,3,0,3,1,335,0.0,1,1,2,Personal-Use Buyers,-1.1885441967479295,0.3223079365237312
C1489,Individual,Gloria,Montgomery,1951-03-19,F,Usa,Arizona,Home,5,No,Agency,74.8,0,3,1056549.47,352183.1566666667,416649.42,3721.8199999999997,2024-04-01,2024-07-01,2,1,3,1,91,0.333,1,1,2,Personal-Use Buyers,-0.7622241796174646,0.02834293006805864
C1490,Individual,Dennis,Hall,1994-11-06,M,Uk,Wales,Investment,5,Yes,Client,31.2,1,3,861119.76,287039.92,357655.99,2817.99,2024-03-01,2025-02-01,3,0,3,1,337,0.0,1,2,0,First-Time Buyers,-2.0504029219867563,-0.29160241533574977
C1491,Individual,Rebecca,Evans,1997-07-10,F,Usa,Georgia,Home,4,No,Agency,28.5,0,4,1056750.03,264187.5075,415532.62,3604.98,2024-06-01,2025-05-01,4,0,4,1,334,0.0,1,1,2,Personal-Use Buyers,-0.918892980203068,-1.045308238073212
C1492,Individual,Mary,Taylor,1984-12-18,F,Germany,Bavaria,Home,2,No,Agency,41.0,0,3,1309655.49,436551.83,472764.91,4737.9400000000005,2024-11-01,2025-11-01,3,0,3,1,365,0.0,1,0,1,Global Investors,0.3526860159695005,1.4939843295118278
C1493,Individual,Thomas,Bennett,1992-03-16,M,Usa,Washington,Home,4,Yes,Agency,33.8,1,3,864605.61,288201.87,449252.81,3111.33,2024-05-01,2025-12-01,3,0,3,1,579,0.0,1,2,0,First-Time Buyers,-1.898626826513577,-0.1578575103554106
C1494,Individual,Nicholas,Cooper,1996-04-09,M,Usa,New York,Home,1,No,Client,29.7,0,3,913338.07,304446.0233333333,424747.54,2804.62,2024-03-01,2025-11-01,3,0,3,1,610,0.0,1,1,2,Personal-Use Buyers,-1.997050257185812,0.4431463392445409
C1495,Individual,Jason,Hughes,1991-11-09,M,Denmark,Capital Region,Home,1,No,Website,34.1,0,4,2059292.68,514823.17,650190.52,6365.889999999999,2024-04-01,2025-08-01,3,1,4,1,487,0.25,1,0,1,Global Investors,3.353220126224746,2.3847405613972983
C1496,Individual,Bryan,Patterson,1986-11-15,M,Usa,Florida,Home,5,No,Agency,39.1,0,3,1119013.6099999999,373004.5366666666,617811.07,3454.6400000000003,2024-06-01,2025-01-01,2,1,3,1,214,0.333,1,1,2,Personal-Use Buyers,-0.8083658905095289,0.8467653684986891
C1497,Individual,Samuel,Parker,1940-01-13,M,Usa,California,Investment,4,No,Agency,86.0,0,3,794765.34,264921.77999999997,355085.18,2641.98,2024-05-01,2025-12-01,2,1,3,1,579,0.333,1,1,2,Personal-Use Buyers,-2.192487855331433,-0.89943266567882
C1498,Individual,Nicole,Carter,1967-02-03,F,Mexico,Puebla,Investment,5,No,Website,58.9,0,4,1142631.83,285657.9575,431607.68,3559.4900000000002,2024-01-01,2025-05-01,4,0,4,1,486,0.0,1,1,2,Personal-Use Buyers,-0.5618121145823826,-1.5129293948032163
C1499,Individual,Lauren,Gray,1997-11-04,F,Russia,Saint Petersburg,Home,3,Yes,Agency,28.2,1,3,1321905.54,440635.18,565905.82,4571.08,2024-01-01,2025-08-01,3,0,3,1,578,0.0,1,2,0,First-Time Buyers,0.29547580211514873,1.706461622178871
C1500,Individual,Shirley,Ward,1995-01-04,F,Australia,Victoria,Home,2,No,Agency,31.0,0,4,1020299.92,255074.98,363010.65,3365.54,2024-02-01,2024-11-01,4,0,4,1,274,0.0,1,1,2,Personal-Use Buyers,-1.227268818251089,-0.8318404018840931
C1501,Individual,Brenda,White,1951-12-16,F,Usa,Oregon,Investment,4,No,Agency,74.0,0,3,761279.08,253759.69333333333,340778.92,2554.28,2024-02-01,2025-03-01,1,2,3,1,394,0.667,1,1,2,Personal-Use Buyers,-2.3682990200536356,-0.3029014746408575
C1502,Individual,Elizabeth,Weaver,1994-10-27,F,Uk,Wales,Home,5,Yes,Website,31.2,1,4,1045772.34,261443.085,352637.6,3644.17,2024-03-01,2025-01-01,4,0,4,1,306,0.0,1,2,0,First-Time Buyers,-0.8787919201990291,-1.169581080216399
C1503,Company,Triton,Co,1986-08-21,M,Usa,Arizona,Investment,5,No,Website,39.4,0,4,1299971.48,324992.87,570156.97,4202.29,2024-04-01,2025-07-01,2,2,4,1,456,0.5,1,1,2,Personal-Use Buyers,0.20626801962031513,-0.009707919304142127
C1504,Individual,Patrick,Hughes,1946-08-19,M,Usa,California,Home,4,No,Website,79.4,0,3,871805.96,290601.98666666663,384006.83,2937.26,2024-09-01,2025-06-01,3,0,3,1,273,0.0,1,1,2,Personal-Use Buyers,-1.7855524549763693,-1.0545838371510279
C1505,Individual,William,Cook,1994-05-14,M,Usa,Virginia,Home,3,No,Agency,31.6,0,4,1012922.06,253230.515,380365.78,3199.69,2025-07-01,2025-12-01,2,2,4,1,153,0.5,1,1,2,Personal-Use Buyers,-1.253725496992312,-0.2837801381641942
C1506,Individual,Larry,Price,1950-01-11,M,Usa,Utah,Investment,3,No,Website,76.0,0,3,1010109.4,336703.13333333336,369810.4,3466.39,2024-04-01,2024-08-01,2,1,3,1,122,0.333,1,1,2,Personal-Use Buyers,-1.09456840934011,0.16076858394583413
C1507,Individual,Joyce,Cooper,1951-03-28,F,Usa,Florida,Home,3,No,Agency,74.8,0,4,1499666.44,374916.61,572514.83,4883.66,2024-02-01,2025-07-01,4,0,4,1,516,0.0,1,0,1,Global Investors,1.1360479128808674,-0.492358363498372
C1508,Individual,Benjamin,Morris,1994-12-03,M,Uk,Scotland,Home,3,No,Agency,31.1,0,4,965283.79,241320.9475,288985.79,3134.56,2024-01-01,2025-06-01,3,1,4,1,517,0.25,1,1,2,Personal-Use Buyers,-1.452090416369165,-0.7628287346328485
C1509,Individual,Rebecca,Campbell,1946-12-16,F,Usa,California,Home,3,No,Website,79.0,0,4,1821912.8699999999,455478.21749999997,601608.38,5930.35,2024-01-01,2024-09-01,4,0,4,1,244,0.0,1,0,1,Global Investors,2.651453538296985,0.2624738443772297
C1510,Company,Altira,Co,1962-12-01,M,Usa,California,Home,5,No,Agency,63.1,0,3,804243.22,268081.0733333333,356271.34,2528.04,2024-05-01,2025-12-01,3,0,3,1,579,0.0,1,1,2,Personal-Use Buyers,-2.265374640787808,-1.1496342132267892
C1511,Individual,Ann,Hansen,1989-07-20,F,France,Provence,Home,2,Yes,Website,36.4,1,3,1093080.8599999999,364360.2866666666,556945.98,3457.94,2024-06-01,2025-03-01,2,1,3,1,273,0.333,1,2,0,First-Time Buyers,-0.9975958999629446,1.4258189501361527
C1512,Individual,Anna,Young,1955-06-18,F,Usa,Nevada,Home,4,Yes,Client,70.5,1,4,1209056.95,302264.2375,387618.51,4185.68,2024-02-01,2024-12-01,3,1,4,1,304,0.25,1,2,0,First-Time Buyers,-0.030250478947263133,-0.8648827354297057
C1513,Individual,Danielle,Morales,1995-06-08,F,Usa,Florida,Home,2,No,Website,30.6,0,3,1452266.37,484088.79000000004,552490.44,4616.33,2025-03-01,2025-12-01,3,0,3,1,275,0.0,1,0,1,Global Investors,0.7707554143527696,2.119258137423172
C1514,Individual,Linda,Bryant,1986-12-08,F,Usa,New York,Home,4,No,Website,39.1,0,3,1211908.53,403969.51,458308.65,4158.96,2024-09-01,2025-04-01,2,1,3,1,212,0.333,1,0,2,Global Investors,-0.14361153305887522,1.3147302562577603
C1515,Individual,Angela,Williams,1946-10-16,F,Usa,Nevada,Investment,5,No,Website,79.2,0,4,1433703.52,358425.88,499781.62,4908.68,2024-01-01,2025-07-01,3,1,4,1,547,0.25,1,0,2,Global Investors,1.0715311914842982,-0.7184444517864262
C1516,Individual,Grace,Wood,1953-05-23,F,Usa,Texas,Home,4,No,Website,72.6,0,3,690456.91,230152.30333333334,355876.81,2404.38,2024-04-01,2025-09-01,2,1,3,1,518,0.333,1,1,2,Personal-Use Buyers,-2.661943473249873,-1.0598730799559268
C1517,Individual,Benjamin,Chavez,1978-02-23,M,Usa,California,Investment,2,No,Agency,47.9,0,4,1328693.42,332173.355,442491.43,4306.36,2024-02-01,2025-08-01,3,1,4,1,547,0.25,1,1,1,Personal-Use Buyers,0.22587623270638846,0.06314633816720674
C1518,Individual,Teresa,Rogers,1994-10-08,F,Australia,Victoria,Home,5,Yes,Agency,31.2,1,4,961942.8799999999,240485.71999999997,280586.67,3545.71,2024-02-01,2025-06-01,4,0,4,1,486,0.0,1,2,0,First-Time Buyers,-1.2064317859836358,-1.3688469101030039
C1519,Individual,Kyle,Freeman,1972-08-19,M,Usa,California,Home,1,No,Agency,53.4,0,4,1366990.1300000001,341747.53250000003,630466.93,4291.9400000000005,2024-07-01,2025-12-01,4,0,4,1,518,0.0,1,0,1,Global Investors,0.30972155402227913,-0.14399642274150967
C1520,Individual,Patrick,Griffin,1945-12-05,M,Usa,Utah,Home,1,No,Website,80.1,0,4,1425469.02,356367.255,556062.8,4751.57,2024-03-01,2025-05-01,4,0,4,1,426,0.0,1,0,2,Global Investors,0.8297328809302212,-0.46484487805149877
C1521,Individual,Bryan,Foster,1973-12-25,M,Usa,Nevada,Home,4,No,Agency,52.0,0,3,913579.4099999999,304526.47,346864.73,3096.84,2024-01-01,2025-12-01,3,0,3,1,700,0.0,1,1,2,Personal-Use Buyers,-1.6802948927683294,-0.42126612650637324
C1522,Individual,Debra,Mitchell,1964-09-14,F,Usa,Washington,Home,5,No,Website,61.3,0,4,1598304.98,399576.245,568937.95,5515.94,2024-04-01,2025-10-01,3,1,4,1,548,0.25,1,0,1,Global Investors,1.8162593486725986,0.017670289515838083
C1523,Company,Horizon,Co,1981-07-22,M,Australia,Victoria,Investment,3,No,Website,44.4,0,4,1652083.92,413020.98,563972.46,5339.51,2025-05-01,2025-12-01,4,0,4,1,214,0.0,1,0,1,Global Investors,1.715980841740097,0.42509093675968534
C1524,Individual,Jordan,Wilson,1967-07-24,M,Usa,Virginia,Home,2,No,Client,58.4,0,4,1434208.3,358552.075,582397.59,4656.0599999999995,2024-02-01,2025-06-01,2,2,4,1,486,0.5,1,0,2,Global Investors,0.7780801200971115,0.5270460047091023
C1525,Individual,Timothy,Brown,1959-08-24,M,Usa,California,Home,1,No,Agency,66.4,0,3,1336757.18,445585.7266666666,544081.2,4534.89,2025-02-01,2025-12-01,3,0,3,1,303,0.0,1,0,2,Global Investors,0.3995378419352507,1.3075349541210408
C1526,Individual,Victoria,Howard,1956-08-05,F,Usa,California,Home,3,No,Website,69.4,0,3,1429330.15,476443.3833333333,559747.82,4802.74,2024-03-01,2025-05-01,3,0,3,1,426,0.0,1,0,1,Global Investors,0.9489317632177375,1.2157340332397075
C1527,Individual,Martha,Thomas,1989-05-13,F,Usa,California,Home,1,No,Agency,36.6,0,3,993447.0599999999,331149.01999999996,403651.55,3601.05,2024-03-01,2025-06-01,3,0,3,1,457,0.0,1,1,2,Personal-Use Buyers,-1.307529861186819,0.6231184709951854
C1528,Individual,Jennifer,Weaver,1997-09-02,F,Germany,Hamburg,Home,1,Yes,Website,28.3,1,3,1058452.68,352817.56,522641.04,3375.51,2024-10-01,2025-12-01,2,1,3,1,426,0.333,1,2,0,First-Time Buyers,-1.2156750987186677,1.61151732833968
C1529,Company,Helios,Co,1989-04-19,M,Usa,California,Home,4,No,Website,36.7,0,4,1614522.9000000001,403630.72500000003,559177.67,5403.92,2024-01-01,2025-11-01,4,0,4,1,670,0.0,1,0,1,Global Investors,1.6798716102521905,0.2714790933483678
C1530,Individual,Sarah,Wright,1988-11-20,F,Usa,California,Home,2,No,Website,37.1,0,3,1011087.75,337029.25,506418.4,3323.43,2024-01-01,2025-06-01,3,0,3,1,517,0.0,1,1,2,Personal-Use Buyers,-1.3295438774494752,0.48094919727648394
C1531,Individual,Bryan,Cox,1964-03-15,M,France,Brittany,Investment,2,No,Website,61.8,0,4,1272471.05,318117.7625,509367.59,4261.66,2024-04-01,2024-12-01,2,2,4,1,244,0.5,1,1,2,Personal-Use Buyers,0.11029311319019941,0.05437787772610943
C1532,Individual,Linda,Freeman,1998-09-26,F,Usa,Texas,Home,3,Yes,Website,27.3,1,4,1446462.79,361615.6975,553937.2,4656.0599999999995,2024-05-01,2025-06-01,4,0,4,1,396,0.0,1,2,0,First-Time Buyers,0.7350286998994843,0.27060637433356655
C1533,Individual,Anthony,Bryant,1988-10-05,M,Canada,British Columbia,Home,4,No,Agency,37.2,0,4,1019127.09,254781.7725,479088.84,2909.06,2024-09-01,2025-07-01,2,2,4,1,303,0.5,1,1,2,Personal-Use Buyers,-1.3524143221507352,-0.5161326152798845
C1534,Individual,Sandra,Pierce,1996-06-08,F,Usa,California,Home,4,Yes,Website,29.6,1,3,1195359.88,398453.2933333333,552866.95,3910.42,2024-04-01,2025-10-01,3,0,3,1,548,0.0,1,2,0,First-Time Buyers,-0.381960743929132,1.0335442566189237
C1535,Individual,Jeremy,Stone,1994-09-03,M,Uk,England,Investment,3,No,Agency,31.3,0,4,1967005.46,491751.365,621748.81,6365.889999999999,2024-08-01,2025-09-01,4,0,4,1,396,0.0,1,0,1,Global Investors,3.0946212419538295,1.498020912439189
C1536,Individual,Sara,Baker,1982-06-05,F,Usa,Washington,Home,3,No,Website,43.6,0,3,1076884.84,358961.61333333334,687894.92,3151.93,2024-05-01,2025-06-01,2,1,3,1,396,0.333,1,1,2,Personal-Use Buyers,-1.1298682513135614,0.9362437474086177
C1537,Individual,Lisa,Foster,1999-08-04,F,Usa,Arizona,Home,5,No,Website,26.4,0,3,1637300.4100000001,545766.8033333333,581950.52,4737.9400000000005,2024-11-01,2025-06-01,2,1,3,1,212,0.333,1,0,1,Global Investors,1.5490332358871397,2.831350468830541
C1538,Individual,Jessica,Kim,1947-01-07,F,Usa,California,Investment,5,No,Website,79.0,0,3,775544.78,258514.92666666667,394524.62,2824.14,2024-05-01,2025-09-01,2,1,3,1,488,0.333,1,1,2,Personal-Use Buyers,-2.120821237998425,-1.0394279050166082
C1539,Individual,Terry,Brown,1997-05-13,M,Usa,Nevada,Home,1,No,Agency,28.6,0,3,811448.36,270482.7866666667,281239.32,2986.5299999999997,2024-05-01,2025-06-01,3,0,3,1,396,0.0,1,1,2,Personal-Use Buyers,-2.2498303582960637,0.1276740765917809
C1540,Individual,Roger,Cox,1957-12-02,M,Usa,California,Home,2,Yes,Client,68.1,1,3,842510.7,280836.89999999997,433230.74,2724.7,2024-10-01,2025-06-01,3,0,3,1,243,0.0,1,2,0,First-Time Buyers,-2.1230828264879356,-0.49599482819926716
C1541,Individual,Carl,Adams,1964-11-20,M,Usa,California,Home,2,No,Website,61.1,0,4,1173616.46,293404.115,412683.22,3980.11,2024-10-01,2025-03-01,3,1,4,1,151,0.25,1,1,2,Personal-Use Buyers,-0.31062274226807624,-0.5949976133808522
C1542,Individual,Gary,Cook,1989-07-27,M,Usa,Nevada,Home,1,Yes,Website,36.4,1,3,1261648.92,420549.63999999996,589311.2,4070.24,2024-02-01,2025-01-01,3,0,3,1,335,0.0,1,2,0,First-Time Buyers,-0.16233593637836585,1.6535254144409035
C1543,Individual,Virginia,Peterson,1955-11-10,F,Usa,New York,Investment,3,No,Agency,70.1,0,3,1199490.31,399830.10333333333,586216.96,3802.2200000000003,2024-07-01,2025-02-01,2,1,3,1,215,0.333,1,1,2,Personal-Use Buyers,-0.34476084344494556,0.9401395503866717
C1544,Individual,Heather,Evans,1947-04-27,F,Russia,Tatarstan,Home,3,No,Website,78.7,0,3,1551623.3,517207.76666666666,596353.18,5037.32,2024-02-01,2025-02-01,3,0,3,1,366,0.0,1,0,1,Global Investors,1.4876101962244765,1.4975424029728253
C1545,Individual,Elizabeth,Price,1992-11-23,F,Usa,California,Investment,1,Yes,Website,33.1,1,3,1101811.15,367270.3833333333,494550.09,3763.51,2024-01-01,2024-04-01,3,0,3,1,91,0.0,1,2,0,First-Time Buyers,-0.8680283579153582,1.1582377940482682
C1546,Individual,Sarah,Scott,1966-06-06,F,Mexico,Puebla,Home,4,Yes,Agency,59.6,1,4,1161022.51,290255.6275,519316.1,3499.9700000000003,2024-06-01,2024-12-01,3,1,4,1,183,0.25,1,2,0,First-Time Buyers,-0.583169339391598,-0.7800371923724624
C1547,Individual,Margaret,Martin,1975-04-03,F,Usa,Florida,Home,2,Yes,Agency,50.7,1,4,1199337.46,299834.365,455404.07,3989.66,2024-01-01,2025-12-01,3,1,4,1,700,0.25,1,2,0,First-Time Buyers,-0.29983550425081906,-0.2026963555951387
C1548,Company,Telnox,Co,1967-12-26,M,Usa,California,Home,2,Yes,Website,58.0,1,3,615223.03,205074.34333333335,249761.11,2036.9099999999999,2024-12-01,2025-12-01,3,0,3,1,365,0.0,1,2,0,First-Time Buyers,-3.239357767025323,-1.1125487581432767
C1549,Individual,Gary,Reyes,1961-06-15,M,Mexico,Nuevo Leon,Home,4,No,Client,64.5,0,3,837044.35,279014.7833333333,334152.7,2950.28,2024-03-01,2024-11-01,3,0,3,1,245,0.0,1,1,2,Personal-Use Buyers,-1.9747596270401417,-0.9005939430343235
C1550,Individual,Jason,Rogers,1998-10-01,M,Usa,California,Home,2,No,Agency,27.2,0,4,1368767.79,342191.9475,579944.58,4656.0599999999995,2024-02-01,2025-06-01,4,0,4,1,486,0.0,1,0,1,Global Investors,0.4551815541956182,0.13750299994398302
C1551,Individual,Aaron,Howard,1991-05-17,M,Usa,California,Home,2,No,Agency,34.6,0,3,1252240.69,417413.5633333333,487577.71,4314.88,2024-02-01,2024-10-01,2,1,3,1,243,0.333,1,0,2,Global Investors,-0.04105515120575432,1.8924918611796806
C1552,Individual,Peter,Wilson,1947-04-20,M,Usa,California,Investment,2,Yes,Agency,78.7,1,4,1356450.7000000002,339112.67500000005,570187.06,4296.21,2024-10-01,2025-09-01,3,1,4,1,335,0.25,1,2,0,First-Time Buyers,0.39077673609672664,-0.26134549915641264
C1553,Company,Horizon,Co,1990-03-27,M,Usa,Utah,Home,4,No,Agency,35.8,0,3,979536.36,326512.12,505829.79,3116.15,2024-02-01,2025-08-01,3,0,3,1,547,0.0,1,1,2,Personal-Use Buyers,-1.5046048925526385,0.088665151545172
C1554,Individual,Gregory,Cox,1998-03-04,M,Germany,Bavaria,Home,1,No,Website,27.8,0,3,742034.24,247344.74666666667,293555.19,2036.9099999999999,2024-06-01,2025-08-01,3,0,3,1,426,0.0,1,1,2,Personal-Use Buyers,-2.9620114602108027,-0.11018153353147005
C1555,Individual,Julia,Martin,1946-04-25,F,Uk,England,Home,5,No,Website,79.7,0,4,1233852.38,308463.095,488976.07,4050.23,2024-07-01,2025-08-01,4,0,4,1,396,0.0,1,1,2,Personal-Use Buyers,0.03582250761398414,-1.61940142887627
C1556,Individual,Grace,Wood,1982-11-20,F,Usa,Colorado,Investment,2,No,Agency,43.1,0,4,1215734.71,303933.6775,410418.36,4081.55,2024-01-01,2025-05-01,4,0,4,1,486,0.0,1,1,2,Personal-Use Buyers,-0.24545957207272756,-0.534246853975498
C1557,Individual,Joan,Griffin,1942-03-15,F,Usa,New York,Home,2,Yes,Website,83.8,1,3,955054.1799999999,318351.3933333333,528144.96,3217.45,2024-05-01,2025-10-01,3,0,3,1,518,0.0,1,2,0,First-Time Buyers,-1.4284607598512105,-0.37925863488403866
C1558,Individual,Tyler,Phillips,1944-03-12,M,Mexico,Baja California,Home,4,No,Website,81.8,0,3,1482069.56,494023.1866666667,578692.29,5041.58,2024-06-01,2024-10-01,1,2,3,1,122,0.667,1,0,1,Global Investors,1.339737345504424,2.0509541723785008
C1559,Individual,Sara,Mitchell,1975-03-27,F,Uk,England,Home,2,No,Website,50.8,0,3,1345808.87,448602.9566666667,527049.84,4335.88,2024-01-01,2025-01-01,3,0,3,1,366,0.0,1,0,1,Global Investors,0.32704071277538654,1.4276921389815798
C1560,Individual,Christina,Hughes,1940-07-15,F,Usa,California,Home,4,Yes,Client,85.5,1,3,1052677.5699999998,350892.52333333326,415366.42,3444.13,2024-10-01,2025-03-01,2,1,3,1,151,0.333,1,2,0,First-Time Buyers,-0.9179933779921992,0.10873171549893017
C1561,Individual,Jeffrey,Green,1964-04-28,M,Mexico,Nuevo Leon,Investment,5,No,Agency,61.7,0,3,1135294.51,378431.50333333336,661640.07,3581.32,2024-05-01,2025-06-01,3,0,3,1,396,0.0,1,1,2,Personal-Use Buyers,-0.6612663715441244,0.028293989506862693
C1562,Individual,Maria,Morris,1987-07-05,F,Usa,California,Home,4,No,Client,38.5,0,3,1179775.32,393258.44,534178.9,3804.1400000000003,2024-02-01,2024-11-01,3,0,3,1,274,0.0,1,1,1,Personal-Use Buyers,-0.4722816783675308,0.712612053404723
C1563,Individual,Susan,Baker,1987-06-18,F,Usa,Utah,Home,5,No,Website,38.5,0,3,979729.05,326576.35000000003,428024.76,3272.3199999999997,2025-07-01,2025-11-01,2,1,3,1,123,0.333,1,1,2,Personal-Use Buyers,-1.3344170307693797,0.3510003923894536
C1564,Individual,Jason,Wood,1964-11-06,M,Usa,Washington,Investment,5,No,Website,61.1,0,3,1595925.43,531975.1433333333,634070.07,4906.87,2024-10-01,2025-12-01,3,0,3,1,426,0.0,1,0,1,Global Investors,1.5819601162954937,1.5959937873631944
C1565,Individual,Kenneth,Bennett,1980-08-08,M,Mexico,Jalisco,Home,4,No,Agency,45.4,0,4,1140899.22,285224.805,422684.36,3976.29,2024-02-01,2025-01-01,3,1,4,1,335,0.25,1,1,2,Personal-Use Buyers,-0.4316967343286462,-0.7141523242973148
C1566,Individual,Anthony,Wilson,1995-01-01,M,Usa,California,Home,3,No,Website,31.0,0,4,1450240.65,362560.1625,530764.64,4700.94,2024-12-01,2025-08-01,4,0,4,1,243,0.0,1,0,1,Global Investors,0.7882800877300239,0.0939553512562618
C1567,Individual,Frank,Wilson,1977-10-11,M,Usa,Georgia,Home,4,No,Client,48.2,0,4,1594452.6199999999,398613.15499999997,537350.96,5107.95,2024-01-01,2025-05-01,3,1,4,1,486,0.25,1,0,1,Global Investors,1.4983886853838757,0.40396986808874363
C1568,Individual,Betty,Owens,1990-03-06,F,Usa,California,Home,5,No,Website,35.8,0,3,1373808.0899999999,457936.02999999997,570859.46,4071.58,2024-12-01,2025-06-01,2,1,3,1,182,0.333,1,0,2,Global Investors,0.36697769388031704,1.760008125974741
C1569,Individual,Pamela,Turner,1993-11-05,F,Usa,California,Investment,1,Yes,Website,32.2,1,3,1175242.5499999998,391747.5166666666,624932.71,3774.87,2024-02-01,2025-09-01,3,0,3,1,578,0.0,1,2,0,First-Time Buyers,-0.6236245266308761,1.4268034539316854
C1570,Individual,Amanda,Williams,1963-12-27,F,Usa,Ohio,Home,5,No,Website,62.0,0,4,1469638.4,367409.6,493931.35,5334.25,2024-01-01,2024-03-01,4,0,4,1,60,0.0,1,0,1,Global Investors,1.3393034250020925,-0.7138061939017428
C1571,Individual,Ethan,Morales,1978-06-03,M,Usa,California,Home,2,No,Website,47.6,0,4,1243439.96,310859.99,396729.97,4368.34,2024-12-01,2025-11-01,4,0,4,1,335,0.0,1,1,1,Personal-Use Buyers,0.036592204083878525,-0.5625920262496458
C1572,Individual,Donald,Baker,1960-06-10,M,Australia,Queensland,Home,3,No,Agency,65.6,0,4,886149.52,221537.38,284177.91,2993.32,2024-01-01,2025-05-01,4,0,4,1,486,0.0,1,1,2,Personal-Use Buyers,-1.6643187527292898,-1.9398516475429375
C1573,Individual,Amanda,Richardson,1946-05-07,F,Usa,California,Home,1,No,Website,79.7,0,4,1175839.94,293959.985,410772.92,4239.75,2025-01-01,2025-05-01,2,2,4,1,120,0.5,1,1,2,Personal-Use Buyers,-0.1316970023906051,-0.3529205465140266
C1574,Individual,Gary,Morris,1984-08-14,M,Usa,California,Home,4,No,Website,41.4,0,3,1195224.9,398408.3,488398.75,3766.9,2024-02-01,2025-03-01,3,0,3,1,394,0.0,1,1,1,Personal-Use Buyers,-0.4122100053405659,0.7084369008106415
C1575,Individual,Paul,Freeman,2000-12-19,M,Usa,California,Home,2,No,Website,25.0,0,4,1395067.1600000001,348766.79000000004,494892.28,4634.91,2024-05-01,2025-10-01,4,0,4,1,518,0.0,1,0,1,Global Investors,0.5414615204975407,0.21902932837332154
C1576,Individual,Heather,Cook,1977-09-28,F,Usa,Nevada,Investment,3,Yes,Website,48.3,1,4,1359536.24,339884.06,516417.01,4392.67,2024-02-01,2025-07-01,3,1,4,1,516,0.25,1,2,0,First-Time Buyers,0.41611095216027966,0.068731307824967
C1577,Individual,Ethan,Edwards,1983-02-15,M,Germany,Bavaria,Home,3,No,Website,42.9,0,3,1427933.58,475977.86000000004,574268.12,4415.7,2024-07-01,2025-11-01,2,1,3,1,488,0.333,1,0,1,Global Investors,0.6603481803667753,2.1828069160205117
C1578,Individual,Mark,Turner,1996-03-12,M,Usa,California,Investment,2,No,Website,29.8,0,3,765431.01,255143.67,334041.57,2804.62,2024-09-01,2025-12-01,3,0,3,1,456,0.0,1,1,2,Personal-Use Buyers,-2.4399788814008585,-0.24370664190623734
C1579,Individual,Robert,Bell,1945-10-03,M,Usa,Arizona,Investment,4,No,Website,80.2,0,4,1101753.5899999999,275438.39749999996,300464.18,3808.21,2024-10-01,2025-10-01,3,1,4,1,365,0.25,1,1,2,Personal-Use Buyers,-0.48935586019256627,-1.4430663330432363
C1580,Individual,Jordan,Martin,1997-12-05,M,Usa,Georgia,Investment,1,Yes,Website,28.1,1,4,1008834.66,252208.665,458458.71,3488.8,2024-01-01,2025-12-01,3,1,4,1,700,0.25,1,2,0,First-Time Buyers,-1.1981690935319558,-0.17663857053465934
C1581,Individual,James,Reyes,1950-11-08,M,Usa,California,Investment,1,No,Website,75.1,0,3,1123364.22,374454.74,518409.3,3071.7799999999997,2025-01-01,2025-04-01,1,2,3,1,90,0.667,1,1,2,Personal-Use Buyers,-0.9806595769013833,1.4110443813900455
C1582,Individual,Harold,Baker,1955-08-20,M,France,Ile-De-France,Home,4,Yes,Client,70.4,1,3,1030269.01,343423.00333333336,446919.96,3150.24,2024-04-01,2024-10-01,2,1,3,1,183,0.333,1,2,0,First-Time Buyers,-1.2072310500158685,0.3031243429675369
C1583,Individual,Peter,Scott,1968-01-03,M,Usa,California,Home,2,No,Agency,58.0,0,4,1378030.61,344507.6525,456061.7,4680.54,2024-03-01,2025-05-01,3,1,4,1,426,0.25,1,0,1,Global Investors,0.6052169566127622,0.02176804039910211
C1584,Company,Nexus,Co,1985-08-12,M,France,Brittany,Investment,1,Yes,Website,40.4,1,3,1199226.44,399742.14666666667,491267.17,4085.23,2025-05-01,2025-08-01,3,0,3,1,92,0.0,1,2,0,First-Time Buyers,-0.3731591099405757,1.3979658377119233
C1585,Individual,Kevin,Watson,1960-10-10,M,Canada,Ontario,Home,5,No,Website,65.2,0,4,1480011.91,370002.9775,478106.01,5107.29,2024-06-01,2025-02-01,4,0,4,1,245,0.0,1,0,2,Global Investors,1.2438824211034902,-0.725725751085752
C1586,Individual,Carolyn,Roberts,1967-01-21,F,Germany,Berlin,Home,3,No,Website,58.9,0,3,1116579.83,372193.2766666667,419816.08,3674.04,2024-01-01,2025-04-01,3,0,3,1,456,0.0,1,1,2,Personal-Use Buyers,-0.714851001471641,0.326462502785461
C1587,Individual,Carl,Cooper,1943-12-02,M,Canada,Quebec,Investment,4,Yes,Agency,82.1,1,3,743057.13,247685.71,358380.74,2550.7400000000002,2024-09-01,2024-10-01,3,0,3,1,30,0.0,1,2,0,First-Time Buyers,-2.4648410166091943,-1.3796785956672701
C1588,Individual,Patricia,Thomas,1980-10-25,F,Usa,Utah,Investment,5,No,Website,45.2,0,3,957201.31,319067.10333333333,503642.95,3313.53,2024-01-01,2025-02-01,3,0,3,1,397,0.0,1,1,2,Personal-Use Buyers,-1.394301814367942,-0.34600863699818574
C1589,Individual,Christina,Ward,1953-08-12,F,Usa,California,Investment,4,No,Agency,72.4,0,3,1380536.7000000002,460178.9000000001,593745.43,4190.61,2024-04-01,2024-06-01,2,1,3,1,61,0.333,1,0,1,Global Investors,0.49329584721650094,1.3590888930001568
C1590,Company,Elara,Co,1979-06-19,F,Usa,Oregon,Home,1,No,Website,46.5,0,4,1470403.6,367600.9,497116.96,4915.33,2024-07-01,2025-07-01,3,1,4,1,365,0.25,1,0,1,Global Investors,0.9516168193421719,0.6119774060629998
C1591,Individual,Christine,Brooks,1971-08-15,F,Usa,California,Investment,4,No,Website,54.4,0,4,1676312.98,419078.245,523585.37,5366.86,2024-05-01,2025-10-01,4,0,4,1,518,0.0,1,0,1,Global Investors,1.8842197249535313,0.12732779704068029
C1592,Individual,Heather,Allen,1975-06-01,F,Usa,Texas,Investment,2,Yes,Agency,50.6,1,4,878452.1900000001,219613.04750000002,273978.28,2940.44,2024-04-01,2025-08-01,3,1,4,1,487,0.25,1,2,0,First-Time Buyers,-1.782198154172038,-1.0462499839333943
C1593,Individual,Anthony,Williams,1975-08-05,M,Usa,California,Home,1,No,Website,50.4,0,4,825960.49,206490.1225,280450.33,2664.54,2024-04-01,2024-09-01,4,0,4,1,153,0.0,1,1,2,Personal-Use Buyers,-2.078687025085992,-1.5450892301452865
C1594,Individual,Kathleen,Green,1969-10-24,F,Usa,Colorado,Home,2,No,Agency,56.2,0,4,1522994.53,380748.6325,524785.88,5039.5,2024-07-01,2025-05-01,3,1,4,1,304,0.25,1,0,1,Global Investors,1.204511449289519,0.4342754113196277
C1595,Individual,Charles,Reed,1955-08-20,M,Usa,California,Home,5,No,Website,70.4,0,4,1310147.8599999999,327536.96499999997,583134.02,4746.09,2024-07-01,2025-07-01,4,0,4,1,365,0.0,1,0,2,Global Investors,0.5999940610600424,-1.277311425680513
C1596,Individual,Frank,Hall,1979-11-10,M,Germany,Berlin,Investment,4,No,Website,46.1,0,3,1642954.44,547651.48,634487.77,4947.78,2024-04-01,2025-05-01,3,0,3,1,395,0.0,1,0,1,Global Investors,1.6590686054833457,2.1983370524331995
C1597,Individual,Rachel,Cox,1949-12-28,F,Usa,Nevada,Investment,4,Yes,Website,76.0,1,4,1155778.2,288944.55,356644.67,3790.99,2024-04-01,2025-07-01,4,0,4,1,456,0.0,1,2,0,First-Time Buyers,-0.376098455919007,-1.4874488942674893
C1598,Individual,Angela,Adams,1940-06-23,F,Usa,Georgia,Home,4,Yes,Agency,85.5,1,3,1163931.67,387977.2233333333,523992.65,3931.1899999999996,2024-07-01,2025-09-01,3,0,3,1,427,0.0,1,2,0,First-Time Buyers,-0.3260441954579743,0.0035399966896282158
C1599,Individual,Stephanie,Thompson,1980-11-19,F,Usa,Virginia,Investment,5,Yes,Website,45.1,1,3,1321031.17,440343.7233333333,584321.85,4011.52,2024-10-01,2025-11-01,3,0,3,1,396,0.0,1,2,0,First-Time Buyers,0.15598692161790623,1.0382892182289452
C1600,Individual,Jennifer,Rogers,1968-02-13,F,Belgium,Wallonia,Home,5,No,Website,57.9,0,4,1237164.36,309291.09,430028.88,3938.59,2024-06-01,2025-02-01,4,0,4,1,245,0.0,1,1,2,Personal-Use Buyers,-0.0828504859002519,-1.2493538755454223
C1601,Individual,Tiffany,Parker,1996-08-13,F,Russia,Krasnodar Krai,Home,3,No,Website,29.4,0,3,829078.01,276359.33666666667,324581.41,2741.01,2024-04-01,2025-12-01,3,0,3,1,609,0.0,1,1,2,Personal-Use Buyers,-2.2344294740916633,-0.1717519294145383
C1602,Individual,Harold,Turner,1986-11-01,M,Usa,Nevada,Investment,4,No,Website,39.2,0,4,1676863.99,419215.9975,534260.23,5701.12,2024-10-01,2025-12-01,4,0,4,1,426,0.0,1,0,1,Global Investors,2.011189765111066,0.3877921030511869
C1603,Individual,Hannah,Rogers,1962-09-07,F,Uk,England,Home,5,No,Website,63.3,0,4,1077719.71,269429.9275,371548.46,3904.8199999999997,2024-06-01,2025-08-01,2,2,4,1,426,0.5,1,1,2,Personal-Use Buyers,-0.515999299987903,-0.9895345476800038
C1604,Individual,Ronald,Kim,1949-09-10,M,Usa,Texas,Home,4,No,Website,76.3,0,3,1050264.24,350088.08,539529.66,3731.47,2024-03-01,2025-06-01,2,1,3,1,457,0.333,1,1,2,Personal-Use Buyers,-0.7791196061316478,0.12528367253685693
C1605,Individual,Joshua,Collins,1999-01-21,M,Uk,England,Investment,4,Yes,Website,26.9,1,4,1170783.34,292695.835,573983.92,3499.9700000000003,2024-05-01,2025-08-01,2,2,4,1,457,0.5,1,2,0,First-Time Buyers,-0.6246100264922424,0.16308329356534848
C1606,Individual,Zachary,Howard,1965-03-20,M,Usa,Washington,Home,1,Yes,Agency,60.8,1,3,917562.71,305854.23666666663,396586.67,3100.45,2025-02-01,2025-12-01,2,1,3,1,303,0.333,1,2,0,First-Time Buyers,-1.729914207516626,0.5811265652860284
C1607,Individual,Emma,Hall,1963-03-11,F,Usa,California,Home,3,No,Agency,62.8,0,3,829294.5700000001,276431.5233333334,345524.63,2782.8199999999997,2024-05-01,2025-07-01,3,0,3,1,426,0.0,1,1,2,Personal-Use Buyers,-2.1203276958726587,-0.7278570211959018
C1608,Individual,Heather,Pierce,1999-11-14,F,Uk,England,Home,4,Yes,Website,26.1,1,3,1431381.65,477127.2166666666,609069.59,4343.46,2025-09-01,2025-11-01,2,1,3,1,61,0.333,1,0,0,Global Investors,0.6128758502929378,2.435882124166131
C1609,Individual,Justin,Reed,1964-10-02,M,Usa,California,Investment,2,No,Website,61.2,0,3,804844.43,268281.4766666667,327614.46,2701.38,2024-09-01,2025-01-01,3,0,3,1,122,0.0,1,1,2,Personal-Use Buyers,-2.264755352285275,-0.6398441623127097
C1610,Individual,Kenneth,White,1967-03-23,M,Usa,California,Investment,3,No,Website,58.8,0,4,1249167.74,312291.935,464148.93,4456.85,2024-03-01,2025-11-01,3,1,4,1,610,0.25,1,1,2,Personal-Use Buyers,0.17113858736130966,-0.5223097965624662
C1611,Individual,Sarah,Bryant,1975-09-02,F,Usa,Nevada,Investment,4,No,Website,50.3,0,4,1072189.52,268047.38,300261.31,3371.0,2024-03-01,2025-02-01,4,0,4,1,337,0.0,1,1,2,Personal-Use Buyers,-0.9093202790911262,-1.3979206543445173
C1612,Individual,Jason,Price,1990-02-25,M,Usa,California,Home,1,No,Agency,35.8,0,3,766554.56,255518.18666666668,389142.71,2517.4300000000003,2024-03-01,2024-09-01,3,0,3,1,184,0.0,1,1,2,Personal-Use Buyers,-2.6180073251393554,-0.1514502362114288
C1613,Individual,Ryan,Griffin,1998-01-08,M,Denmark,Southern Denmark,Home,2,Yes,Agency,28.0,1,4,1608368.22,402092.055,536339.3,5602.79,2024-03-01,2025-02-01,3,1,4,1,337,0.25,1,0,0,Global Investors,1.6340954816616537,1.2816398097340715
C1614,Individual,Julie,Williams,1968-05-16,F,Usa,Utah,Investment,4,No,Website,57.6,0,3,822155.05,274051.68333333335,375800.81,3178.04,2025-03-01,2025-10-01,3,0,3,1,214,0.0,1,1,2,Personal-Use Buyers,-1.9034965717907464,-0.8538537894002196
C1615,Individual,Jason,Mitchell,1963-08-01,M,Usa,Utah,Home,5,No,Agency,62.4,0,3,857125.52,285708.50666666665,475179.93,2711.61,2024-01-01,2025-09-01,3,0,3,1,609,0.0,1,1,2,Personal-Use Buyers,-1.998619796771683,-0.9625512261949946
C1616,Individual,Aaron,Nelson,1991-09-01,M,Uk,Wales,Investment,5,Yes,Website,34.3,1,4,1344053.71,336013.4275,542250.95,4512.51,2024-01-01,2025-12-01,4,0,4,1,700,0.0,1,2,0,First-Time Buyers,0.4323722024658755,-0.4335965217515378
C1617,Individual,Michelle,Baker,1952-10-09,F,Usa,California,Home,3,No,Website,73.2,0,3,776005.5,258668.5,389944.98,2517.4300000000003,2024-02-01,2025-03-01,3,0,3,1,394,0.0,1,1,2,Personal-Use Buyers,-2.3720602342483086,-1.1136516427513679
C1618,Individual,Linda,Price,1962-11-22,F,Usa,Washington,Home,2,Yes,Website,63.1,1,4,1356655.6800000002,339163.92000000004,567758.66,4413.21,2024-02-01,2025-10-01,3,1,4,1,608,0.25,1,2,0,First-Time Buyers,0.44177299165920697,-0.022424017616980377
C1619,Individual,Jason,Baker,1952-10-24,M,Belgium,Wallonia,Home,2,No,Website,73.2,0,4,1390206.46,347551.615,466648.29,4656.0599999999995,2024-04-01,2025-11-01,2,2,4,1,579,0.5,1,0,2,Global Investors,0.7036265884810997,0.16481674074409455
C1620,Individual,Jacob,Morales,1944-05-07,M,Usa,California,Home,1,Yes,Website,81.7,1,3,788250.3500000001,262750.1166666667,306030.71,2937.26,2024-03-01,2024-12-01,2,1,3,1,275,0.333,1,2,0,First-Time Buyers,-2.145311593210528,-0.2441054684227292
C1621,Individual,Carl,Wood,1954-06-15,M,Usa,Oregon,Investment,2,No,Agency,71.5,0,3,739739.97,246579.99,330239.65,2919.27,2024-07-01,2025-08-01,3,0,3,1,396,0.0,1,1,2,Personal-Use Buyers,-2.361379101597675,-1.0130603254538075
C1622,Individual,Angela,Taylor,1961-02-01,F,Usa,Oregon,Home,1,Yes,Website,64.9,1,3,1054193.3599999999,351397.7866666666,466599.16,3323.43,2024-10-01,2025-03-01,3,0,3,1,151,0.0,1,2,0,First-Time Buyers,-1.1415814672202909,0.4517164465285693
C1623,Individual,Julia,Hall,1994-01-12,F,Usa,Oregon,Home,4,No,Website,32.0,0,3,1060233.46,353411.1533333333,508317.94,3333.89,2024-08-01,2024-10-01,3,0,3,1,61,0.0,1,1,2,Personal-Use Buyers,-1.1102616150179152,0.3997523207568351
C1624,Individual,Jennifer,Stewart,1951-01-04,F,Usa,California,Home,4,Yes,Website,75.0,1,4,1943363.94,485840.985,663848.64,6410.68,2024-03-01,2025-11-01,4,0,4,1,610,0.0,1,0,1,Global Investors,3.2657039874653573,0.6067828200464046
C1625,Individual,Harold,Wright,2000-02-03,M,Australia,Western Australia,Home,4,No,Agency,25.9,0,3,910587.85,303529.2833333333,437096.17,3284.52,2024-09-01,2025-08-01,3,0,3,1,334,0.0,1,1,2,Personal-Use Buyers,-1.6935658961604898,0.026722954626623146
C1626,Individual,Jennifer,Morales,1970-02-24,F,France,Provence,Home,2,Yes,Website,55.8,1,3,1225657.22,408552.4066666667,506351.81,4394.54,2024-08-01,2024-11-01,3,0,3,1,92,0.0,1,2,0,First-Time Buyers,-0.032232187033956645,1.0516518705734967
C1627,Individual,David,Bryant,1973-08-14,M,Usa,California,Investment,1,No,Website,52.4,0,3,1275226.77,425075.59,487397.65,4583.59,2024-05-01,2025-11-01,3,0,3,1,549,0.0,1,0,1,Global Investors,0.19578314683874687,1.3096843858880753
C1628,Company,Lumina,Co,1993-10-13,F,France,Normandy,Home,4,Yes,Website,32.2,1,3,800299.08,266766.36,369992.93,2528.19,2024-04-01,2025-04-01,2,1,3,1,365,0.333,1,2,0,First-Time Buyers,-2.38702708231806,0.15334207188110507
C1629,Individual,Stephanie,Roberts,1956-08-26,F,Usa,Utah,Home,5,No,Agency,69.3,0,3,789150.05,263050.01666666666,370439.82,3024.39,2024-09-01,2025-11-01,2,1,3,1,426,0.333,1,1,2,Personal-Use Buyers,-2.020333593832995,-0.8044014666504987
C1630,Company,Grandis,Co,1994-05-06,F,Usa,Virginia,Investment,1,Yes,Website,31.7,1,3,1206881.92,402293.9733333333,466289.68,4014.44,2024-01-01,2024-08-01,2,1,3,1,213,0.333,1,2,0,First-Time Buyers,-0.3792091885652498,2.0615314647209995
C1631,Individual,Joan,Patterson,1966-03-12,F,Uk,Northern Ireland,Home,5,No,Website,59.8,0,4,1683720.2,420930.05,605216.52,5068.28,2024-01-01,2025-02-01,3,1,4,1,397,0.25,1,0,1,Global Investors,1.813848852841499,0.2837994015472713
C1632,Individual,Victoria,Wright,1963-07-12,F,Usa,California,Investment,3,Yes,Agency,62.5,1,4,1425130.6800000002,356282.67000000004,587752.9,4611.02,2024-01-01,2025-11-01,4,0,4,1,670,0.0,1,2,0,First-Time Buyers,0.7222845793889857,-0.3551543053021336
C1633,Individual,Sara,Bennett,1977-07-03,F,Canada,Ontario,Home,2,No,Website,48.5,0,3,847190.3300000001,282396.7766666667,430268.83,2930.45,2024-07-01,2025-05-01,2,1,3,1,304,0.333,1,1,2,Personal-Use Buyers,-2.0362204293843926,0.24467482761172268
C1634,Individual,Sara,King,1944-01-11,F,Usa,Georgia,Investment,2,No,Website,82.0,0,4,1044217.01,261054.2525,444069.92,3488.8,2024-01-01,2025-10-01,4,0,4,1,639,0.0,1,1,2,Personal-Use Buyers,-0.8972587730554105,-1.670219136287489
C1635,Individual,Lawrence,Moore,1948-04-27,M,France,Brittany,Home,1,No,Website,77.7,0,4,1104480.44,276120.11,557253.35,3678.9700000000003,2024-02-01,2025-08-01,4,0,4,1,547,0.0,1,1,2,Personal-Use Buyers,-0.6769423884581617,-1.2540005683548912
C1636,Company,Zynex,Co,1987-01-10,F,Usa,Arizona,Home,5,Yes,Website,39.0,1,3,1171439.72,390479.9066666667,480665.23,3925.54,2024-01-01,2024-08-01,2,1,3,1,213,0.333,1,2,0,First-Time Buyers,-0.37109599606637766,1.1393576236379566
C1637,Individual,Jacob,Cook,1969-02-11,M,Mexico,Nuevo Leon,Home,5,No,Agency,56.9,0,3,1333020.46,444340.1533333333,558806.02,4575.54,2024-04-01,2025-02-01,3,0,3,1,306,0.0,1,0,1,Global Investors,0.5000363286871836,0.7948942912816599
C1638,Individual,Cynthia,Peterson,1978-12-14,F,France,Occitanie,Investment,1,Yes,Agency,47.0,1,3,1047895.71,349298.57,487075.17,3527.05,2024-08-01,2025-06-01,1,2,3,1,304,0.667,1,2,0,First-Time Buyers,-1.1323035956213823,1.7950628460273028
C1639,Individual,Ronald,Smith,1943-09-26,M,Usa,Colorado,Home,1,No,Website,82.3,0,4,1088561.44,272140.36,434288.76,3901.69,2024-01-01,2025-01-01,4,0,4,1,366,0.0,1,1,2,Personal-Use Buyers,-0.5774516306922424,-1.3900496497853274
C1640,Individual,Helen,Adams,1966-11-04,F,Usa,California,Home,1,Yes,Website,59.2,1,4,1172146.65,293036.6625,383671.53,4191.96,2024-02-01,2024-08-01,4,0,4,1,182,0.0,1,2,0,First-Time Buyers,-0.26577607501516004,-0.6541454902958602
C1641,Individual,Charles,Phillips,1972-02-14,M,Usa,Utah,Home,1,No,Agency,53.9,0,4,1898878.08,474719.52,649429.33,6016.389999999999,2024-02-01,2025-11-01,2,2,4,1,639,0.5,1,0,1,Global Investors,2.768873767621148,2.013832110640586
C1642,Individual,Maria,Adams,1981-07-20,F,Canada,British Columbia,Home,5,No,Website,44.4,0,4,1441785.62,360446.405,590849.87,4668.639999999999,2024-05-01,2025-07-01,2,2,4,1,426,0.5,1,0,1,Global Investors,0.8666070300731098,0.2863649201254915
C1643,Individual,Carl,Rogers,1978-01-09,M,France,Ile-De-France,Home,4,No,Agency,48.0,0,3,1182889.92,394296.63999999996,522875.6,4406.08,2024-11-01,2025-11-01,3,0,3,1,365,0.0,1,0,2,Global Investors,-0.1438996826968013,0.5995807448395144
C1644,Individual,Megan,Freeman,1944-06-22,F,Usa,California,Home,1,No,Client,81.5,0,4,1312822.17,328205.5425,406698.29,4097.35,2024-02-01,2024-09-01,4,0,4,1,213,0.0,1,1,2,Personal-Use Buyers,0.14989467399763456,-0.7791507240924683
C1645,Individual,Shirley,Chavez,1995-02-08,F,Australia,New South Wales,Investment,1,No,Website,30.9,0,4,1503973.21,375993.3025,503034.95,4952.46,2024-03-01,2025-08-01,3,1,4,1,518,0.25,1,0,1,Global Investors,0.9893712377084644,0.9734228693538771
C1646,Individual,Billy,Patterson,1998-06-10,M,Usa,Washington,Investment,4,Yes,Agency,27.6,1,3,972186.46,324062.1533333333,356950.7,3157.36,2024-05-01,2024-08-01,3,0,3,1,92,0.0,1,2,0,First-Time Buyers,-1.5515153075530261,0.3201026157692867
C1647,Individual,Paul,Stone,1945-11-25,M,Usa,Ohio,Home,4,Yes,Agency,80.1,1,3,1316368.95,438789.64999999997,474177.38,4415.7,2024-08-01,2025-05-01,3,0,3,1,273,0.0,1,0,0,Global Investors,0.4092910448187301,0.6231999730178998
C1648,Individual,Julia,Wood,1949-09-21,F,Australia,New South Wales,Home,3,No,Website,76.3,0,3,1282946.7,427648.89999999997,515026.76,4430.83,2024-07-01,2025-04-01,2,1,3,1,274,0.333,1,0,2,Global Investors,0.2959604641077956,1.1154663267010372
C1649,Individual,Melissa,Price,1982-03-02,F,Usa,Oregon,Home,4,Yes,Agency,43.8,1,4,1540887.81,385221.9525,440680.26,5016.18,2024-02-01,2025-07-01,3,1,4,1,516,0.25,1,0,0,Global Investors,1.2659911290183703,0.4780577212601221
C1650,Individual,Edward,Griffin,1969-04-01,M,Usa,Washington,Investment,2,No,Website,56.8,0,3,1065238.5,355079.5,573660.29,3173.8500000000004,2024-04-01,2025-01-01,2,1,3,1,275,0.333,1,1,2,Personal-Use Buyers,-1.160047779051012,0.8429907873670557
C1651,Individual,Ryan,Bell,1945-11-19,M,Usa,California,Investment,4,No,Website,80.1,0,3,962066.4199999999,320688.80666666664,453763.04,2641.98,2024-08-01,2025-12-01,3,0,3,1,487,0.0,1,1,2,Personal-Use Buyers,-1.6506383657154429,-0.7549131565967785
C1652,Individual,Paul,Weaver,1964-01-15,M,Usa,Nevada,Investment,4,Yes,Client,62.0,1,3,1078933.8,359644.60000000003,468522.56,3505.15,2024-01-01,2025-12-01,2,1,3,1,700,0.333,1,2,0,First-Time Buyers,-0.8850806902298719,0.5991326212867844
C1653,Individual,Sara,White,1974-08-02,F,Usa,Colorado,Investment,4,Yes,Website,51.4,1,4,957106.48,239276.62,394592.34,3443.73,2024-09-01,2025-08-01,4,0,4,1,334,0.0,1,2,0,First-Time Buyers,-1.2079047176740407,-1.5938489775597504
C1654,Individual,Judith,Brooks,1968-04-05,F,Usa,California,Home,1,No,Website,57.7,0,4,1250065.3800000001,312516.34500000003,579412.56,3806.55,2024-11-01,2025-11-01,3,1,4,1,365,0.25,1,1,2,Personal-Use Buyers,-0.22480108232312115,-0.16927596684903198
C1655,Individual,Sara,Cox,1965-05-16,F,Usa,Texas,Investment,2,No,Website,60.6,0,3,974749.8,324916.60000000003,398928.35,3265.76,2024-05-01,2025-01-01,2,1,3,1,245,0.333,1,1,2,Personal-Use Buyers,-1.3977719848781178,0.4670282437895394
C1656,Individual,Jacob,Baker,1991-05-05,M,Belgium,Wallonia,Investment,4,Yes,Website,34.7,1,4,1401657.84,350414.46,531573.93,4729.49,2024-09-01,2025-10-01,3,1,4,1,395,0.25,1,2,0,First-Time Buyers,0.6901989071939189,0.2545008326561266
C1657,Individual,Donald,Kim,1958-05-19,M,Usa,California,Home,2,No,Website,67.6,0,4,1316624.69,329156.1725,487604.6,4095.87,2024-04-01,2025-05-01,3,1,4,1,395,0.25,1,1,2,Personal-Use Buyers,0.18307943602821874,-0.3293676294648111
C1658,Individual,Ronald,Patterson,1970-08-07,M,Usa,California,Home,5,No,Agency,55.4,0,4,1243178.6,310794.65,488058.16,3936.48,2024-03-01,2024-10-01,4,0,4,1,214,0.0,1,1,2,Personal-Use Buyers,-0.0891390731031304,-1.1785811623785396
C1659,Individual,Joshua,Thompson,1946-09-05,M,Denmark,Zealand,Home,4,No,Website,79.3,0,4,1576416.87,394104.2175,536988.38,5229.2,2024-01-01,2025-07-01,4,0,4,1,547,0.0,1,0,2,Global Investors,1.6009185095896774,-0.5395654721811575
C1660,Individual,Henry,Richardson,1940-04-27,M,Usa,Nevada,Home,4,Yes,Website,85.7,1,4,1330046.48,332511.62,529448.55,4274.28,2024-06-01,2025-06-01,4,0,4,1,365,0.0,1,2,0,First-Time Buyers,0.41946791968732267,-1.1938370233713023
C1661,Individual,Ronald,Cox,1975-08-20,M,Usa,Washington,Home,4,No,Agency,50.4,0,3,1511063.27,503687.75666666665,626977.89,4798.03,2024-06-01,2025-07-01,2,1,3,1,395,0.333,1,0,1,Global Investors,1.17868814894664,2.1831034473447883
C1662,Individual,Gary,Montgomery,1967-05-16,M,Russia,Tatarstan,Home,4,No,Website,58.6,0,4,1505862.74,376465.685,536177.39,5281.4,2024-07-01,2025-07-01,3,1,4,1,365,0.25,1,0,1,Global Investors,1.3704169273966134,0.004516030942845067
C1663,Individual,Joshua,Garcia,1977-05-13,M,Usa,Colorado,Investment,3,No,Agency,48.6,0,3,926064.21,308688.07,399712.39,3128.13,2024-07-01,2024-10-01,2,1,3,1,92,0.333,1,1,2,Personal-Use Buyers,-1.6611386937785455,0.35758168377921745
C1664,Individual,Judith,Hayes,1969-07-25,F,France,Occitanie,Investment,5,No,Agency,56.4,0,3,1390001.73,463333.91,559963.06,4335.88,2024-10-01,2025-06-01,2,1,3,1,243,0.333,1,0,1,Global Investors,0.5680395418079268,1.5123494760404732
C1665,Individual,Harold,Bell,1995-12-16,M,Usa,Arizona,Home,5,No,Website,30.0,0,4,966971.19,241742.7975,324550.9,3308.8,2024-06-01,2025-10-01,4,0,4,1,487,0.0,1,1,2,Personal-Use Buyers,-1.264696636846305,-1.5008114020940444
C1666,Individual,Brenda,Edwards,1962-09-08,F,Usa,Ohio,Home,2,No,Website,63.3,0,3,706503.5900000001,235501.19666666668,272425.15,2208.13,2024-02-01,2025-07-01,3,0,3,1,516,0.0,1,1,2,Personal-Use Buyers,-2.8264793550004303,-1.0188134421236712
C1667,Individual,Stephanie,Cook,1967-11-14,F,Usa,California,Investment,4,No,Agency,58.1,0,3,831811.52,277270.50666666665,312521.87,2586.33,2024-06-01,2025-06-01,3,0,3,1,365,0.0,1,1,2,Personal-Use Buyers,-2.205401653083525,-0.8074510003034858
C1668,Individual,Scott,Green,1957-11-12,M,Australia,Victoria,Home,5,No,Website,68.1,0,4,1046863.21,261715.8025,439078.0,3488.8,2024-12-01,2025-05-01,4,0,4,1,151,0.0,1,1,2,Personal-Use Buyers,-0.8384311655040042,-1.9198088691762105
C1669,Individual,Steven,Collins,1960-04-07,M,Canada,Alberta,Investment,3,Yes,Agency,65.7,1,4,948271.3400000001,237067.83500000002,330897.08,3350.09,2024-02-01,2025-02-01,2,2,4,1,366,0.5,1,2,0,First-Time Buyers,-1.2905549191572576,-0.8877609347970403
C1670,Individual,Angela,Watson,1970-12-09,F,Usa,Colorado,Home,3,Yes,Website,55.1,1,4,1356021.03,339005.2575,441253.62,4306.36,2024-04-01,2025-10-01,3,1,4,1,548,0.25,1,2,0,First-Time Buyers,0.3934408641360649,-0.05775424891220754
C1671,Individual,Ashley,Howard,1948-09-13,F,Usa,California,Home,3,No,Agency,77.3,0,4,1329236.75,332309.1875,442394.76,4482.48,2024-02-01,2025-11-01,3,1,4,1,639,0.25,1,0,2,Global Investors,0.4567321637151756,-0.6024815844124961
C1672,Individual,Jacqueline,Morales,1974-04-09,F,Usa,Nevada,Investment,4,No,Website,51.7,0,3,728363.1699999999,242787.7233333333,361228.37,2669.75,2024-02-01,2025-04-01,3,0,3,1,425,0.0,1,1,2,Personal-Use Buyers,-2.4941276921747995,-1.080071000052054
C1673,Individual,Katherine,Martin,1992-03-04,F,Usa,Washington,Home,1,Yes,Website,33.8,1,4,1803634.76,450908.69,726903.51,5691.97,2024-01-01,2025-05-01,3,1,4,1,486,0.25,1,0,0,Global Investors,2.26955223621105,1.820966154842329
C1674,Individual,Emily,Jackson,1941-12-22,F,Usa,California,Home,5,Yes,Website,84.0,1,4,1614623.53,403655.8825,551658.47,5074.83,2024-04-01,2025-11-01,3,1,4,1,579,0.25,1,0,0,Global Investors,1.6989284585959192,-0.20190461886490516
C1675,Individual,Emma,Reyes,1985-04-08,F,Canada,Alberta,Investment,5,No,Website,40.7,0,3,918037.6799999999,306012.56,362023.29,3038.88,2024-01-01,2024-12-01,3,0,3,1,335,0.0,1,1,2,Personal-Use Buyers,-1.6974900377169755,-0.39010961913777775
C1676,Individual,Amy,Allen,1999-09-19,F,Usa,Washington,Home,2,No,Website,26.3,0,4,1251637.0,312909.25,474039.53,4076.49,2024-02-01,2025-10-01,4,0,4,1,608,0.0,1,1,1,Personal-Use Buyers,-0.15846552091005378,-0.1820103909737318
C1677,Individual,Kevin,Thomas,1964-12-20,M,Usa,Texas,Home,1,Yes,Website,61.0,1,3,942915.1799999999,314305.06,380233.97,2927.83,2024-01-01,2025-07-01,3,0,3,1,547,0.0,1,2,0,First-Time Buyers,-1.7249002767707027,0.13190635323401959
C1678,Individual,Gary,Sanders,1961-03-06,M,Usa,California,Home,1,Yes,Agency,64.8,1,3,1377654.29,459218.0966666667,501738.52,4951.42,2024-09-01,2025-09-01,2,1,3,1,365,0.333,1,0,0,Global Investors,0.755269077263857,2.1097718655036974
C1679,Individual,Christina,Nelson,1986-02-28,F,Usa,Nevada,Investment,4,No,Website,39.8,0,3,1194618.9,398206.3,587797.99,3804.1400000000003,2025-03-01,2025-05-01,2,1,3,1,61,0.333,1,1,2,Personal-Use Buyers,-0.3930837125943819,1.243145922467621
C1680,Individual,Danielle,Howard,1999-09-25,F,Usa,California,Investment,4,No,Agency,26.3,0,3,665078.77,221692.92333333334,278456.63,2076.39,2024-02-01,2024-10-01,3,0,3,1,243,0.0,1,1,2,Personal-Use Buyers,-3.118489804418858,-0.846812122813429
C1681,Individual,Carl,Alexander,1961-07-27,M,Usa,Oregon,Home,3,Yes,Client,64.4,1,4,1408304.94,352076.235,484626.56,4627.05,2024-04-01,2025-08-01,3,1,4,1,487,0.25,1,2,0,First-Time Buyers,0.7207956739414628,-0.06824281449891693
C1682,Individual,Amanda,Brooks,1987-04-11,F,Usa,Nevada,Home,2,No,Website,38.7,0,4,1469905.41,367476.3525,492569.41,5028.37,2024-03-01,2025-11-01,4,0,4,1,610,0.0,1,0,1,Global Investors,1.0050754697218987,0.1854021496899306
C1683,Individual,Amber,Patterson,1999-11-19,F,Usa,Oregon,Investment,1,No,Client,26.1,0,4,1410114.6,352528.65,533570.63,4578.96,2025-05-01,2025-12-01,2,2,4,1,214,0.5,1,0,1,Global Investors,0.5214028262624497,1.1805057451103969
C1684,Individual,Grace,Cooper,1977-07-01,F,Usa,Colorado,Investment,4,No,Website,48.5,0,4,1109440.17,277360.0425,357429.62,3533.9300000000003,2024-05-01,2025-12-01,4,0,4,1,579,0.0,1,1,2,Personal-Use Buyers,-0.7228747976851236,-1.268918438737032
C1685,Individual,Kathleen,Parker,1977-05-16,F,Usa,California,Home,5,No,Agency,48.6,0,3,1109623.75,369874.5833333333,496154.56,3823.56,2024-06-01,2025-04-01,3,0,3,1,304,0.0,1,1,2,Personal-Use Buyers,-0.635427565549434,0.14763307108966586
C1686,Individual,David,Howard,1977-01-25,M,Usa,California,Investment,2,Yes,Agency,48.9,1,4,1214377.82,303594.455,407908.02,4295.62,2024-06-01,2025-10-01,3,1,4,1,487,0.25,1,2,0,First-Time Buyers,-0.11411285237564289,-0.12950286197099534
C1687,Individual,Eric,Anderson,1967-05-15,M,Usa,California,Home,4,Yes,Website,58.6,1,4,1026117.62,256529.405,420273.62,3741.48,2024-07-01,2025-11-01,3,1,4,1,488,0.25,1,2,0,First-Time Buyers,-0.8073191460544312,-1.1536862238660013
C1688,Individual,Amanda,Flores,1996-04-28,F,Usa,Oregon,Home,5,No,Client,29.7,0,3,1314384.27,438128.09,578952.08,3845.87,2024-02-01,2024-12-01,3,0,3,1,304,0.0,1,0,1,Global Investors,-0.0017902925889436497,1.157527672932772
C1689,Individual,Virginia,King,1985-01-26,F,Usa,Oregon,Investment,1,Yes,Client,40.9,1,3,896100.8,298700.26666666666,441341.34,2919.27,2024-07-01,2025-11-01,2,1,3,1,488,0.333,1,2,0,First-Time Buyers,-1.9593309903568588,0.8283586394300972
C1690,Individual,Terry,Martin,1951-08-18,M,Denmark,North Denmark,Home,2,Yes,Agency,74.4,1,3,1662639.06,554213.02,598512.98,5264.81,2024-02-01,2025-07-01,3,0,3,1,516,0.0,1,0,0,Global Investors,1.8887006766431882,2.2744830143111563
C1691,Individual,Robert,Reed,1946-03-25,M,Usa,Arizona,Home,5,No,Website,79.8,0,4,1212731.6,303182.9,450265.88,3939.81,2024-02-01,2025-08-01,4,0,4,1,547,0.0,1,1,2,Personal-Use Buyers,-0.07000779524371897,-1.6960550855417902
C1692,Individual,Joseph,Patterson,1991-03-08,M,Canada,Ontario,Home,5,Yes,Agency,34.8,1,4,1165619.9100000001,291404.97750000004,504544.59,3939.81,2024-05-01,2024-11-01,4,0,4,1,184,0.0,1,2,0,First-Time Buyers,-0.40166894208213894,-0.8928981169402562
C1693,Individual,Donald,Turner,1990-11-20,M,Belgium,Flanders,Home,1,No,Website,35.1,0,4,1557035.08,389258.77,464582.73,5368.610000000001,2024-02-01,2025-12-01,2,2,4,1,669,0.5,1,0,1,Global Investors,1.4005786083597511,1.4195226087895674
C1694,Individual,Gloria,Foster,1957-07-18,F,Usa,Virginia,Home,5,No,Agency,68.5,0,4,1457395.73,364348.9325,522366.74,4810.78,2024-02-01,2025-02-01,4,0,4,1,366,0.0,1,0,2,Global Investors,1.0246619529495362,-0.8340403282443104
C1695,Individual,Tiffany,Peterson,1955-12-13,F,Belgium,Flanders,Home,5,No,Website,70.1,0,3,975866.19,325288.73,491123.63,3333.89,2024-01-01,2024-10-01,3,0,3,1,274,0.0,1,1,2,Personal-Use Buyers,-1.2464927037740017,-0.6928606154906717
C1696,Individual,Emily,Jones,1987-02-20,F,Usa,Florida,Home,1,No,Website,38.9,0,4,1316025.35,329006.3375,382303.57,4368.34,2024-06-01,2025-04-01,4,0,4,1,304,0.0,1,1,1,Personal-Use Buyers,0.1845479458320491,-0.05639621370471283
C1697,Individual,Maria,Brown,1980-08-07,F,Belgium,Brussels,Home,2,No,Client,45.4,0,4,802813.26,200703.315,234850.32,2803.13,2024-03-01,2025-12-01,4,0,4,1,640,0.0,1,1,2,Personal-Use Buyers,-2.088248483937989,-1.6689197740223936
C1698,Individual,Zachary,Stone,1950-12-05,M,Uk,Northern Ireland,Home,4,Yes,Website,75.1,1,3,764529.97,254843.32333333333,362728.99,2704.88,2024-01-01,2024-11-01,3,0,3,1,305,0.0,1,2,0,First-Time Buyers,-2.291811803781112,-1.2098285454103466
C1699,Individual,Peter,Phillips,1969-07-15,M,Australia,Western Australia,Home,3,Yes,Agency,56.5,1,4,1161971.24,290492.81,480048.34,3786.6099999999997,2024-02-01,2025-09-01,3,1,4,1,578,0.25,1,2,0,First-Time Buyers,-0.478885071868242,-0.5529489448941064
C1700,Individual,Nicholas,Young,1943-11-04,M,Usa,Nevada,Home,3,No,Website,82.2,0,4,1293648.37,323412.0925,564037.73,4202.29,2024-03-01,2025-04-01,2,2,4,1,396,0.5,1,1,2,Personal-Use Buyers,0.26551881293090634,-0.4235457904136109
C1701,Individual,Karen,Montgomery,1982-06-27,F,Usa,Arizona,Home,1,No,Website,43.5,0,3,916043.72,305347.9066666667,417201.93,2937.26,2024-03-01,2025-08-01,2,1,3,1,518,0.333,1,1,2,Personal-Use Buyers,-1.8386534864194206,0.7191762860764882
C1702,Individual,Frank,Alexander,1990-01-04,M,Usa,Washington,Investment,5,Yes,Website,36.0,1,3,1259181.49,419727.16333333333,505472.65,4431.09,2024-10-01,2025-12-01,1,2,3,1,426,0.667,1,2,0,First-Time Buyers,0.1769209849227576,1.9983032594941221
C1703,Individual,Gerald,Cox,1999-08-13,M,Usa,Texas,Investment,4,No,Agency,26.4,0,3,868665.77,289555.25666666665,358849.76,2942.6099999999997,2024-08-01,2024-10-01,3,0,3,1,61,0.0,1,1,2,Personal-Use Buyers,-1.9996156365581859,-0.14188735619744627
C1704,Individual,Susan,Flores,1963-02-15,F,Denmark,Capital Region,Home,4,No,Agency,62.9,0,3,1131490.6400000001,377163.5466666667,441154.94,3753.75,2024-02-01,2025-02-01,2,1,3,1,366,0.333,1,1,2,Personal-Use Buyers,-0.5839589475427465,0.6760195667206174
C1705,Individual,Kenneth,Howard,1979-11-23,M,Usa,Virginia,Investment,3,Yes,Website,46.1,1,3,1031987.6799999999,343995.8933333333,482341.23,3147.92,2024-09-01,2025-06-01,3,0,3,1,273,0.0,1,2,0,First-Time Buyers,-1.3073720879913462,0.3571021998285321
C1706,Individual,Matthew,Jordan,1976-05-13,M,Usa,California,Home,3,Yes,Website,49.6,1,4,1417221.48,354305.37,590931.68,4515.87,2024-01-01,2024-10-01,4,0,4,1,274,0.0,1,2,0,First-Time Buyers,0.648308831458236,-0.18430479229073018
C1707,Individual,Adam,Allen,1973-09-19,M,Usa,Georgia,Home,1,Yes,Website,52.3,1,3,770609.62,256869.87333333332,272169.11,2699.27,2024-04-01,2024-06-01,3,0,3,1,61,0.0,1,2,0,First-Time Buyers,-2.437312038560822,-0.3162834571405138
C1708,Individual,Andrea,Wilson,1986-08-06,F,Germany,Hesse,Home,1,Yes,Agency,39.4,1,3,854426.52,284808.84,399400.23,2691.9300000000003,2024-06-01,2025-07-01,3,0,3,1,395,0.0,1,2,0,First-Time Buyers,-2.2517000694576774,0.23318636712910482
C1709,Individual,Danielle,Cox,1946-08-09,F,Usa,Arizona,Investment,3,No,Agency,79.4,0,3,1336416.1600000001,445472.0533333334,502269.25,4539.51,2024-01-01,2025-06-01,3,0,3,1,517,0.0,1,0,2,Global Investors,0.49957213732539113,0.7509323846590841
C1710,Individual,Joe,Flores,1957-05-26,M,Canada,Alberta,Investment,2,Yes,Website,68.6,1,3,1027918.12,342639.37333333335,455861.82,3468.2400000000002,2024-01-01,2024-09-01,2,1,3,1,244,0.333,1,2,0,First-Time Buyers,-1.117794104498221,0.6563763050628715
C1711,Individual,Debra,Hayes,1981-08-24,F,Usa,California,Investment,3,Yes,Website,44.4,1,4,1015613.11,253903.2775,330207.8,3347.77,2024-03-01,2025-11-01,3,1,4,1,610,0.25,1,2,0,First-Time Buyers,-1.1317976925547146,-0.7726068532539888
C1712,Individual,Ryan,Turner,1971-03-04,M,France,Occitanie,Home,5,No,Website,54.8,0,4,1280242.15,320060.5375,465704.47,4408.32,2024-08-01,2025-09-01,3,1,4,1,396,0.25,1,1,1,Personal-Use Buyers,0.2869083356669086,-0.694584565261467
C1713,Individual,Julia,Cook,1981-02-08,F,Usa,Oregon,Home,1,No,Website,44.9,0,4,1401670.4500000002,350417.61250000005,537445.29,4746.09,2024-05-01,2025-03-01,4,0,4,1,304,0.0,1,0,1,Global Investors,0.6468921526035664,0.06858828102658514
C1714,Individual,Nathan,Brooks,1948-07-05,M,Usa,Colorado,Home,3,No,Website,77.5,0,4,1054289.58,263572.395,413091.69,3294.65,2024-03-01,2025-06-01,3,1,4,1,457,0.25,1,1,2,Personal-Use Buyers,-0.9248885196398283,-1.3576349496604776
C1715,Individual,Hannah,Watson,1963-04-13,F,Usa,Florida,Home,3,Yes,Agency,62.7,1,4,987214.1799999999,246803.54499999998,315841.36,3601.56,2024-01-01,2025-09-01,3,1,4,1,609,0.25,1,2,0,First-Time Buyers,-1.041789253293993,-1.1327099410045582
C1716,Individual,Michelle,Montgomery,1980-10-13,F,Usa,California,Home,1,No,Website,45.2,0,3,1027286.48,342428.82666666666,420929.08,3387.5299999999997,2024-07-01,2025-08-01,3,0,3,1,396,0.0,1,1,2,Personal-Use Buyers,-1.251666250377399,0.5685746373415591
C1717,Individual,Martha,Thomas,1941-12-21,F,Usa,California,Home,4,Yes,Website,84.0,1,3,915606.0700000001,305202.0233333334,370077.4,2942.6099999999997,2024-09-01,2025-01-01,3,0,3,1,122,0.0,1,2,0,First-Time Buyers,-1.6316358096336916,-0.8572024083607684
C1718,Individual,Janet,Peterson,1995-01-06,F,Usa,California,Home,1,No,Website,31.0,0,4,1362121.47,340530.3675,577483.25,4602.96,2024-12-01,2025-10-01,4,0,4,1,304,0.0,1,0,1,Global Investors,0.41445924835106346,0.19943469245816722
C1719,Company,Halcyon,Co,1960-05-10,M,Usa,Florida,Home,2,No,Agency,65.6,0,3,1178759.88,392919.95999999996,557392.74,3791.59,2024-06-01,2025-06-01,2,1,3,1,365,0.333,1,1,2,Personal-Use Buyers,-0.45599980575350557,1.1196971987164364
C1720,Individual,Danielle,Kim,1996-10-10,F,Usa,California,Home,5,Yes,Website,29.2,1,4,1396671.77,349167.9425,659880.36,4488.37,2024-01-01,2025-08-01,4,0,4,1,578,0.0,1,2,0,First-Time Buyers,0.5786470352733041,-0.23009644353218056
C1721,Individual,Carl,Weaver,1986-12-10,M,Usa,Nevada,Home,2,No,Agency,39.1,0,4,1282729.71,320682.4275,379081.98,4136.27,2024-02-01,2025-05-01,4,0,4,1,455,0.0,1,1,1,Personal-Use Buyers,-0.02541612996774633,-0.29225573588786663
C1722,Individual,Jacqueline,Morris,1982-11-23,F,Usa,Nevada,Home,3,No,Website,43.1,0,4,1676365.72,419091.43,605522.07,5229.2,2024-02-01,2024-08-01,4,0,4,1,182,0.0,1,0,1,Global Investors,1.7537877989938455,0.48488777960299356
C1723,Individual,Carol,Allen,1998-02-02,F,Canada,Quebec,Home,2,Yes,Agency,27.9,1,4,1084602.42,271150.605,399164.03,3601.56,2024-03-01,2025-12-01,4,0,4,1,640,0.0,1,2,0,First-Time Buyers,-0.9356600021992402,-0.484668207383886
C1724,Individual,Justin,Cook,1956-06-19,M,Usa,Virginia,Home,4,No,Website,69.5,0,4,1646338.3599999999,411584.58999999997,570262.07,5435.87,2024-03-01,2025-07-01,4,0,4,1,487,0.0,1,0,2,Global Investors,1.8919326793255073,-0.2082656258232751
C1725,Individual,Sharon,Patterson,1959-01-12,F,Usa,Nevada,Home,3,Yes,Website,67.0,1,4,1352500.23,338125.0575,460172.3,4669.59,2024-08-01,2025-11-01,4,0,4,1,457,0.0,1,2,0,First-Time Buyers,0.5960979096093223,-0.6478196935094557
C1726,Individual,Diane,Scott,1948-08-15,F,Uk,Northern Ireland,Home,3,No,Website,77.4,0,3,1141107.24,380369.08,669506.11,3581.32,2024-07-01,2025-06-01,2,1,3,1,335,0.333,1,1,2,Personal-Use Buyers,-0.6013325547452499,0.6067706934956475
C1727,Individual,Katherine,Morales,1945-12-06,F,Usa,New York,Home,3,No,Website,80.1,0,4,1563834.42,390958.605,619055.13,4842.95,2024-06-01,2025-12-01,4,0,4,1,548,0.0,1,0,2,Global Investors,1.3452732166967456,-0.43857535895455885
C1728,Individual,Kimberly,Garcia,1944-03-08,F,Usa,Oregon,Home,3,Yes,Client,81.8,1,4,1436312.58,359078.145,429908.37,4901.0599999999995,2024-01-01,2025-10-01,4,0,4,1,639,0.0,1,0,0,Global Investors,0.9856217772308081,-0.66917938352457
C1729,Individual,Robert,Richardson,1955-06-26,M,Canada,British Columbia,Home,3,Yes,Website,70.5,1,3,956356.54,318785.51333333337,404268.31,3272.3199999999997,2024-06-01,2025-04-01,3,0,3,1,304,0.0,1,2,0,First-Time Buyers,-1.4212773861065076,-0.3016817577141487
C1730,Individual,Jeffrey,Young,1979-11-22,M,Mexico,Puebla,Investment,5,Yes,Agency,46.1,1,3,796432.48,265477.49333333335,385425.29,2768.0699999999997,2024-11-01,2025-08-01,2,1,3,1,273,0.333,1,2,0,First-Time Buyers,-2.2360046688943145,-0.24858218730795176
C1731,Individual,Nathan,Garcia,1971-12-19,M,Usa,California,Home,4,Yes,Website,54.0,1,4,1172220.1099999999,293055.02749999997,389967.22,3866.24,2024-04-01,2025-08-01,3,1,4,1,487,0.25,1,2,0,First-Time Buyers,-0.33509168773462744,-0.691989946323158
C1732,Individual,Megan,Wilson,1970-07-15,F,Canada,Alberta,Investment,2,No,Agency,55.5,0,3,1551003.8399999999,517001.27999999997,597681.88,4963.42,2024-02-01,2025-04-01,3,0,3,1,425,0.0,1,0,1,Global Investors,1.2973018184185194,2.0825709352699313
C1733,Individual,Helen,Jones,1948-04-22,F,Usa,California,Home,3,Yes,Agency,77.7,1,4,1179975.09,294993.7725,432544.27,4039.73,2024-03-01,2025-10-01,3,1,4,1,579,0.25,1,2,0,First-Time Buyers,-0.21023324188324855,-0.8788355037705667
C1734,Individual,Zachary,Roberts,1975-01-14,M,Usa,California,Home,5,No,Website,51.0,0,3,1078504.94,359501.64666666667,462160.46,3763.51,2024-01-01,2025-10-01,3,0,3,1,639,0.0,1,1,2,Personal-Use Buyers,-0.7330419461079768,-0.025217990080025694
C1735,Individual,Amber,Miller,1969-10-07,F,Usa,Utah,Investment,3,No,Website,56.2,0,3,1139995.98,379998.66,492594.19,3775.2,2024-06-01,2025-11-01,3,0,3,1,518,0.0,1,1,2,Personal-Use Buyers,-0.5876462733519313,0.4377083763310515
C1736,Individual,Ann,Cook,1989-09-21,F,Usa,California,Investment,4,Yes,Website,36.3,1,4,1482243.88,370560.97,606491.63,4488.37,2024-02-01,2024-12-01,4,0,4,1,304,0.0,1,2,0,First-Time Buyers,0.8032826298756931,0.04440407701407344
C1737,Individual,Jennifer,Jackson,1992-12-24,F,Usa,California,Investment,3,No,Website,33.0,0,3,1060946.57,353648.8566666667,520101.47,3272.3199999999997,2024-10-01,2025-12-01,3,0,3,1,426,0.0,1,1,2,Personal-Use Buyers,-1.1816927894410931,0.5552277869544232
C1738,Individual,Sharon,Hall,1977-02-25,F,Usa,California,Home,5,No,Website,48.8,0,3,861195.69,287065.23,347283.41,3050.29,2024-10-01,2025-11-01,3,0,3,1,396,0.0,1,1,2,Personal-Use Buyers,-1.8242770128474612,-0.7411407843074252
C1739,Individual,Steven,Smith,1985-02-25,M,Russia,Novosibirsk,Investment,3,Yes,Website,40.8,1,4,998344.48,249586.12,442624.97,3488.8,2024-04-01,2025-03-01,4,0,4,1,334,0.0,1,2,0,First-Time Buyers,-1.1474946226833542,-1.1212323953326573
C1740,Individual,Ashley,Alexander,1951-09-15,F,Usa,California,Home,5,Yes,Website,74.3,1,4,1439013.3399999999,359753.33499999996,561035.94,4656.06,2024-02-01,2024-10-01,4,0,4,1,243,0.0,1,2,0,First-Time Buyers,0.9304984923031375,-0.8816581972525812
C1741,Individual,Alexander,Wright,1976-04-18,M,Usa,Virginia,Home,5,No,Website,49.7,0,4,1310713.04,327678.26,454264.31,4561.52,2024-02-01,2024-09-01,3,1,4,1,213,0.25,1,0,1,Global Investors,0.45367770423695225,-0.5451152611405065
C1742,Company,Crestwood,Co,1988-08-14,F,Usa,California,Home,5,No,Agency,37.4,0,3,1177856.21,392618.73666666663,524488.63,4295.37,2024-08-01,2024-11-01,2,1,3,1,92,0.333,1,1,2,Personal-Use Buyers,-0.18406647197994763,1.0908944369335905
C1743,Individual,Linda,Bell,1946-07-26,F,Belgium,Flanders,Home,1,No,Client,79.4,0,3,839069.28,279689.76,283283.47,2645.35,2024-08-01,2025-02-01,3,0,3,1,184,0.0,1,1,2,Personal-Use Buyers,-2.1802796798625446,-0.6432721549979916
C1744,Individual,Brian,Green,1961-11-16,M,Russia,Krasnodar Krai,Investment,1,No,Website,64.1,0,4,1320002.42,330000.605,415154.19,4368.34,2024-04-01,2025-12-01,4,0,4,1,609,0.0,1,1,2,Personal-Use Buyers,0.2505394536021047,-0.45460558073912627
C1745,Individual,Ann,Sanders,1976-06-21,F,Usa,California,Home,1,No,Website,49.5,0,3,1261495.5,420498.5,563558.93,4462.98,2024-03-01,2025-10-01,3,0,3,1,579,0.0,1,0,1,Global Investors,0.08968244481746684,1.3090877056684302
C1746,Individual,Jennifer,Cox,1959-06-14,F,Belgium,Flanders,Home,3,No,Website,66.5,0,3,793835.85,264611.95,389328.46,2622.57,2024-01-01,2025-05-01,3,0,3,1,486,0.0,1,1,2,Personal-Use Buyers,-2.2936539983312403,-0.9263002147112183
C1747,Individual,Bryan,Flores,1965-02-19,M,Usa,Colorado,Home,5,No,Client,60.9,0,3,1016661.44,338887.14666666667,468372.55,3177.45,2024-01-01,2025-09-01,2,1,3,1,609,0.333,1,1,2,Personal-Use Buyers,-1.2108977240809315,0.10688334668010678
C1748,Individual,Albert,Jones,1950-11-11,M,Usa,California,Home,4,Yes,Website,75.1,1,3,1112272.46,370757.48666666663,566107.2,3823.56,2024-06-01,2025-12-01,2,1,3,1,548,0.333,1,2,0,First-Time Buyers,-0.5386857790265046,0.4840944003325651
C1749,Individual,Brandon,Moore,1956-05-27,M,Usa,California,Home,3,No,Website,69.6,0,3,832665.62,277555.20666666667,388898.15,2586.3199999999997,2024-01-01,2025-12-01,3,0,3,1,700,0.0,1,1,2,Personal-Use Buyers,-2.1614664343945513,-0.8569312155710321
C1750,Company,Stratos,Co,1991-01-12,M,Usa,Colorado,Home,3,No,Website,35.0,0,4,1497163.73,374290.9325,509429.47,4600.8,2024-04-01,2025-05-01,4,0,4,1,395,0.0,1,0,1,Global Investors,0.8845978480937644,0.15689814483428002
C1751,Individual,Christine,Scott,1955-02-28,F,Usa,Ohio,Home,5,No,Website,70.8,0,4,873120.47,218280.1175,231620.61,2803.13,2025-06-01,2025-11-01,3,1,4,1,153,0.25,1,1,2,Personal-Use Buyers,-1.6559639164757336,-2.058978564326851
C1752,Individual,Jonathan,Cook,1980-02-06,M,Usa,California,Investment,1,Yes,Website,45.9,1,3,1119600.47,373200.1566666667,421157.07,3457.79,2024-07-01,2025-07-01,3,0,3,1,365,0.0,1,2,0,First-Time Buyers,-0.9277151082004439,1.001349659686116
C1753,Individual,Arthur,Peterson,1945-12-18,M,Usa,Georgia,Investment,3,Yes,Website,80.0,1,3,770077.48,256692.49333333332,425499.05,2892.8,2024-04-01,2024-08-01,3,0,3,1,122,0.0,1,2,0,First-Time Buyers,-2.193436333379813,-1.1214269464452769
C1754,Individual,Frank,Gray,1995-11-11,M,Usa,Virginia,Home,2,Yes,Website,30.1,1,3,1361555.24,453851.74666666664,506527.22,4415.7,2024-08-01,2024-09-01,3,0,3,1,31,0.0,1,2,0,First-Time Buyers,0.3595756843477525,1.937979317510343
C1755,Individual,Mark,Griffin,1998-08-26,M,Usa,Nevada,Home,1,Yes,Website,27.3,1,3,672116.9199999999,224038.9733333333,285197.86,2328.73,2024-06-01,2024-10-01,3,0,3,1,122,0.0,1,2,0,First-Time Buyers,-3.0322939295189637,-0.23467857739288242
C1756,Individual,Daniel,Cook,1990-03-21,M,Usa,Utah,Home,1,No,Website,35.8,0,4,1481404.3900000001,370351.09750000003,529820.54,4584.0599999999995,2024-02-01,2025-12-01,3,1,4,1,669,0.25,1,0,1,Global Investors,0.7776231680827849,0.812169335405385
C1757,Individual,Brian,Hayes,1985-07-01,M,Germany,Bavaria,Home,3,No,Client,40.5,0,3,1125366.62,375122.2066666667,477602.23,3546.24,2024-01-01,2025-06-01,3,0,3,1,517,0.0,1,1,2,Personal-Use Buyers,-0.8298764127721513,0.6757776574350799
C1758,Individual,Carl,Pierce,1985-01-14,M,Usa,Oregon,Investment,4,Yes,Agency,41.0,1,4,1006481.1799999999,251620.29499999998,321342.19,3204.26,2024-03-01,2025-06-01,3,1,4,1,457,0.25,1,2,0,First-Time Buyers,-1.2373931178935957,-0.8836966990040369
C1759,Individual,Jose,Stone,1974-10-10,M,Usa,California,Investment,1,No,Website,51.2,0,4,1031917.22,257979.305,386654.16,3325.88,2024-05-01,2025-02-01,4,0,4,1,276,0.0,1,1,2,Personal-Use Buyers,-1.1488802669125169,-1.0133703170449782
C1760,Individual,Mary,Harris,1975-10-07,F,Belgium,Brussels,Home,2,No,Website,50.2,0,4,1454358.32,363589.58,484534.28,5061.53,2024-02-01,2024-11-01,2,2,4,1,274,0.5,1,0,1,Global Investors,1.02660950818558,0.7244944311105995
C1761,Individual,Nicholas,Thompson,1955-01-08,M,Usa,Washington,Home,1,No,Website,71.0,0,4,1181772.43,295443.1075,541585.04,3889.34,2024-01-01,2025-05-01,4,0,4,1,486,0.0,1,1,2,Personal-Use Buyers,-0.3503195901275637,-0.9543543571891767
C1762,Individual,Larry,Harris,1964-01-21,M,Usa,Virginia,Home,1,No,Website,61.9,0,3,1023352.22,341117.4066666667,399439.17,3272.84,2024-02-01,2024-10-01,3,0,3,1,243,0.0,1,1,2,Personal-Use Buyers,-1.2713187873025333,0.2717152225978702
C1763,Individual,Kimberly,Young,1954-11-26,F,Usa,New York,Home,3,No,Website,71.1,0,4,1789381.67,447345.4175,654120.74,5498.34,2024-05-01,2025-12-01,2,2,4,1,579,0.5,1,0,2,Global Investors,2.334845489613998,1.0711592234141185
C1764,Individual,Kelly,Baker,1946-11-05,F,Usa,Nevada,Home,2,No,Agency,79.2,0,4,1668335.18,417083.795,575177.72,5355.599999999999,2024-01-01,2025-02-01,2,2,4,1,397,0.5,1,0,2,Global Investors,1.8742721828479125,0.8089680695779072
C1765,Individual,Pamela,Reyes,1997-05-01,F,Usa,Colorado,Home,1,Yes,Client,28.7,1,4,1734167.51,433541.8775,550819.24,6308.93,2024-02-01,2024-12-01,4,0,4,1,304,0.0,1,0,0,Global Investors,2.340175420634159,1.3551990075773859
C1766,Individual,Sharon,Bennett,1993-05-05,F,Usa,California,Home,4,No,Website,32.7,0,4,1371247.08,342811.77,562229.33,4285.57,2024-01-01,2025-04-01,4,0,4,1,456,0.0,1,0,2,Global Investors,0.38418938571492983,-0.31267127032497594
C1767,Individual,Joe,Sanders,1978-05-21,M,Usa,Colorado,Home,3,No,Website,47.6,0,4,1455838.9100000001,363959.72750000004,564116.06,4493.27,2024-07-01,2025-09-01,2,2,4,1,427,0.5,1,0,1,Global Investors,0.7756393804576035,0.5890455560644332
C1768,Individual,Cynthia,Hughes,1943-03-01,F,Russia,Saint Petersburg,Home,4,No,Website,82.8,0,4,985105.21,246276.3025,377838.86,3338.63,2024-02-01,2025-07-01,4,0,4,1,516,0.0,1,1,2,Personal-Use Buyers,-1.0785526795568914,-2.1621268328301593
C1769,Company,Forsyte,Co,1985-10-22,M,Usa,Oregon,Home,1,Yes,Client,40.2,1,3,985909.0,328636.3333333333,484144.21,3304.65,2024-04-01,2025-12-01,2,1,3,1,609,0.333,1,2,0,First-Time Buyers,-1.4555642215723568,1.1583238524892947
C1770,Individual,Betty,Parker,1945-11-17,F,Usa,Washington,Home,1,Yes,Agency,80.1,1,3,1334771.42,444923.80666666664,616403.86,4407.54,2024-03-01,2024-10-01,3,0,3,1,214,0.0,1,0,0,Global Investors,0.36287976683162715,1.1922702373275402
C1771,Company,Atlas,Co,1975-06-22,M,Usa,Georgia,Home,3,Yes,Client,50.5,1,3,1280895.97,426965.3233333333,556838.33,4306.99,2024-04-01,2024-11-01,3,0,3,1,214,0.0,1,2,0,First-Time Buyers,0.11739906832197927,1.1616175519507996
C1772,Company,Forsyte,Co,1975-01-13,F,Canada,Alberta,Investment,5,Yes,Agency,51.0,1,4,1105281.92,276320.48,401863.68,4063.47,2024-06-01,2025-07-01,3,1,4,1,395,0.25,1,2,0,First-Time Buyers,-0.45805990831905924,-0.9337034467457516
C1773,Individual,Kenneth,Williams,1980-12-25,M,Usa,Nevada,Investment,3,Yes,Agency,45.0,1,4,1284141.19,321035.2975,445068.24,3938.59,2024-04-01,2025-03-01,3,1,4,1,334,0.25,1,2,0,First-Time Buyers,-0.0759285541955754,-0.05088230232674319
C1774,Individual,Frank,James,1984-12-26,M,Usa,Oregon,Home,4,No,Agency,41.0,0,4,1169335.49,292333.8725,399457.77,4034.65,2024-06-01,2025-01-01,4,0,4,1,214,0.0,1,1,2,Personal-Use Buyers,-0.3312470084030594,-0.959435376461855
C1775,Individual,Betty,Howard,1970-10-07,F,Usa,California,Home,3,No,Agency,55.2,0,4,1414776.99,353694.2475,496847.34,4411.889999999999,2024-05-01,2025-07-01,4,0,4,1,426,0.0,1,0,1,Global Investors,0.584123869219154,-0.3856156043204601
C1776,Individual,Martha,Mitchell,1973-09-01,F,France,Occitanie,Home,1,No,Website,52.3,0,3,1071718.4,357239.4666666666,439467.59,3588.52,2024-01-01,2024-06-01,3,0,3,1,152,0.0,1,1,2,Personal-Use Buyers,-0.9942968468362722,0.6202255499553666
C1777,Individual,Jason,Long,1974-09-24,M,Usa,California,Investment,5,No,Client,51.3,0,3,784629.95,261543.31666666665,341503.87,2701.38,2024-04-01,2025-04-01,3,0,3,1,365,0.0,1,1,2,Personal-Use Buyers,-2.279269873792894,-1.0394353690987872
C1778,Individual,Jeffrey,Cox,1994-01-09,M,Usa,Georgia,Investment,4,Yes,Website,32.0,1,3,1216664.8199999998,405554.93999999994,514358.91,4019.19,2024-11-01,2025-07-01,3,0,3,1,242,0.0,1,2,0,First-Time Buyers,-0.2586899221058462,1.068666950567969
C1779,Individual,Sharon,Thomas,1979-04-20,F,Usa,California,Home,5,No,Client,46.7,0,4,1563236.5499999998,390809.13749999995,595227.23,5148.4,2024-01-01,2025-06-01,4,0,4,1,517,0.0,1,0,1,Global Investors,1.4454502898722468,-0.20208883049840967
C1780,Individual,Richard,Patterson,1956-05-18,M,Usa,Utah,Investment,1,No,Website,69.6,0,4,1735557.1500000001,433889.28750000003,543401.76,5366.86,2024-01-01,2025-11-01,2,2,4,1,670,0.5,1,0,2,Global Investors,2.0271975754777634,1.2935179615327217
C1781,Individual,Betty,Thomas,1968-10-08,F,Usa,California,Home,4,No,Website,57.2,0,4,1383316.42,345829.105,524713.99,4656.0599999999995,2024-03-01,2025-08-01,4,0,4,1,518,0.0,1,0,2,Global Investors,0.6887029514555796,-0.6938684846288611
C1782,Individual,Ann,King,1999-12-04,F,Uk,England,Investment,1,No,Website,26.1,0,4,897646.55,224411.6375,281637.63,3134.56,2024-02-01,2025-03-01,4,0,4,1,394,0.0,1,1,2,Personal-Use Buyers,-1.727482520657521,-0.9226000688162205
C1783,Individual,Jacob,Garcia,1954-03-07,M,Usa,California,Home,3,No,Website,71.8,0,4,1136482.92,284120.73,387708.89,3535.22,2024-05-01,2025-06-01,3,1,4,1,396,0.25,1,1,2,Personal-Use Buyers,-0.5806648415808081,-1.0443425605049803
C1784,Individual,Albert,Moore,1998-02-24,M,Australia,Western Australia,Home,3,No,Client,27.8,0,4,1352274.53,338068.6325,441900.44,4427.49,2024-04-01,2024-12-01,4,0,4,1,244,0.0,1,0,2,Global Investors,0.31554109499565886,-0.08651281548231078
C1785,Individual,Lauren,Allen,1956-02-27,F,Usa,Colorado,Home,1,Yes,Website,69.8,1,3,1006568.23,335522.74333333335,370207.67,3469.69,2024-06-01,2025-08-01,2,1,3,1,426,0.333,1,2,0,First-Time Buyers,-1.1891218272163204,0.7130623879072976
C1786,Individual,Adam,White,1995-03-07,M,Usa,California,Home,1,No,Website,30.8,0,4,1247095.22,311773.805,581591.93,4409.09,2024-09-01,2025-12-01,3,1,4,1,456,0.25,1,1,1,Personal-Use Buyers,-0.005793505588295535,0.28138596715682923
C1787,Individual,Stephen,Flores,1955-09-22,M,Usa,Georgia,Investment,5,No,Agency,70.3,0,4,1289585.42,322396.355,528523.4,4117.52,2024-03-01,2024-10-01,1,3,4,1,214,0.75,1,1,2,Personal-Use Buyers,0.214858471016376,-0.16274454260554846
C1788,Individual,Zachary,James,1989-10-27,M,Usa,California,Home,3,No,Website,36.2,0,3,1116876.81,372292.27,495478.74,3467.09,2024-01-01,2025-08-01,3,0,3,1,578,0.0,1,1,2,Personal-Use Buyers,-0.8759265742895302,0.6932489252585083
C1789,Individual,Edward,Brooks,1982-07-25,M,Usa,Colorado,Home,5,Yes,Agency,43.4,1,3,1359605.1,453201.7,470652.98,4580.87,2024-02-01,2025-11-01,2,1,3,1,639,0.333,1,0,0,Global Investors,0.5729461517067634,1.733705388024929
C1790,Individual,Jacob,Hansen,1940-02-18,M,Usa,Nevada,Investment,5,No,Client,85.9,0,4,1335521.08,333880.27,402189.34,4639.87,2024-05-01,2025-01-01,4,0,4,1,245,0.0,1,0,2,Global Investors,0.6369505546145767,-1.4638047215318615
C1791,Individual,Gerald,Scott,1966-04-26,M,Usa,California,Home,5,No,Agency,59.7,0,3,894512.8,298170.93333333335,358882.77,3150.24,2024-02-01,2024-07-01,3,0,3,1,151,0.0,1,1,2,Personal-Use Buyers,-1.6567010229655463,-0.7856509811636742
C1792,Individual,Terry,Pierce,1995-06-17,M,Usa,California,Home,3,No,Agency,30.5,0,4,1948563.24,487140.81,566173.43,6705.53,2024-02-01,2025-03-01,3,1,4,1,394,0.25,1,0,1,Global Investors,3.2511850644932463,1.8254551791778313
C1793,Individual,Richard,James,1969-04-05,M,Usa,Utah,Investment,1,No,Website,56.7,0,4,1317525.03,329381.2575,538098.62,4408.32,2024-01-01,2024-06-01,4,0,4,1,152,0.0,1,1,2,Personal-Use Buyers,0.25510911606280423,-0.3518714314628676
C1794,Individual,Douglas,Chavez,1995-12-25,M,Usa,Colorado,Home,3,No,Website,30.0,0,4,1378476.06,344619.015,460529.82,4550.35,2024-11-01,2025-12-01,4,0,4,1,395,0.0,1,0,1,Global Investors,0.49968854978180105,-0.07810534463201053
C1795,Individual,William,Brown,1945-12-01,M,Usa,California,Home,5,Yes,Website,80.1,1,4,1058019.94,264504.985,334197.72,3308.8,2024-06-01,2025-11-01,1,3,4,1,518,0.75,1,2,0,First-Time Buyers,-0.8110073471426217,-0.8422528197329253
C1796,Individual,Betty,Hughes,1950-09-21,F,Usa,California,Investment,5,Yes,Client,75.3,1,3,1158919.94,386306.64666666667,425005.86,3859.45,2024-07-01,2025-11-01,3,0,3,1,488,0.0,1,2,0,First-Time Buyers,-0.3797348853630892,-0.024682287620641247
C1797,Individual,Katherine,Howard,1957-02-26,F,Usa,Oregon,Home,3,Yes,Website,68.8,1,3,910545.9199999999,303515.30666666664,337603.6,3100.86,2024-04-01,2025-12-01,3,0,3,1,609,0.0,1,2,0,First-Time Buyers,-1.648426741223962,-0.4479888864706985
C1798,Individual,Bryan,Peterson,1966-08-10,M,Usa,Arizona,Investment,1,Yes,Website,59.4,1,4,1601121.79,400280.4475,575322.53,5055.84,2024-02-01,2025-10-01,2,2,4,1,608,0.5,1,0,0,Global Investors,1.4379015891370122,1.236163312174922
C1799,Individual,Cheryl,Freeman,1950-01-11,F,Usa,Colorado,Home,5,No,Agency,76.0,0,4,1022792.49,255698.1225,365006.8,3294.65,2024-03-01,2025-03-01,4,0,4,1,365,0.0,1,1,2,Personal-Use Buyers,-0.9936402154761439,-2.108599735073423
C1800,Individual,James,Campbell,1944-04-13,M,Usa,Oregon,Home,1,No,Client,81.7,0,3,1120963.1,373654.3666666667,539648.88,3904.95,2024-08-01,2024-08-01,2,1,3,1,0,0.333,1,1,2,Personal-Use Buyers,-0.5617853190179319,0.7924239587895247
C1801,Individual,Jose,Howard,1964-02-08,M,Usa,California,Home,5,Yes,Website,61.9,1,3,1473065.73,491021.91,734629.38,4268.91,2024-08-01,2025-09-01,2,1,3,1,396,0.333,1,0,0,Global Investors,0.8707265536768106,1.785689061675555
C1802,Individual,Jack,Morris,1948-03-26,M,Usa,Nevada,Investment,1,No,Client,77.8,0,4,1155979.49,288994.8725,386196.25,4046.35,2024-01-01,2025-04-01,4,0,4,1,456,0.0,1,1,2,Personal-Use Buyers,-0.3520935094482123,-1.1264211752757238
C1803,Individual,Susan,Bennett,1987-04-14,F,Canada,Quebec,Investment,5,No,Agency,38.7,0,3,1329728.19,443242.73,588353.61,4331.9400000000005,2024-04-01,2025-10-01,2,1,3,1,548,0.333,1,0,1,Global Investors,0.30958218018057493,1.6027107608679823
C1804,Individual,Albert,Kim,1989-03-03,M,Usa,California,Home,1,No,Website,36.8,0,4,1735376.55,433844.1375,563448.9,6016.389999999999,2024-04-01,2025-06-01,4,0,4,1,426,0.0,1,0,1,Global Investors,2.2443014076570806,1.0874220015546376
C1805,Individual,Austin,Kim,1953-01-09,M,Uk,Northern Ireland,Investment,3,No,Website,73.0,0,4,1871670.17,467917.5425,553251.13,6797.47,2024-05-01,2025-11-01,3,1,4,1,549,0.25,1,0,1,Global Investors,3.2164055531223705,0.9009293255827587
C1806,Individual,Martha,Turner,1967-04-13,F,Australia,New South Wales,Investment,2,No,Agency,58.7,0,3,974821.86,324940.62,463318.62,3147.92,2024-10-01,2024-12-01,3,0,3,1,61,0.0,1,1,2,Personal-Use Buyers,-1.5288580176732873,0.031129435143481803
C1807,Individual,Angela,Allen,1957-02-05,F,France,Brittany,Home,5,No,Website,68.9,0,3,1520931.78,506977.26,720719.85,4407.54,2024-07-01,2025-12-01,2,1,3,1,518,0.333,1,0,1,Global Investors,1.114073919055158,1.7264051033876398
C1808,Individual,Victoria,Stewart,1990-01-08,F,Usa,Washington,Investment,2,No,Client,36.0,0,4,1102931.4500000002,275732.86250000005,411172.03,3957.84,2024-02-01,2025-08-01,4,0,4,1,547,0.0,1,1,2,Personal-Use Buyers,-0.6491415689306683,-0.7269453755610761
C1809,Individual,Laura,White,1981-05-03,F,Usa,New York,Home,4,Yes,Agency,44.7,1,4,1221253.05,305313.2625,435031.56,4417.17,2024-01-01,2024-09-01,4,0,4,1,244,0.0,1,2,0,First-Time Buyers,0.02151564647733225,-0.7597959890063495
C1810,Individual,Maria,Collins,1945-01-06,F,Usa,Texas,Home,3,No,Agency,81.0,0,3,991862.87,330620.95666666667,445150.57,3415.27,2024-02-01,2024-11-01,3,0,3,1,274,0.0,1,1,2,Personal-Use Buyers,-1.200350994316975,-0.47200770827928035
C1811,Individual,Stephanie,Williams,1958-02-16,F,Usa,California,Home,3,Yes,Agency,67.9,1,4,1189519.9,297379.975,503113.61,4118.92,2024-02-01,2025-10-01,4,0,4,1,608,0.0,1,2,0,First-Time Buyers,-0.18578261786870764,-1.068739084203208
C1812,Individual,Ryan,White,1977-04-18,M,France,Provence,Home,5,Yes,Website,48.7,1,4,1080880.0,270220.0,406648.6,3823.0499999999997,2024-05-01,2025-06-01,3,1,4,1,396,0.25,1,2,0,First-Time Buyers,-0.6192649143705464,-0.9930327033163543
C1813,Individual,Walter,Jordan,1947-12-02,M,Germany,Hamburg,Investment,3,Yes,Website,78.1,1,4,1552316.39,388079.0975,520934.42,5178.58,2024-01-01,2025-04-01,2,2,4,1,456,0.5,1,0,0,Global Investors,1.4710820260655446,0.472587331532384
C1814,Individual,Scott,Roberts,1987-04-07,M,Denmark,North Denmark,Home,2,No,Website,38.7,0,4,1303261.99,325815.4975,392801.93,4612.33,2024-01-01,2025-08-01,4,0,4,1,578,0.0,1,1,1,Personal-Use Buyers,0.29506787531124307,-0.2347456283818802
C1815,Individual,Aaron,Carter,1949-03-26,M,Usa,California,Home,5,No,Agency,76.8,0,4,1182628.3,295657.075,549102.55,3768.14,2024-03-01,2025-07-01,3,1,4,1,487,0.25,1,1,2,Personal-Use Buyers,-0.27051639128128663,-1.3192761227923315
C1816,Individual,Sean,Miller,1962-04-08,M,Canada,Quebec,Home,2,No,Website,63.7,0,4,1078876.87,269719.2175,390892.15,3639.93,2024-03-01,2025-09-01,4,0,4,1,549,0.0,1,1,2,Personal-Use Buyers,-0.7835474431574213,-1.2542623487921274
C1817,Individual,Cynthia,Garcia,1944-07-28,F,Usa,Virginia,Home,1,No,Agency,81.4,0,3,1240667.65,413555.8833333333,559209.89,4236.0599999999995,2024-11-01,2025-12-01,3,0,3,1,395,0.0,1,0,2,Global Investors,-0.023918471180281516,0.7206603218111965
C1818,Individual,Christine,Wood,1994-08-17,F,Usa,Washington,Investment,5,Yes,Website,31.4,1,3,814797.06,271599.02,309389.23,2554.28,2024-12-01,2025-11-01,3,0,3,1,335,0.0,1,2,0,First-Time Buyers,-2.3072424252414763,-0.4832891775487936
C1819,Individual,William,Brown,1963-02-11,M,Russia,Krasnodar Krai,Home,1,No,Website,62.9,0,3,1067644.33,355881.44333333336,405297.57,4019.2400000000002,2024-02-01,2024-08-01,3,0,3,1,182,0.0,1,1,2,Personal-Use Buyers,-0.7497074811106995,0.42761106849328284
C1820,Individual,Nicholas,Howard,1979-08-21,M,France,Provence,Home,3,No,Website,46.4,0,4,970434.94,242608.735,338313.48,3363.49,2024-08-01,2025-06-01,4,0,4,1,304,0.0,1,1,2,Personal-Use Buyers,-1.258312034316899,-1.4144140316527487
C1821,Individual,Adam,Smith,1944-10-22,M,Usa,Nevada,Home,5,No,Website,81.2,0,4,1733692.6199999999,433423.15499999997,662403.71,4979.219999999999,2024-06-01,2025-05-01,2,2,4,1,334,0.5,1,0,2,Global Investors,2.005016115321137,0.41437911463330795
C1822,Individual,Frank,Weaver,1996-02-28,M,Usa,Oregon,Investment,5,Yes,Website,29.8,1,4,1388147.75,347036.9375,488803.45,4739.24,2024-03-01,2024-12-01,4,0,4,1,275,0.0,1,2,0,First-Time Buyers,0.6753043359589186,-0.2596156793436386
C1823,Individual,Jacob,Watson,1967-08-11,M,Usa,Oregon,Home,4,Yes,Website,58.4,1,3,993925.86,331308.62,454589.3,2984.48,2024-07-01,2025-09-01,2,1,3,1,427,0.333,1,2,0,First-Time Buyers,-1.4157762389802873,0.3543216895194043
C1824,Individual,Jeffrey,Weaver,1962-09-05,M,Usa,California,Home,3,No,Website,63.3,0,4,945036.97,236259.2425,301253.43,3431.0299999999997,2024-02-01,2025-10-01,3,1,4,1,608,0.25,1,1,2,Personal-Use Buyers,-1.214605018475384,-1.4030960561141204
C1825,Individual,Eric,Jones,1956-12-28,M,Mexico,Nuevo Leon,Home,2,No,Agency,69.0,0,4,948769.9299999999,237192.48249999998,359484.97,3210.85,2024-02-01,2024-12-01,4,0,4,1,304,0.0,1,1,2,Personal-Use Buyers,-1.3908972282511471,-1.665623799436568
C1826,Individual,Jack,Williams,1951-06-08,M,Usa,Ohio,Home,4,No,Client,74.6,0,4,1300035.21,325008.8025,402845.37,4638.13,2024-03-01,2025-05-01,3,1,4,1,426,0.25,1,0,2,Global Investors,0.4876097132212271,-0.8175188933108047
C1827,Individual,Donald,Thompson,1973-01-02,M,Usa,New York,Home,5,Yes,Website,53.0,1,4,1221529.77,305382.4425,483612.33,3954.87,2024-08-01,2025-04-01,3,1,4,1,243,0.25,1,2,0,First-Time Buyers,-0.11561041597903016,-0.7138291520385224
C1828,Individual,William,Wood,1991-11-15,M,Usa,California,Investment,2,Yes,Website,34.1,1,4,1199213.25,299803.3125,500475.25,4456.85,2025-05-01,2025-07-01,3,1,4,1,61,0.25,1,2,0,First-Time Buyers,-0.09280936182679742,0.05750382259933938
C1829,Individual,Rachel,Ward,1997-07-17,F,Usa,California,Home,5,Yes,Agency,28.5,1,3,1194095.83,398031.94333333336,544862.08,4182.63,2024-06-01,2025-12-01,2,1,3,1,548,0.333,1,2,0,First-Time Buyers,-0.22475550724196,1.4130455114509723
C1830,Individual,Virginia,Owens,1959-03-20,F,Usa,Arizona,Home,3,No,Website,66.8,0,3,1363309.64,454436.54666666663,518130.19,4462.98,2024-04-01,2025-10-01,2,1,3,1,548,0.333,1,0,2,Global Investors,0.5650708834702068,1.5381118500014845
C1831,Individual,Janice,Smith,1950-09-15,F,Russia,Tatarstan,Home,3,No,Website,75.3,0,4,1004720.27,251180.0675,416215.94,3889.34,2024-02-01,2025-10-01,4,0,4,1,608,0.0,1,1,2,Personal-Use Buyers,-0.7941005414487025,-1.81235830645843
C1832,Individual,Henry,Garcia,1987-04-21,M,Usa,Oregon,Investment,1,Yes,Website,38.7,1,4,1282390.94,320597.735,582747.93,4413.29,2024-02-01,2025-08-01,4,0,4,1,547,0.0,1,2,0,First-Time Buyers,0.09194741427195285,-0.015129157995601623
C1833,Individual,Jennifer,Weaver,1948-01-17,F,Usa,Arizona,Investment,1,Yes,Website,78.0,1,3,1132086.83,377362.2766666667,454723.5,4071.58,2024-09-01,2025-12-01,3,0,3,1,456,0.0,1,2,0,First-Time Buyers,-0.466777516619288,0.5041520235836856
C1834,Individual,Zachary,Phillips,1963-03-13,M,Belgium,Flanders,Investment,5,No,Agency,62.8,0,4,1222274.5999999999,305568.64999999997,484614.3,3795.34,2024-01-01,2025-12-01,3,1,4,1,700,0.25,1,1,2,Personal-Use Buyers,-0.210470488147377,-0.9645505229660646
C1835,Individual,Nicole,Pierce,1959-10-25,F,Canada,Alberta,Investment,4,Yes,Agency,66.2,1,3,739211.6,246403.86666666667,362373.17,2549.2400000000002,2024-05-01,2025-02-01,3,0,3,1,276,0.0,1,2,0,First-Time Buyers,-2.5285117385496974,-1.1237888274175183
C1836,Individual,Judy,Wood,1960-10-08,F,Usa,California,Investment,1,Yes,Website,65.2,1,4,1213775.31,303443.8275,433286.92,3835.02,2024-02-01,2025-11-01,3,1,4,1,639,0.25,1,2,0,First-Time Buyers,-0.309286589771075,-0.2654066439311696
C1837,Individual,Julia,Freeman,1950-04-06,F,Usa,California,Home,2,Yes,Client,75.7,1,4,1507583.69,376895.9225,523732.73,5333.11,2024-06-01,2025-05-01,4,0,4,1,334,0.0,1,0,0,Global Investors,1.3621523436801315,-0.2082366915824195
C1838,Individual,Joyce,Morales,1965-01-14,F,Canada,Alberta,Investment,1,No,Agency,61.0,0,4,1266344.58,316586.145,394185.4,4123.32,2024-04-01,2025-11-01,3,1,4,1,579,0.25,1,1,1,Personal-Use Buyers,-0.05975916595536138,-0.13832450458987328
C1839,Individual,Kyle,Gray,1943-01-21,M,Usa,California,Investment,2,No,Agency,82.9,0,4,967894.54,241973.635,328156.51,3285.42,2024-01-01,2025-11-01,4,0,4,1,670,0.0,1,1,2,Personal-Use Buyers,-1.2486360738415254,-1.862083266687366
C1840,Individual,Gerald,Weaver,1986-06-22,M,Uk,England,Investment,3,No,Website,39.5,0,3,911506.03,303835.3433333333,490529.51,3194.2,2024-04-01,2025-02-01,2,1,3,1,306,0.333,1,1,2,Personal-Use Buyers,-1.6873868025453276,0.45617288722902594
C1841,Individual,Austin,Williams,1947-05-27,M,Usa,New York,Home,4,No,Website,78.6,0,4,1612088.13,403022.0325,556524.23,5498.34,2024-01-01,2025-11-01,4,0,4,1,670,0.0,1,0,2,Global Investors,1.8541672978763708,-0.451823887534284
C1842,Company,Rexon,Co,1978-10-08,M,Canada,Alberta,Home,3,Yes,Agency,47.2,1,3,1252827.37,417609.12333333335,592554.14,4222.54,2024-02-01,2024-09-01,3,0,3,1,213,0.0,1,2,0,First-Time Buyers,-0.05564030549124966,1.152846844037682
C1843,Individual,Jose,Stone,1952-06-18,M,Germany,Hesse,Home,4,No,Website,73.5,0,4,1487849.65,371962.4125,564487.75,4875.36,2024-01-01,2025-01-01,3,1,4,1,366,0.25,1,0,1,Global Investors,1.1521265061524066,-0.2958231050583181
C1844,Individual,Grace,Howard,1978-07-21,F,Usa,Ohio,Home,1,No,Agency,47.4,0,4,1033138.51,258284.6275,364629.72,3351.52,2024-01-01,2025-11-01,3,1,4,1,670,0.25,1,1,2,Personal-Use Buyers,-1.148293116389758,-0.5415964988309797
C1845,Individual,Joshua,Green,1949-09-11,M,Usa,California,Investment,1,Yes,Website,76.3,1,3,889124.6799999999,296374.8933333333,561305.34,2916.16,2024-05-01,2025-07-01,3,0,3,1,426,0.0,1,2,0,First-Time Buyers,-1.870168165062236,-0.31097382426601317
C1846,Individual,Sara,Allen,1985-10-26,F,Russia,Novosibirsk,Home,5,Yes,Agency,40.2,1,3,886017.55,295339.18333333335,359371.65,2942.6099999999997,2024-08-01,2025-04-01,3,0,3,1,243,0.0,1,2,0,First-Time Buyers,-1.8757076888517343,-0.3455134592228538
C1847,Individual,Brian,Griffin,1952-04-01,M,Usa,Utah,Home,4,No,Website,73.7,0,4,1080850.85,270212.7125,539787.73,3438.85,2024-02-01,2025-05-01,4,0,4,1,455,0.0,1,1,2,Personal-Use Buyers,-0.7643707703187467,-1.7726935461491933
C1848,Individual,Sarah,Davis,1993-07-17,F,Usa,California,Home,2,No,Website,32.5,0,4,1595352.82,398838.205,598972.24,5180.389999999999,2024-06-01,2024-12-01,3,1,4,1,183,0.25,1,0,1,Global Investors,1.4399560011368056,1.001390015259841
C1849,Individual,Joseph,Wilson,1976-09-02,M,Canada,Alberta,Investment,3,Yes,Website,49.3,1,3,1019239.08,339746.36,386163.72,3050.29,2024-04-01,2025-02-01,2,1,3,1,306,0.333,1,2,0,First-Time Buyers,-1.3899368684614744,0.7824766604100848
C1850,Individual,Gregory,Miller,1971-07-25,M,Usa,New York,Investment,5,Yes,Agency,54.4,1,4,1380990.75,345247.6875,514705.32,4706.74,2024-06-01,2025-08-01,4,0,4,1,426,0.0,1,2,0,First-Time Buyers,0.6872822221781559,-0.6704061849106011
C1851,Individual,Kimberly,Miller,1954-06-08,F,Uk,England,Home,3,Yes,Agency,71.6,1,4,1552543.97,388135.9925,568142.17,4614.23,2024-05-01,2025-03-01,1,3,4,1,304,0.75,1,0,0,Global Investors,1.159079924256958,0.9859948242954092
C1852,Individual,Julie,Hall,1997-12-15,F,Usa,Virginia,Home,4,No,Website,28.0,0,3,1674072.07,558024.0233333333,662938.18,5201.04,2024-10-01,2025-04-01,2,1,3,1,182,0.333,1,0,1,Global Investors,1.8809933940200763,3.102007114595203
C1853,Individual,Jennifer,Owens,1949-02-24,F,Usa,Virginia,Investment,4,No,Website,76.8,0,4,1207329.15,301832.2875,474524.95,4050.23,2024-02-01,2025-09-01,4,0,4,1,578,0.0,1,1,2,Personal-Use Buyers,-0.082799942923514,-1.4886161206847637
C1854,Company,Rexon,Co,1960-03-23,M,France,Ile-De-France,Investment,1,No,Client,65.8,0,4,1387997.02,346999.255,585205.19,4417.17,2024-03-01,2025-03-01,4,0,4,1,365,0.0,1,0,2,Global Investors,0.4572827773804109,-0.2871988261496881
C1855,Individual,Gloria,Hansen,1984-02-07,F,Usa,California,Home,2,Yes,Website,41.9,1,4,1117305.8599999999,279326.46499999997,409255.12,3498.51,2024-06-01,2025-10-01,4,0,4,1,487,0.0,1,2,0,First-Time Buyers,-0.8044205976216118,-0.677207662918754
C1856,Company,Altira,Co,1994-05-24,M,Usa,Virginia,Home,2,No,Website,31.6,0,3,1216231.4300000002,405410.47666666674,586091.18,4002.3,2024-02-01,2024-11-01,3,0,3,1,274,0.0,1,1,2,Personal-Use Buyers,-0.3203669897995333,1.2931857452339257
C1857,Individual,Walter,Johnson,1987-03-22,M,Usa,California,Investment,2,Yes,Website,38.8,1,3,919814.94,306604.98,372884.46,2797.11,2024-09-01,2025-10-01,2,1,3,1,395,0.333,1,2,0,First-Time Buyers,-1.8977348748510436,0.7683500045454873
C1858,Individual,Amy,Hayes,1958-06-05,F,Usa,Colorado,Home,5,No,Website,67.6,0,3,1161958.29,387319.43,516468.06,3802.76,2024-03-01,2024-06-01,3,0,3,1,92,0.0,1,1,2,Personal-Use Buyers,-0.38591828937486083,-0.01818956454656658
C1859,Individual,Zachary,Taylor,1943-11-18,M,Usa,California,Home,5,Yes,Client,82.1,1,4,1087561.59,271890.3975,380297.96,3449.12,2024-06-01,2025-10-01,2,2,4,1,487,0.5,1,2,0,First-Time Buyers,-0.6792300147170365,-1.1709726272028702
C1860,Company,Caldera,Co,1970-07-17,F,Usa,California,Home,4,Yes,Agency,55.5,1,4,1661197.49,415299.3725,496217.67,5355.599999999999,2024-01-01,2024-07-01,4,0,4,1,182,0.0,1,0,0,Global Investors,1.8134511292055233,0.22413206501825636
C1861,Individual,Nathan,Evans,1982-01-08,M,Usa,California,Investment,3,Yes,Website,44.0,1,4,1475178.95,368794.7375,508804.43,4959.610000000001,2024-07-01,2025-05-01,4,0,4,1,304,0.0,1,2,0,First-Time Buyers,1.01747605760264,0.06648077314859512
C1862,Individual,Joshua,Long,1953-08-22,M,Usa,California,Home,1,Yes,Website,72.4,1,3,988771.17,329590.39,462577.28,3230.07,2024-01-01,2025-06-01,3,0,3,1,517,0.0,1,2,0,First-Time Buyers,-1.3813436586006265,0.09862911541910428
C1863,Individual,Megan,Hansen,1948-03-04,F,Uk,Scotland,Home,3,No,Website,77.8,0,4,1281313.02,320328.255,462169.28,4156.76,2024-10-01,2025-02-01,4,0,4,1,123,0.0,1,1,2,Personal-Use Buyers,0.15374182259532848,-1.1251230922517812
C1864,Individual,Hannah,Weaver,1972-04-25,F,Usa,New York,Home,5,Yes,Website,53.7,1,4,1131730.6,282932.65,494313.18,4109.3,2024-02-01,2025-06-01,3,1,4,1,486,0.25,1,2,0,First-Time Buyers,-0.2926757278061483,-0.9604094601239713
C1865,Individual,Sean,Rogers,1974-01-11,M,Usa,Arizona,Investment,4,No,Website,52.0,0,3,1092253.24,364084.41333333333,423654.2,3588.52,2024-06-01,2025-12-01,2,1,3,1,548,0.333,1,1,2,Personal-Use Buyers,-0.8028474556692592,0.6824489103966379
C1866,Individual,Joyce,Martin,1971-08-23,F,Usa,Nevada,Home,2,No,Agency,54.4,0,4,1620195.43,405048.8575,490055.89,5521.04,2024-07-01,2025-09-01,4,0,4,1,427,0.0,1,0,1,Global Investors,1.7161992943274427,0.3408995857563771
C1867,Individual,Robert,Richardson,1952-01-13,M,Usa,California,Home,2,Yes,Website,74.0,1,3,761781.8,253927.2666666667,423673.58,2373.1200000000003,2024-02-01,2025-07-01,2,1,3,1,516,0.333,1,2,0,First-Time Buyers,-2.5151079285894755,-0.3764789222518193
C1868,Individual,Michelle,Thomas,1975-11-28,F,Uk,Wales,Home,1,No,Website,50.1,0,4,1469394.43,367348.6075,537563.89,4793.49,2024-01-01,2025-07-01,3,1,4,1,547,0.25,1,0,1,Global Investors,0.8846303871741417,0.5586672183899447
C1869,Individual,Margaret,Campbell,1975-10-05,F,Mexico,Nuevo Leon,Home,5,No,Client,50.2,0,4,1335399.36,333849.84,457748.53,4530.95,2024-01-01,2025-06-01,3,1,4,1,517,0.25,1,0,2,Global Investors,0.47609281470317777,-0.4674030559118357
C1870,Individual,Lawrence,Moore,1980-10-13,M,Usa,Washington,Investment,1,No,Agency,45.2,0,3,680865.94,226955.31333333332,295517.69,2528.04,2024-03-01,2025-06-01,2,1,3,1,457,0.333,1,1,2,Personal-Use Buyers,-2.857580721812704,-0.09654760819245696
C1871,Individual,Amy,Reyes,1961-10-18,F,Usa,Texas,Home,1,Yes,Website,64.2,1,4,1096466.77,274116.6925,361953.92,4001.66,2024-02-01,2025-12-01,3,1,4,1,669,0.25,1,2,0,First-Time Buyers,-0.5540838819711441,-0.5570083323534718
C1872,Individual,Raymond,Jones,1940-10-23,M,Mexico,Mexico City,Home,5,No,Client,85.2,0,3,1284121.27,428040.42333333334,542533.89,4356.79,2024-02-01,2025-02-01,3,0,3,1,366,0.0,1,0,1,Global Investors,0.32405715767384907,0.12964104970725618
C1873,Individual,Cheryl,Collins,1959-03-10,F,Canada,British Columbia,Home,5,No,Agency,66.8,0,4,841611.53,210402.8825,357647.97,2909.06,2024-03-01,2024-11-01,3,1,4,1,245,0.25,1,1,2,Personal-Use Buyers,-1.7506529855820643,-2.032575208592981
C1874,Individual,Justin,Cooper,1972-11-18,M,Usa,Colorado,Investment,1,No,Agency,53.1,0,3,1058361.99,352787.33,463077.47,3375.51,2024-02-01,2024-10-01,3,0,3,1,243,0.0,1,1,2,Personal-Use Buyers,-1.1698024862955887,0.568258083795775
C1875,Individual,Melissa,Roberts,1943-09-13,F,Usa,Nevada,Home,2,No,Client,82.3,0,3,1220153.8599999999,406717.9533333333,492821.75,4019.19,2024-09-01,2025-02-01,2,1,3,1,153,0.333,1,0,2,Global Investors,-0.14037801020065732,0.9564226260861887
C1876,Company,Bravada,Co,1981-03-17,M,Usa,Ohio,Investment,4,Yes,Website,44.8,1,3,1543986.34,514662.11333333334,676167.22,4571.08,2024-07-01,2025-11-01,3,0,3,1,488,0.0,1,0,0,Global Investors,1.1440208358793988,1.9918688693009097
C1877,Individual,Walter,Bryant,1961-09-16,M,Usa,Arizona,Home,5,No,Agency,64.3,0,3,905899.79,301966.5966666667,470763.27,3024.39,2024-03-01,2025-11-01,2,1,3,1,610,0.333,1,1,2,Personal-Use Buyers,-1.6524029306167893,-0.317078353615406
C1878,Individual,Paul,Rogers,1967-10-07,M,Usa,Washington,Home,5,No,Agency,58.2,0,3,958603.36,319534.4533333333,508552.39,3292.31,2024-01-01,2025-02-01,3,0,3,1,397,0.0,1,1,2,Personal-Use Buyers,-1.3770807839497923,-0.538477883405567
C1879,Individual,Deborah,Roberts,1977-01-23,F,Usa,New York,Home,3,No,Website,48.9,0,3,1536294.68,512098.2266666666,584091.39,4512.84,2024-05-01,2025-09-01,2,1,3,1,488,0.333,1,0,1,Global Investors,1.1029327421817219,2.4380267239646294
C1880,Individual,Joan,Morales,1998-01-22,F,Usa,California,Home,5,Yes,Client,27.9,1,4,1319939.53,329984.8825,543500.27,4213.08,2024-01-01,2025-03-01,4,0,4,1,425,0.0,1,2,0,First-Time Buyers,0.1906144032909851,-0.40256492934420507
C1881,Individual,Brenda,Phillips,1989-09-13,F,Usa,Oregon,Home,2,Yes,Website,36.3,1,3,972731.0900000001,324243.6966666667,392351.64,3381.45,2024-05-01,2025-01-01,2,1,3,1,245,0.333,1,2,0,First-Time Buyers,-1.417776005260287,0.9944575304620799
C1882,Individual,Deborah,Turner,1960-03-22,F,Usa,Virginia,Investment,3,No,Website,65.8,0,3,884144.1,294714.7,437974.4,2803.3,2024-04-01,2024-08-01,3,0,3,1,122,0.0,1,1,2,Personal-Use Buyers,-1.902475686615397,-0.6122282317013246
C1883,Individual,Sean,Peterson,1941-02-11,M,Usa,California,Home,1,No,Agency,84.9,0,4,1877399.3199999998,469349.82999999996,597724.45,5956.44,2024-02-01,2024-09-01,4,0,4,1,213,0.0,1,0,1,Global Investors,2.7472390638849347,0.6699337959246608
C1884,Individual,Terry,Bell,1954-08-06,M,Usa,Nevada,Home,5,Yes,Website,71.4,1,3,930994.2100000001,310331.4033333334,528465.5,2992.24,2024-01-01,2024-08-01,3,0,3,1,213,0.0,1,2,0,First-Time Buyers,-1.5609113537422514,-0.7591228641469129
C1885,Individual,Ryan,Bell,1967-10-26,M,Germany,Hamburg,Home,1,Yes,Agency,58.2,1,4,1740983.97,435245.9925,519657.03,6256.3099999999995,2024-03-01,2024-11-01,4,0,4,1,245,0.0,1,0,0,Global Investors,2.3999510561799893,0.9072800594502434
C1886,Individual,Maria,Richardson,1999-11-16,F,Usa,California,Home,5,No,Website,26.1,0,3,774293.9299999999,258097.97666666665,317660.44,2528.04,2024-05-01,2025-06-01,3,0,3,1,396,0.0,1,1,2,Personal-Use Buyers,-2.452601818793747,-0.6592680556387936
C1887,Individual,Emma,Campbell,1986-01-07,F,Usa,Oregon,Investment,1,No,Agency,40.0,0,3,822999.76,274333.25333333336,414588.69,2823.6299999999997,2024-05-01,2025-06-01,3,0,3,1,396,0.0,1,1,2,Personal-Use Buyers,-2.2711187777723927,-0.02458760134259815
C1888,Individual,Donald,Griffin,1962-08-06,M,Usa,California,Home,3,No,Website,63.4,0,4,981962.01,245490.5025,317102.87,3283.6899999999996,2024-02-01,2025-04-01,4,0,4,1,425,0.0,1,1,2,Personal-Use Buyers,-1.1973000000801277,-1.689936850987999
C1889,Individual,Matthew,Richardson,1987-07-10,M,Usa,California,Home,4,Yes,Website,38.5,1,3,1193609.3,397869.76666666666,425609.69,3617.89,2024-03-01,2024-11-01,2,1,3,1,245,0.333,1,2,0,First-Time Buyers,-0.49372885071717687,1.3831604556820536
C1890,Individual,Mark,Nelson,1954-03-12,M,Canada,Ontario,Home,4,No,Client,71.8,0,4,1209659.27,302414.8175,483647.09,4168.6900000000005,2024-05-01,2024-12-01,3,1,4,1,214,0.25,1,1,2,Personal-Use Buyers,-0.043606606331230265,-0.993346483311618
C1891,Individual,Gary,James,1972-06-02,M,Usa,Oregon,Home,2,No,Agency,53.6,0,4,1466482.7999999998,366620.69999999995,460945.04,4979.219999999999,2024-01-01,2025-09-01,3,1,4,1,609,0.25,1,0,1,Global Investors,1.0017773047656922,0.3297657893792571
C1892,Individual,Nancy,Jones,1951-06-06,F,Usa,Nevada,Investment,5,Yes,Agency,74.6,1,3,978638.94,326212.98,448573.99,3100.45,2024-02-01,2025-09-01,3,0,3,1,578,0.0,1,2,0,First-Time Buyers,-1.3770653945265605,-0.6221128910599977
C1893,Individual,Ann,Davis,1962-12-27,F,Usa,Washington,Home,1,Yes,Website,63.0,1,4,1458732.84,364683.21,554107.09,4584.0599999999995,2025-04-01,2025-10-01,3,1,4,1,183,0.25,1,2,0,First-Time Buyers,0.790740433656645,0.4164099620528024
C1894,Individual,Joyce,Hall,1944-03-11,F,Usa,Texas,Investment,4,No,Website,81.8,0,4,1284918.37,321229.5925,396878.27,4111.24,2024-07-01,2025-11-01,3,1,4,1,488,0.25,1,1,2,Personal-Use Buyers,0.2020161165483138,-0.9882104151239602
C1895,Company,Caldera,Co,1969-01-07,M,Usa,Nevada,Investment,4,No,Agency,57.0,0,3,1170571.86,390190.62000000005,564033.78,3925.54,2024-03-01,2025-08-01,2,1,3,1,518,0.333,1,1,2,Personal-Use Buyers,-0.38292699098711197,0.9023431319220776
C1896,Individual,Andrew,Bryant,1955-06-17,M,Usa,Virginia,Investment,3,No,Agency,70.5,0,3,1158311.0,386103.6666666667,572824.93,3417.46,2024-03-01,2025-04-01,3,0,3,1,396,0.0,1,1,2,Personal-Use Buyers,-0.6960895391587981,0.28155939687797465
C1897,Individual,Catherine,Rogers,1950-12-27,F,Canada,Ontario,Home,2,No,Website,75.0,0,4,1108918.3399999999,277229.58499999996,444913.24,3766.44,2024-04-01,2025-07-01,4,0,4,1,456,0.0,1,1,2,Personal-Use Buyers,-0.5954185641494741,-1.3661156195309114
C1898,Individual,Daniel,James,1979-01-05,M,Usa,New York,Home,1,Yes,Website,47.0,1,4,1159717.54,289929.385,403626.01,3807.2799999999997,2024-04-01,2025-08-01,3,1,4,1,487,0.25,1,2,0,First-Time Buyers,-0.526583548434966,-0.10094354614425018
C1899,Individual,Joe,Mitchell,1996-04-05,M,Uk,England,Home,3,No,Website,29.7,0,3,1001627.28,333875.76,453922.16,3664.15,2024-05-01,2025-04-01,3,0,3,1,335,0.0,1,1,2,Personal-Use Buyers,-1.1851869043566077,0.4257856966646322
C1900,Individual,Rachel,Griffin,1998-09-07,F,Uk,England,Investment,4,No,Client,27.3,0,4,1185889.79,296472.4475,459585.99,4842.950000000001,2024-01-01,2024-10-01,3,1,4,1,274,0.25,1,1,2,Personal-Use Buyers,0.09172972830683138,-0.294419338087366
C1901,Individual,Justin,Stewart,1982-09-17,M,Canada,British Columbia,Home,4,No,Agency,43.3,0,4,1357680.7,339420.175,478845.33,4605.48,2024-10-01,2025-12-01,3,1,4,1,426,0.25,1,0,2,Global Investors,0.5117226367728949,-0.10403036531478983
C1902,Company,Grandis,Co,1980-11-09,M,Usa,Colorado,Investment,2,No,Agency,45.1,0,4,1127600.93,281900.2325,323302.12,3541.58,2024-01-01,2025-05-01,3,1,4,1,486,0.25,1,1,2,Personal-Use Buyers,-0.7605526158241409,-0.4126735130097094
C1903,Individual,Nicole,Bennett,1991-12-01,F,Usa,Nevada,Home,2,No,Website,34.1,0,4,1453139.0699999998,363284.76749999996,452279.2,4770.88,2024-03-01,2025-06-01,4,0,4,1,457,0.0,1,0,1,Global Investors,0.8085152317571622,0.21798325572306573
C1904,Individual,Christian,Nelson,1949-03-23,M,Usa,Texas,Home,2,Yes,Website,76.8,1,4,1337265.67,334316.4175,406088.62,4294.95,2024-05-01,2025-10-01,4,0,4,1,518,0.0,1,2,0,First-Time Buyers,0.3544744443738879,-0.6870415443799366
C1905,Individual,James,Morris,1961-02-02,M,Usa,Virginia,Home,1,No,Website,64.9,0,3,1180529.35,393509.7833333334,503790.55,4062.88,2024-08-01,2025-06-01,2,1,3,1,304,0.333,1,1,2,Personal-Use Buyers,-0.31771690884907616,1.274897615102208
C1906,Individual,Michelle,Adams,1955-09-15,F,Usa,California,Home,2,No,Agency,70.3,0,4,1487182.67,371795.6675,405665.29,4634.53,2024-02-01,2025-09-01,2,2,4,1,578,0.5,1,0,2,Global Investors,0.9487555621543874,0.48083082969586305
C1907,Individual,Kyle,Wright,1950-03-12,M,Usa,Colorado,Home,3,No,Website,75.8,0,4,1751481.1500000001,437870.28750000003,545190.41,5396.8,2024-06-01,2025-10-01,1,3,4,1,487,0.75,1,0,2,Global Investors,2.200770791625824,1.2729137265140926
C1908,Individual,Andrea,Moore,1976-03-28,F,Usa,California,Home,2,No,Website,49.8,0,4,1543714.5,385928.625,465488.76,5297.54,2024-01-01,2025-02-01,3,1,4,1,397,0.25,1,0,1,Global Investors,1.4062479602405968,0.5736941643727584
C1909,Individual,Heather,Pierce,1985-12-04,F,Usa,California,Investment,2,No,Agency,40.1,0,3,1238663.76,412887.92,579919.91,3939.48,2024-04-01,2025-02-01,2,1,3,1,306,0.333,1,1,1,Personal-Use Buyers,-0.2738309023927849,1.752351671749343
C1910,Company,Telnox,Co,1985-10-04,M,Usa,California,Home,2,Yes,Agency,40.2,1,4,816793.9099999999,204198.47749999998,270241.73,2940.44,2024-05-01,2025-03-01,4,0,4,1,304,0.0,1,2,2,First-Time Buyers,-1.9955530434679474,-1.4067591960973602
C1911,Individual,Noah,Murray,1989-01-11,M,Usa,California,Home,5,No,Agency,37.0,0,3,1195691.95,398563.98333333334,540051.95,3804.1400000000003,2024-03-01,2025-01-01,3,0,3,1,306,0.0,1,1,2,Personal-Use Buyers,-0.3992762197118501,0.6407605454875652
C1912,Individual,Amanda,Jackson,1954-07-26,F,Usa,Utah,Investment,1,No,Website,71.4,0,3,863871.21,287957.07,354725.86,2856.2200000000003,2024-03-01,2025-03-01,1,2,3,1,365,0.667,1,1,2,Personal-Use Buyers,-1.9570919641606035,0.5775611145917025
C1913,Individual,Gary,King,1980-11-12,M,France,Provence,Home,5,No,Website,45.1,0,4,1210353.53,302588.3825,410180.27,3888.98,2024-05-01,2025-08-01,4,0,4,1,457,0.0,1,1,2,Personal-Use Buyers,-0.22830635014759174,-1.0975722282861027
C1914,Individual,Brenda,Gray,1993-08-24,F,Uk,Scotland,Home,4,Yes,Website,32.4,1,3,1553786.78,517928.9266666667,608153.01,4754.2,2024-08-01,2025-01-01,2,1,3,1,153,0.333,1,0,0,Global Investors,1.2482069727968839,2.7535194356574992
C1915,Individual,Angela,Williams,1964-06-09,F,Usa,Arizona,Investment,4,No,Client,61.6,0,3,1015184.58,338394.86,498329.2,3230.0699999999997,2025-04-01,2025-11-01,2,1,3,1,214,0.333,1,1,2,Personal-Use Buyers,-1.2312316312477158,0.2604673785966215
C1916,Individual,Zachary,Weaver,1948-10-15,M,Usa,California,Investment,2,No,Website,77.2,0,3,1257058.52,419019.50666666665,485832.54,3911.33,2024-09-01,2025-12-01,3,0,3,1,456,0.0,1,0,2,Global Investors,-0.10010757417400093,0.6552150772143505
C1917,Individual,Angela,Montgomery,1971-09-16,F,Australia,New South Wales,Home,2,No,Client,54.3,0,4,1007433.23,251858.3075,371637.67,3283.6899999999996,2024-12-01,2025-11-01,4,0,4,1,335,0.0,1,1,2,Personal-Use Buyers,-1.224470401320462,-1.276840133004053
C1918,Individual,Dorothy,Murray,1940-09-17,F,Usa,California,Home,1,No,Client,85.3,0,4,1019401.51,254850.3775,345383.67,3062.67,2024-11-01,2025-09-01,2,2,4,1,304,0.5,1,1,2,Personal-Use Buyers,-1.1960267186877327,-0.8558509576108654
C1919,Company,Vantage,Co,1968-01-19,F,Usa,Nevada,Investment,1,No,Website,57.9,0,4,1083015.76,270753.94,498317.73,3717.09,2024-06-01,2025-12-01,4,0,4,1,548,0.0,1,1,2,Personal-Use Buyers,-0.777047989945819,-0.9826723355025061
C1920,Individual,Jonathan,Pierce,1969-10-26,M,Germany,North Rhine-Westphalia,Home,5,No,Agency,56.2,0,4,1523588.92,380897.23,577630.33,5112.18,2024-05-01,2025-10-01,4,0,4,1,518,0.0,1,0,1,Global Investors,1.3163047392070832,-0.4332196858783169
C1921,Individual,Carolyn,Adams,1956-12-24,F,France,Provence,Home,5,No,Website,69.0,0,3,980793.6799999999,326931.2266666666,366009.11,3268.38,2024-12-01,2025-10-01,1,2,3,1,304,0.667,1,1,2,Personal-Use Buyers,-1.2342724026157936,0.36523864032336406
C1922,Individual,Jessica,Garcia,1988-01-09,F,Usa,California,Home,1,No,Agency,38.0,0,3,1549836.17,516612.05666666664,654336.12,4776.37,2024-02-01,2024-12-01,3,0,3,1,304,0.0,1,0,1,Global Investors,1.1354099604609549,2.5244647624274803
C1923,Individual,Sarah,Cooper,1947-03-07,F,Mexico,Jalisco,Investment,1,Yes,Client,78.8,1,4,1302917.16,325729.29,414731.61,4561.52,2024-06-01,2025-05-01,3,1,4,1,334,0.25,1,2,0,First-Time Buyers,0.3335002763903721,-0.23653779651507553
C1924,Individual,Joe,Cooper,1958-01-03,M,Usa,California,Home,3,No,Client,68.0,0,4,1453954.37,363488.5925,486561.68,5013.23,2024-01-01,2025-07-01,4,0,4,1,547,0.0,1,0,2,Global Investors,1.058522318464492,-0.5128787129747604
C1925,Individual,Jordan,Baker,1942-01-19,M,Usa,Colorado,Home,2,No,Agency,83.9,0,4,1165252.94,291313.235,407382.75,4372.2,2024-01-01,2024-12-01,3,1,4,1,335,0.25,1,1,2,Personal-Use Buyers,-0.08753559728952848,-0.9763119151712545
C1926,Individual,Joshua,Watson,1997-11-05,M,Mexico,Puebla,Home,1,Yes,Website,28.2,1,4,1238034.03,309508.5075,458341.23,4058.92,2024-05-01,2025-01-01,3,1,4,1,245,0.25,1,2,0,First-Time Buyers,-0.244387027884005,0.43740623567815023
C1927,Individual,Victoria,Long,1952-11-05,F,Usa,California,Investment,1,Yes,Website,73.2,1,4,1325474.94,331368.735,496630.54,5122.75,2024-11-01,2025-09-01,4,0,4,1,304,0.0,1,2,0,First-Time Buyers,0.6935196765361922,-0.48253473846727973
C1928,Individual,Paul,Scott,1998-02-20,M,Australia,New South Wales,Home,4,Yes,Client,27.9,1,3,741930.22,247310.07333333333,278982.99,2208.13,2024-01-01,2025-09-01,3,0,3,1,609,0.0,1,2,0,First-Time Buyers,-2.7986065845422434,-0.4866013634700613
C1929,Individual,Angela,Baker,1941-10-24,F,Mexico,Jalisco,Home,1,Yes,Agency,84.2,1,4,1329874.96,332468.74,437806.03,4508.7,2024-02-01,2025-08-01,4,0,4,1,547,0.0,1,2,0,First-Time Buyers,0.38978440120042074,-0.6240649768985612
C1930,Individual,Rachel,Adams,1966-01-22,F,Usa,Colorado,Investment,3,No,Agency,59.9,0,4,1184992.23,296248.0575,507885.52,3963.9500000000003,2024-09-01,2025-12-01,4,0,4,1,456,0.0,1,1,2,Personal-Use Buyers,-0.3079578637440212,-1.068420424729932
C1931,Individual,Melissa,Jackson,1995-05-01,F,Usa,Utah,Home,5,Yes,Website,30.7,1,4,1323884.1099999999,330971.02749999997,526514.11,4191.96,2024-06-01,2025-08-01,4,0,4,1,426,0.0,1,2,0,First-Time Buyers,0.21934807778599383,-0.44790639678346456
C1932,Individual,Dorothy,Allen,1962-05-13,F,Usa,California,Investment,2,No,Website,63.6,0,4,1713149.19,428287.2975,551780.87,5368.610000000001,2024-01-01,2025-07-01,4,0,4,1,547,0.0,1,0,1,Global Investors,1.9521696828584627,0.40530078319203616
C1933,Company,Oasis,Co,1994-04-05,F,Australia,Queensland,Home,1,No,Client,31.7,0,3,822428.05,274142.68333333335,413006.8,2555.61,2024-02-01,2025-10-01,2,1,3,1,608,0.333,1,1,2,Personal-Use Buyers,-2.419330431373613,0.6258899862141272
C1934,Individual,Noah,Montgomery,1978-03-25,M,France,Ile-De-France,Investment,4,Yes,Client,47.8,1,4,1719384.46,429846.115,639415.77,5691.97,2024-01-01,2024-11-01,3,1,4,1,305,0.25,1,0,0,Global Investors,2.1274894355835574,0.8848198228614254
C1935,Individual,Ashley,Young,1983-04-14,F,Usa,Arizona,Home,5,No,Website,42.7,0,3,1205890.37,401963.4566666667,460353.21,4071.58,2024-02-01,2025-10-01,2,1,3,1,608,0.333,1,1,2,Personal-Use Buyers,-0.16312700681231812,1.0640377455993868
C1936,Individual,Jeffrey,Brown,1984-02-24,M,Russia,Krasnodar Krai,Home,1,Yes,Agency,41.9,1,3,965899.1000000001,321966.3666666667,373735.42,2976.66,2024-08-01,2025-09-01,3,0,3,1,396,0.0,1,2,0,First-Time Buyers,-1.7269981850546827,0.5755883027165599
C1937,Individual,Ashley,Richardson,1961-03-16,F,Usa,Arizona,Home,3,Yes,Website,64.8,1,4,1707838.06,426959.515,553235.72,5677.28,2024-07-01,2025-11-01,3,1,4,1,488,0.25,1,0,0,Global Investors,2.151627428846101,0.707768862444124
C1938,Individual,Peter,Anderson,1973-07-28,M,Canada,Quebec,Home,4,Yes,Website,52.4,1,3,1154671.2,384890.39999999997,452275.63,3617.89,2025-02-01,2025-09-01,2,1,3,1,212,0.333,1,2,0,First-Time Buyers,-0.595528960221807,1.0297587662637826
C1939,Individual,Gloria,White,1979-06-09,F,Usa,Florida,Investment,1,Yes,Agency,46.6,1,3,674304.95,224768.31666666665,327053.12,2517.4300000000003,2024-02-01,2024-11-01,3,0,3,1,274,0.0,1,2,0,First-Time Buyers,-2.905210728575285,-0.5265886460294288
C1940,Individual,Barbara,Turner,1997-02-01,F,Canada,Manitoba,Home,4,No,Agency,28.9,0,4,1403901.1400000001,350975.28500000003,537290.74,4866.38,2024-01-01,2024-11-01,4,0,4,1,305,0.0,1,0,2,Global Investors,0.7218514651731721,-0.11894446706905067
C1941,Individual,Maria,James,1943-05-20,F,Usa,Nevada,Home,5,No,Client,82.6,0,4,1368615.25,342153.8125,446979.46,4561.52,2024-03-01,2024-07-01,4,0,4,1,122,0.0,1,0,2,Global Investors,0.6922401495472272,-1.3232563448819712
C1942,Company,Stratos,Co,1984-11-10,F,Usa,Nevada,Home,2,Yes,Agency,41.1,1,3,1133984.52,377994.84,543673.09,3939.48,2024-03-01,2025-01-01,3,0,3,1,306,0.0,1,2,0,First-Time Buyers,-0.6288594926060919,0.9971056630790056
C1943,Individual,Eric,Long,1973-01-04,M,Usa,Arizona,Home,1,No,Website,53.0,0,3,967521.23,322507.07666666666,400543.99,3128.13,2024-06-01,2025-09-01,3,0,3,1,457,0.0,1,1,2,Personal-Use Buyers,-1.5580309955805867,0.2290717214645083
C1944,Individual,Henry,Pierce,1986-02-15,M,Usa,California,Investment,1,No,Website,39.9,0,4,1971083.9300000002,492770.98250000004,607539.65,6410.68,2024-03-01,2025-12-01,4,0,4,1,640,0.0,1,0,1,Global Investors,3.1287672025478304,1.6568692342431854
C1945,Individual,Sean,Johnson,1967-02-26,M,Mexico,Mexico City,Investment,3,No,Website,58.8,0,4,1112541.88,278135.47,404942.23,3757.95,2024-04-01,2025-11-01,4,0,4,1,579,0.0,1,1,2,Personal-Use Buyers,-0.6145255578799067,-1.252047131296898
C1946,Individual,Mark,Bell,1955-01-15,M,Usa,California,Home,1,No,Agency,71.0,0,3,1056227.37,352075.79000000004,450915.03,3333.75,2024-02-01,2025-12-01,2,1,3,1,669,0.333,1,1,2,Personal-Use Buyers,-1.1135134696528364,0.7637635716944052
C1947,Individual,Walter,Mitchell,1979-02-02,M,Usa,Nevada,Home,3,No,Website,46.9,0,3,1247905.56,415968.52,470318.22,3985.41,2024-04-01,2025-12-01,3,0,3,1,609,0.0,1,0,1,Global Investors,-0.1425307404043386,0.9666948303894375
C1948,Individual,Melissa,Harris,1955-04-01,F,Usa,Arizona,Home,2,No,Agency,70.8,0,3,1530233.0,510077.6666666667,591831.53,4583.59,2024-02-01,2025-07-01,3,0,3,1,516,0.0,1,0,2,Global Investors,1.1088486886854294,1.7320693323675063
C1949,Individual,Christina,James,1955-07-20,F,Usa,Colorado,Home,2,Yes,Agency,70.5,1,3,1020270.72,340090.24,489550.72,3823.56,2024-05-01,2025-11-01,3,0,3,1,549,0.0,1,2,0,First-Time Buyers,-0.9699200990226405,0.09850823911595318
C1950,Individual,Edward,Weaver,1975-03-27,M,Usa,Ohio,Home,4,No,Agency,50.8,0,4,1033306.43,258326.6075,377128.4,3733.42,2024-06-01,2025-10-01,4,0,4,1,487,0.0,1,1,2,Personal-Use Buyers,-0.849496136689365,-1.4836409224471903
C1951,Individual,Alexander,Murray,1996-09-08,M,Usa,Utah,Home,1,Yes,Website,29.3,1,4,1128864.17,282216.0425,454474.49,3889.34,2024-04-01,2025-10-01,3,1,4,1,548,0.25,1,2,0,First-Time Buyers,-0.6290761823569474,0.11818760598396709
C1952,Company,Optima,Co,1992-05-06,M,Usa,Nevada,Home,3,No,Agency,33.7,0,3,1235262.65,411754.2166666666,575463.2,4354.610000000001,2024-01-01,2025-07-01,2,1,3,1,547,0.333,1,0,2,Global Investors,-0.044784321971620585,1.6889258829328881
C1953,Individual,Donald,Miller,1972-10-16,M,Germany,Bavaria,Home,1,Yes,Website,53.2,1,4,1199064.43,299766.1075,494656.28,3786.61,2024-02-01,2025-04-01,2,2,4,1,425,0.5,1,2,0,First-Time Buyers,-0.40788207713833363,0.2958855913261917
C1954,Individual,Judy,Roberts,1966-09-03,F,Australia,Western Australia,Investment,3,No,Website,59.3,0,3,809731.0700000001,269910.3566666667,334529.95,2699.97,2024-02-01,2025-07-01,3,0,3,1,516,0.0,1,1,2,Personal-Use Buyers,-2.2395281958985036,-0.7438617627533197
C1955,Individual,Benjamin,Wright,1998-05-20,M,Canada,Quebec,Home,1,No,Website,27.6,0,4,1707150.06,426787.515,462288.76,5521.04,2024-05-01,2025-07-01,4,0,4,1,426,0.0,1,0,1,Global Investors,1.8589429016653771,1.1828051883165887
C1956,Individual,Julie,Weaver,1967-08-21,F,Usa,Oregon,Home,2,No,Agency,58.4,0,4,1224023.79,306005.9475,608146.84,3682.83,2024-01-01,2025-07-01,2,2,4,1,547,0.5,1,1,2,Personal-Use Buyers,-0.3427845519376885,-0.012780839381657683
C1957,Individual,Adam,Howard,1962-09-24,M,Usa,California,Home,4,Yes,Website,63.3,1,4,1318838.26,329709.565,430163.14,4600.8,2024-04-01,2024-11-01,3,1,4,1,214,0.25,1,2,0,First-Time Buyers,0.4989303377787719,-0.4611296425953311
C1958,Individual,Susan,Foster,1970-10-09,F,Usa,California,Home,3,No,Website,55.2,0,4,1567012.19,391753.0475,640625.73,5148.219999999999,2024-03-01,2025-01-01,4,0,4,1,306,0.0,1,0,1,Global Investors,1.4341331193470577,-0.007164720304776235
C1959,Individual,Judy,Morales,1942-02-20,F,Usa,Texas,Home,1,No,Website,83.9,0,3,626084.02,208694.67333333334,304533.78,2259.94,2024-07-01,2024-12-01,3,0,3,1,153,0.0,1,1,2,Personal-Use Buyers,-3.03303628443099,-1.4761013627343504
C1960,Individual,Dorothy,Brown,1987-08-02,F,Usa,Colorado,Home,2,Yes,Website,38.4,1,3,1196488.96,398829.6533333333,529520.87,4051.48,2024-05-01,2024-09-01,3,0,3,1,123,0.0,1,2,0,First-Time Buyers,-0.3456947526357897,1.226283064488843
C1961,Individual,William,Campbell,1994-09-26,M,Usa,California,Home,5,No,Agency,31.3,0,4,1289265.38,322316.345,501471.56,4553.99,2024-10-01,2025-10-01,4,0,4,1,365,0.0,1,1,2,Personal-Use Buyers,0.28819300330412273,-0.6465787485004791
C1962,Individual,Kimberly,Harris,1995-08-01,F,Mexico,Puebla,Home,5,No,Agency,30.4,0,3,971475.24,323825.08,398527.61,3324.31,2024-06-01,2025-07-01,3,0,3,1,395,0.0,1,1,2,Personal-Use Buyers,-1.4212032684396259,-0.009902215030837897
C1963,Company,Terova,Co,1968-03-01,M,Usa,Texas,Home,5,No,Website,57.8,0,3,983925.13,327975.04333333333,435919.77,3272.3199999999997,2024-06-01,2025-06-01,3,0,3,1,365,0.0,1,1,2,Personal-Use Buyers,-1.2771666201305472,-0.4609546549674686
C1964,Individual,Kevin,Martin,1972-06-17,M,Usa,Virginia,Home,5,No,Agency,53.5,0,3,1149434.67,383144.88999999996,501520.52,4077.7200000000003,2024-06-01,2025-05-01,2,1,3,1,334,0.333,1,1,2,Personal-Use Buyers,-0.3396026865560986,0.7111058398583596
C1965,Individual,Sean,Wright,1997-01-09,M,Usa,California,Home,4,No,Agency,29.0,0,3,1489053.39,496351.12999999995,517834.79,4737.9400000000005,2024-04-01,2024-09-01,2,1,3,1,153,0.333,1,0,1,Global Investors,1.007534312359752,2.469149238944621
C1966,Individual,Ronald,Howard,1964-02-10,M,Canada,British Columbia,Home,1,No,Agency,61.9,0,4,1210176.2,302544.05,487865.86,4446.59,2024-10-01,2025-11-01,2,2,4,1,396,0.5,1,1,2,Personal-Use Buyers,-0.027444655169408867,0.0803044942819492
C1967,Individual,Roger,Bryant,1957-10-09,M,Usa,Oregon,Investment,4,No,Agency,68.2,0,3,747143.37,249047.79,340611.95,2577.79,2024-01-01,2024-06-01,3,0,3,1,152,0.0,1,1,2,Personal-Use Buyers,-2.456198214146854,-1.2704998812639936
C1968,Individual,Judy,Griffin,1958-11-02,F,Usa,California,Investment,3,Yes,Client,67.2,1,3,987718.99,329239.66333333333,421709.56,3218.1800000000003,2024-01-01,2025-06-01,3,0,3,1,517,0.0,1,2,0,First-Time Buyers,-1.3691816833028165,-0.14423467353088884
C1969,Individual,Jesse,James,1993-06-14,M,Usa,Colorado,Investment,2,Yes,Agency,32.5,1,4,1030940.4299999999,257735.10749999998,462830.35,3418.32,2024-01-01,2025-10-01,3,1,4,1,639,0.25,1,2,0,First-Time Buyers,-1.1509883369297218,-0.33746827181178846
C1970,Individual,Raymond,Howard,1978-02-25,M,Usa,Arizona,Investment,4,Yes,Website,47.8,1,3,1346312.7000000002,448770.9000000001,576990.75,4085.23,2025-02-01,2025-11-01,2,1,3,1,273,0.333,1,2,0,First-Time Buyers,0.2692621871067748,1.7565157428506633
C1971,Individual,Emma,Jordan,1976-07-18,F,Usa,Virginia,Home,5,No,Website,49.5,0,3,673422.3200000001,224474.1066666667,274917.87,2326.7,2024-06-01,2025-07-01,3,0,3,1,395,0.0,1,1,2,Personal-Use Buyers,-2.8146479024349818,-1.404336691736908
C1972,Individual,Carol,Wilson,1972-01-05,F,Usa,California,Home,4,Yes,Website,54.0,1,3,943260.84,314420.27999999997,478022.04,3232.0,2024-01-01,2025-09-01,2,1,3,1,609,0.333,1,2,0,First-Time Buyers,-1.4677917215941756,0.2553226473573824
C1973,Company,Oasis,Co,1993-09-13,M,Usa,Washington,Home,4,Yes,Agency,32.3,1,4,1450499.68,362624.92,413926.08,4859.13,2024-01-01,2025-11-01,3,1,4,1,670,0.25,1,2,0,First-Time Buyers,0.8871505460935164,0.44296832444143924
C1974,Individual,Keith,Peterson,1950-04-09,M,Usa,Nevada,Home,5,Yes,Agency,75.7,1,4,968686.8500000001,242171.71250000002,431287.44,3238.63,2024-04-01,2025-09-01,3,1,4,1,518,0.25,1,2,0,First-Time Buyers,-1.1740721844988697,-1.7403188403552472
C1975,Individual,Dorothy,Campbell,1975-08-05,F,Belgium,Wallonia,Home,4,No,Agency,50.4,0,3,985031.21,328343.73666666663,454364.35,3071.6400000000003,2024-01-01,2025-05-01,2,1,3,1,486,0.333,1,1,2,Personal-Use Buyers,-1.4595233742298686,0.37184158754512414
C1976,Individual,Albert,Wilson,1995-05-03,M,Usa,Florida,Home,5,No,Client,30.7,0,4,1146120.65,286530.1625,503445.63,4121.16,2024-06-01,2025-04-01,4,0,4,1,304,0.0,1,1,2,Personal-Use Buyers,-0.34296712818346714,-1.0304688420883925
C1977,Individual,Jason,Bennett,1994-04-07,M,Usa,Virginia,Home,1,No,Website,31.7,0,4,2001430.4300000002,500357.60750000004,608264.77,6308.93,2024-01-01,2025-07-01,3,1,4,1,547,0.25,1,0,1,Global Investors,3.1617250704460966,2.2542803681172834
C1978,Company,Summit,Co,1967-02-06,F,Usa,California,Investment,5,Yes,Website,58.9,1,3,1205900.67,401966.88999999996,433524.31,3870.26,2024-05-01,2025-07-01,2,1,3,1,426,0.333,1,2,0,First-Time Buyers,-0.2343855820792857,0.9227720075910489
C1979,Individual,Brian,Richardson,1942-05-25,M,Usa,Colorado,Home,3,Yes,Agency,83.6,1,4,1287568.79,321892.1975,430285.43,4058.92,2024-02-01,2025-03-01,3,1,4,1,394,0.25,1,2,0,First-Time Buyers,0.12917053901598802,-0.6964249156199693
C1980,Individual,Barbara,Green,1956-05-09,F,Usa,Texas,Investment,4,No,Website,69.6,0,4,1579565.09,394891.2725,588343.01,4915.33,2024-03-01,2025-08-01,4,0,4,1,518,0.0,1,0,2,Global Investors,1.4185293149377916,-0.3860347706497603
C1981,Individual,Sarah,Flores,1992-12-09,F,Canada,Quebec,Home,5,No,Agency,33.1,0,4,1440160.68,360040.17,498028.07,4983.74,2024-01-01,2025-07-01,3,1,4,1,547,0.25,1,0,2,Global Investors,0.948208372395604,0.11834833255434112
C1982,Individual,Jose,Long,1947-09-05,M,Usa,California,Home,4,Yes,Website,78.3,1,3,1545398.56,515132.85333333333,553675.21,5008.04,2024-01-01,2024-11-01,2,1,3,1,305,0.333,1,0,0,Global Investors,1.5095540695504188,1.92987025382196
C1983,Individual,Ryan,Reed,1961-03-13,M,Uk,Northern Ireland,Home,3,No,Website,64.8,0,4,1317304.52,329326.13,411125.74,4281.9,2024-07-01,2025-10-01,3,1,4,1,457,0.25,1,1,1,Personal-Use Buyers,0.294778081150888,-0.42877893778791226
C1984,Individual,Jesse,Watson,1956-10-18,M,Usa,California,Home,4,No,Website,69.2,0,3,846287.21,282095.73666666663,315840.76,2983.56,2024-01-01,2024-10-01,3,0,3,1,274,0.0,1,1,2,Personal-Use Buyers,-1.8776442362413377,-0.969694575958972
C1985,Individual,Gregory,Bell,1963-05-11,M,Uk,Scotland,Home,1,Yes,Agency,62.6,1,4,1149379.8599999999,287344.96499999997,344251.82,4058.92,2024-05-01,2025-12-01,2,2,4,1,579,0.5,1,2,0,First-Time Buyers,-0.40374194172652195,0.03397314823671564
C1986,Individual,Thomas,Griffin,1977-04-23,M,Usa,New York,Investment,1,No,Website,48.7,0,4,1442798.93,360699.7325,524650.21,4614.23,2024-05-01,2025-10-01,4,0,4,1,518,0.0,1,0,2,Global Investors,0.698525977747343,0.11316804849072735
C1987,Individual,Douglas,Davis,1986-10-18,M,Belgium,Wallonia,Investment,5,No,Website,39.2,0,4,1316082.96,329020.74,515152.93,4416.69,2024-04-01,2025-12-01,3,1,4,1,609,0.25,1,1,2,Personal-Use Buyers,0.33652149596344677,-0.3404158739348157
C1988,Individual,Henry,Thompson,1994-09-19,M,Usa,California,Home,5,Yes,Website,31.3,1,4,1301018.95,325254.7375,409994.99,3888.98,2024-11-01,2025-12-01,4,0,4,1,395,0.0,1,2,0,First-Time Buyers,-0.001995441480414757,-0.519580837954993
C1989,Individual,William,Montgomery,1959-11-19,M,Usa,Texas,Home,3,No,Agency,66.1,0,4,1380788.8599999999,345197.21499999997,505173.86,4541.3,2024-08-01,2025-10-01,3,1,4,1,426,0.25,1,0,2,Global Investors,0.6007664306017145,-0.2773757275339094
C1990,Individual,Scott,Howard,1976-11-28,M,Usa,Texas,Investment,5,No,Agency,49.1,0,3,1253745.81,417915.27,566711.76,3910.42,2024-08-01,2025-03-01,3,0,3,1,212,0.0,1,0,2,Global Investors,-0.12585326631010593,0.6384159728532034
C1991,Individual,Susan,Reed,1950-07-09,F,Usa,California,Home,3,No,Website,75.5,0,4,1134341.88,283585.47,405445.85,3601.56,2024-02-01,2024-12-01,3,1,4,1,304,0.25,1,1,2,Personal-Use Buyers,-0.5407372997038341,-1.1122539259671187
C1992,Individual,Rachel,Hansen,1943-01-19,F,Usa,Texas,Home,3,Yes,Website,82.9,1,3,1266058.76,422019.58666666667,471352.97,4335.24,2024-11-01,2025-07-01,1,2,3,1,242,0.667,1,2,0,First-Time Buyers,0.2403565009464842,1.5629746284902153
C1993,Individual,Douglas,Thompson,1985-06-09,M,Usa,New York,Home,2,No,Website,40.6,0,3,1385369.38,461789.7933333333,549422.32,4363.23,2025-04-01,2025-08-01,2,1,3,1,122,0.333,1,0,1,Global Investors,0.4687973196835851,2.2257582657272854
C1994,Individual,Nicole,Miller,1994-07-21,F,Usa,Oregon,Investment,3,Yes,Website,31.4,1,3,1257875.21,419291.73666666663,498128.56,4363.23,2024-09-01,2025-06-01,3,0,3,1,273,0.0,1,2,0,First-Time Buyers,0.01913615999295975,1.391267258200738
C1995,Individual,Michelle,Scott,1993-03-05,F,Usa,California,Investment,4,No,Agency,32.8,0,4,1044043.64,261010.91,348872.01,3623.01,2024-05-01,2025-07-01,3,1,4,1,426,0.25,1,1,2,Personal-Use Buyers,-0.930191413355513,-0.7683816911485719
C1996,Individual,Samantha,Brooks,1992-06-20,F,Usa,Nevada,Home,1,Yes,Website,33.5,1,4,1151831.48,287957.87,568415.25,4109.3,2024-01-01,2024-11-01,4,0,4,1,305,0.0,1,2,0,First-Time Buyers,-0.4485712196534228,-0.27279014856088607
C1997,Individual,Matthew,Cox,1942-09-27,M,Usa,Arizona,Home,4,Yes,Website,83.3,1,4,1101825.4,275456.35,484864.24,3641.68,2024-09-01,2025-09-01,2,2,4,1,365,0.5,1,2,0,First-Time Buyers,-0.5491053332764896,-0.9925255678239141
C1998,Individual,Mark,Patterson,1963-09-13,M,Usa,Virginia,Home,5,Yes,Website,62.3,1,3,1023688.56,341229.52,431674.94,3421.2,2024-02-01,2025-10-01,3,0,3,1,608,0.0,1,2,0,First-Time Buyers,-1.062453649155708,-0.283170982771804
C1999,Individual,Lawrence,Montgomery,1944-06-15,M,Usa,Ohio,Home,4,Yes,Client,81.5,1,3,838587.38,279529.12666666665,455786.14,2757.14,2024-05-01,2025-07-01,3,0,3,1,426,0.0,1,2,0,First-Time Buyers,-2.0083540416954455,-1.073294467571196
C2000,Individual,Amanda,James,1996-03-24,F,Usa,Georgia,Home,1,Yes,Agency,29.8,1,3,913528.5,304509.5,364977.97,3100.45,2024-05-01,2024-06-01,3,0,3,1,31,0.0,1,2,0,First-Time Buyers,-1.8587769103358383,0.5841802399303736
